freq,int_doh,int_d2o,cluster
6000.18333333,0.00002415,0.00001849,3
6001.35000000,0.00002407,0.00002658,7
6005.85000000,0.00027377,0.00015668,1
6010.00000000,0.00056420,0.00034144,1
6015.61666667,0.00039766,0.00033186,5
6016.68333333,0.00003071,0.00001197,0
6020.00000000,0.00259532,0.00175943,8
6025.00000000,0.00073451,0.00047144,8
6025.40000000,0.00004064,0.00007702,16
6026.15833333,0.00007844,0.00008373,7
6030.00000000,0.00032098,0.00023357,3
6035.00000000,0.00002771,0.00001216,2
6040.00000000,0.00403289,0.00283083,3
6044.93333333,0.00007194,0.00006566,5
6050.00000000,0.00241847,0.00082717,0
6054.68333333,0.00106293,0.00063176,1
6055.00000000,0.00002162,0.00003418,11
6060.00000000,0.00478260,0.00341102,3
6064.44166667,0.00028717,0.00027222,5
6065.00000000,0.00004672,0.00002360,2
6070.00000000,0.00036023,0.00018960,20
6074.21666667,0.00004654,0.00009055,13
6075.00000000,0.00034378,0.00023461,8
6079.09166667,0.00004210,0.00003398,3
6080.00000000,0.00313977,0.00262377,5
6082.10000000,0.00004949,0.00004920,7
6085.00000000,0.00002902,0.00002024,3
6088.86666667,0.00002111,0.00002456,24
6090.00000000,0.00049111,0.00025089,2
6093.75000000,0.00026656,0.00020144,3
6095.00000000,0.00004363,0.00004300,7
6100.00000000,0.00296149,0.00045210,25
6103.51666667,0.00036815,0.00026591,3
6103.65000000,0.00002143,0.00001830,5
6104.99166667,0.00002765,0.00001590,1
6110.00000000,0.00020176,0.00018434,5
6113.26666667,0.00015660,0.00014755,5
6113.27500000,0.00015655,0.00014946,5
6115.00000000,0.00009503,0.00004573,2
6116.74166667,0.00002388,0.00004828,13
6120.00000000,0.00166872,0.00099520,1
6120.71666667,0.00014692,0.00006709,2
6120.74166667,0.00016279,0.00007638,2
6123.04166667,0.00004941,0.00010272,13
6125.00000000,0.00102809,0.00033331,23
6127.92500000,0.00002392,0.00001258,20
6127.94166667,0.00002281,0.00001307,1
6129.75833333,0.00011445,0.00005273,2
6129.77500000,0.00011869,0.00005986,2
6130.00000000,0.00032381,0.00010809,0
6132.80000000,0.00004787,0.00003919,3
6134.80833333,0.00007401,0.00005847,3
6135.00000000,0.00005058,0.00004188,5
6136.09166667,0.00093155,0.00071014,3
6140.00000000,0.00176008,0.00134342,3
6141.35000000,0.00011666,0.00007733,8
6141.38333333,0.00009858,0.00006778,8
6142.59166667,0.00004540,0.00004076,5
6150.00000000,0.00161896,0.00098355,1
6150.13333333,0.00003887,0.00002465,1
6150.17500000,0.00004303,0.00002748,8
6152.35000000,0.00010059,0.00009083,5
6155.00000000,0.00002521,0.00004195,11
6155.32500000,0.00008551,0.00002909,0
6155.33333333,0.00008584,0.00002886,0
6160.00000000,0.00043384,0.00030314,3
6162.10833333,0.00005796,0.00004715,3
6164.77500000,0.00011696,0.00018839,11
6165.00000000,0.00002694,0.00001630,1
6167.31666667,0.00007914,0.00008071,7
6170.00000000,0.00017115,0.00009160,1
6171.87500000,0.00004948,0.00007537,11
6175.00000000,0.00013732,0.00041619,12
6180.00000000,0.00020715,0.00026115,9
6183.32500000,0.00007933,0.00004956,1
6183.33333333,0.00008000,0.00004992,1
6187.40833333,0.00002315,0.00002404,7
6187.56666667,0.00002409,0.00002406,7
6190.00833333,0.00003169,0.00004559,11
6191.40000000,0.00004853,0.00003451,3
6200.00000000,0.00238999,0.00086289,0
6201.17500000,0.00011048,0.00007553,8
6205.00000000,0.00004518,0.00001441,4
6210.00000000,0.00005057,0.00002878,1
6210.95833333,0.00005849,0.00002619,2
6220.00000000,0.00034638,0.00019439,1
6220.70000000,0.00002334,0.00003501,11
6225.00000000,0.00011076,0.00016129,11
6226.08333333,0.00004146,0.00002905,3
6230.00000000,0.00019093,0.00015131,3
6230.65833333,0.00068343,0.00036995,1
6230.67500000,0.00066808,0.00035819,1
6240.00000000,0.00026748,0.00005049,6
6240.22500000,0.00004769,0.00003786,3
6240.24166667,0.00004738,0.00003682,3
6240.46666667,0.00042490,0.00072733,16
6240.47500000,0.00042485,0.00072999,16
6245.00833333,0.00002998,0.00004050,9
6248.96666667,0.00002337,0.00001721,3
6249.20833333,0.00001983,0.00003116,11
6249.25833333,0.00002542,0.00002198,5
6249.35833333,0.00003268,0.00002514,3
6249.40833333,0.00002034,0.00001445,3
6249.45833333,0.00003258,0.00002665,3
6249.50833333,0.00004911,0.00002637,1
6249.55000000,0.00002612,0.00002968,7
6249.60000000,0.00006194,0.00003914,1
6249.64166667,0.00003868,0.00003880,7
6249.69166667,0.00006858,0.00005542,3
6249.73333333,0.00009663,0.00006771,3
6249.80833333,0.00013802,0.00010836,3
6249.84166667,0.00025389,0.00021170,5
6250.00000000,0.52471541,0.42579040,3
6250.19166667,0.00015405,0.00011932,3
6250.26666667,0.00011233,0.00008528,3
6250.31666667,0.00007126,0.00003638,2
6250.35833333,0.00004391,0.00004859,7
6250.40000000,0.00006974,0.00003931,1
6250.49166667,0.00005358,0.00002826,20
6250.59166667,0.00002126,0.00001426,8
6250.64166667,0.00004156,0.00002845,8
6250.73333333,0.00002706,0.00001398,2
6250.79166667,0.00002219,0.00003045,9
6250.94166667,0.00002569,0.00001374,1
6251.18333333,0.00002650,0.00001598,1
6251.48333333,0.00002663,0.00002249,5
6251.58333333,0.00002670,0.00002168,3
6259.53333333,0.00014390,0.00005229,0
6259.76666667,0.00006296,0.00004986,3
6259.77500000,0.00006506,0.00004907,3
6260.00000000,0.00030845,0.00006064,6
6269.32500000,0.00083549,0.00048782,1
6269.33333333,0.00085489,0.00049046,1
6269.51666667,0.00002592,0.00003450,9
6269.53333333,0.00002443,0.00003652,11
6270.00000000,0.00013756,0.00013424,21
6275.00000000,0.00004034,0.00005540,9
6280.00000000,0.00041449,0.00027342,8
6285.00000000,0.00003155,0.00002681,5
6289.06666667,0.00004901,0.00004508,5
6289.07500000,0.00004806,0.00004447,5
6290.00000000,0.00010313,0.00004245,0
6294.99166667,0.00002325,0.00001610,8
6298.82500000,0.00012140,0.00008859,3
6298.83333333,0.00012282,0.00008962,3
6300.00000000,0.00491913,0.00296682,1
6305.00000000,0.00006631,0.00003323,2
6308.60833333,0.00005603,0.00005079,5
6310.00000000,0.00016685,0.00010083,1
6315.41666667,0.00043391,0.00038736,5
6320.00000000,0.00027127,0.00034949,9
6323.22500000,0.00003667,0.00001283,0
6325.00000000,0.00079028,0.00052396,8
6328.12500000,0.00003551,0.00005235,11
6330.00000000,0.00007154,0.00013856,13
6332.68333333,0.00005752,0.00008305,11
6335.22500000,0.00009274,0.00013422,11
6337.90000000,0.00006132,0.00005377,5
6340.00000000,0.00034421,0.00010082,4
6344.66666667,0.00020372,0.00010587,2
6345.00000000,0.00007285,0.00004602,1
6347.66666667,0.00009966,0.00008044,3
6347.67500000,0.00009829,0.00007912,3
6349.83333333,0.00005833,0.00005137,5
6350.00000000,0.00283419,0.00276020,21
6350.26666667,0.00002399,0.00001552,8
6350.29166667,0.00002633,0.00001388,20
6350.61666667,0.00002317,0.00002185,5
6350.64166667,0.00002246,0.00002285,7
6356.74166667,0.00004842,0.00004402,5
6357.42500000,0.00005466,0.00004282,3
6357.43333333,0.00005401,0.00004224,3
6358.65000000,0.00010524,0.00005721,1
6360.00000000,0.00008521,0.00005309,1
6363.90833333,0.00105992,0.00052213,2
6365.00000000,0.00010266,0.00002586,4
6365.19166667,0.00007445,0.00006399,5
6367.20833333,0.00452801,0.00434212,5
6370.00000000,0.00026621,0.00012880,2
6370.20000000,0.00012070,0.00002916,4
6372.05833333,0.00002934,0.00002285,3
6372.07500000,0.00003163,0.00002169,8
6375.00000000,0.00164836,0.00072932,2
6375.16666667,0.00003752,0.00001628,2
6379.23333333,0.00016136,0.00008733,1
6380.00000000,0.00083045,0.00060867,3
6385.00000000,0.00022627,0.00010425,2
6386.72500000,0.00009354,0.00008433,5
6390.00000000,0.00005859,0.00010937,16
6394.64166667,0.00002534,0.00002186,5
6395.00000000,0.00002816,0.00001561,1
6396.35000000,0.00002722,0.00001849,8
6396.48333333,0.00032255,0.00025339,3
6399.46666667,0.00005040,0.00004146,3
6400.00000000,0.00142256,0.00024209,6
6403.50833333,0.00033864,0.00027600,3
6405.00000000,0.00005815,0.00006771,24
6406.25833333,0.00011143,0.00008864,3
6410.00000000,0.00020813,0.00019024,5
6417.90000000,0.00003525,0.00004216,9
6420.00000000,0.00110235,0.00082741,3
6420.90000000,0.00002899,0.00003176,7
6425.00000000,0.00126245,0.00046339,0
6430.00000000,0.00031679,0.00018788,1
6433.80833333,0.00004042,0.00004878,9
6434.19166667,0.00070167,0.00001911,14
6435.55833333,0.00011910,0.00010455,5
6440.00000000,0.00355678,0.00262340,3
6441.71666667,0.00004225,0.00004467,7
6445.00000000,0.00008279,0.00002969,0
6445.31666667,0.00052733,0.00042963,3
6450.00000000,0.00290136,0.00173282,1
6451.03333333,0.00002038,0.00001868,5
6455.05833333,0.00003608,0.00001774,2
6455.08333333,0.00003173,0.00002002,1
6460.00000000,0.00315702,0.00234641,3
6469.70000000,0.00002289,0.00001562,8
6470.00000000,0.00033896,0.00019922,1
6470.58333333,0.00008096,0.00009486,24
6472.00833333,0.00002937,0.00006631,13
6473.85000000,0.00005877,0.00005180,5
6475.00000000,0.00020015,0.00021257,7
6475.72500000,0.00002587,0.00007201,12
6477.10000000,0.00002523,0.00001796,3
6480.00000000,0.00135374,0.00121471,5
6480.49166667,0.00002398,0.00003222,9
6483.33333333,0.00003069,0.00002433,3
6484.37500000,0.00007890,0.00005685,3
6485.00000000,0.00004491,0.00005882,9
6485.16666667,0.00002467,0.00001277,2
6490.00000000,0.00079447,0.00062423,3
6493.97500000,0.00007906,0.00006196,3
6494.14166667,0.00013887,0.00010585,3
6494.59166667,0.00009733,0.00008366,5
6497.79166667,0.00002118,0.00002443,7
6500.00000000,0.00056984,0.00130551,13
6503.90000000,0.00002691,0.00001640,1
6504.55833333,0.00016460,0.00009537,1
6505.00000000,0.00004172,0.00005341,9
6506.22500000,0.00002254,0.00002269,7
6506.26666667,0.00002016,0.00002562,9
6506.91666667,0.00005888,0.00005690,5
6510.00000000,0.00044573,0.00036567,3
6510.42500000,0.00052253,0.00044338,5
6510.85000000,0.00003701,0.00004140,7
6512.50000000,0.00009778,0.00003803,0
6520.00000000,0.00270487,0.00222187,3
6524.01666667,0.00005408,0.00005250,5
6525.00000000,0.00079013,0.00012427,6
6528.04166667,0.00006730,0.00004842,3
6529.71666667,0.00001981,0.00002886,11
6530.00000000,0.00024449,0.00009876,0
6533.19166667,0.00004253,0.00002178,2
6540.00000000,0.00207223,0.00158495,3
6542.96666667,0.00023927,0.00018105,3
6542.97500000,0.00023777,0.00017890,3
6545.00833333,0.00003063,0.00005604,16
6547.87500000,0.00017756,0.00017800,7
6550.00000000,0.00130786,0.00051733,0
6552.72500000,0.00002415,0.00001963,3
6552.73333333,0.00002461,0.00001932,3
6555.91666667,0.00002899,0.00002766,5
6560.00000000,0.00127621,0.00095299,3
6564.21666667,0.00012174,0.00005473,2
6564.30000000,0.00015831,0.00005498,0
6564.33333333,0.00013482,0.00005159,0
6565.00833333,0.00006381,0.00001220,6
6567.82500000,0.00002883,0.00017175,17
6567.84166667,0.00002778,0.00017720,17
6570.00000000,0.00027670,0.00023139,5
6571.51666667,0.00002673,0.00004835,16
6574.17500000,0.00002382,0.00011203,27
6575.00000000,0.00020130,0.00017188,5
6580.00000000,0.00226291,0.00177333,3
6582.02500000,0.00004150,0.00002451,1
6582.03333333,0.00004091,0.00002457,1
6583.21666667,0.00003670,0.00013087,15
6585.00000000,0.00007431,0.00003256,2
6590.00000000,0.00040884,0.00012895,4
6591.79166667,0.00014231,0.00011955,5
6600.00000000,0.00405960,0.00220590,1
6601.55833333,0.00002567,0.00001657,8
6604.97500000,0.00007103,0.00003741,20
6610.00000000,0.00065471,0.00032674,2
6616.21666667,0.00002280,0.00001555,8
6620.00000000,0.00214014,0.00161849,3
6620.61666667,0.00006516,0.00005674,5
6620.62500000,0.00006570,0.00005644,5
6625.00000000,0.00041710,0.00025137,1
6630.00000000,0.00049594,0.00027224,1
6630.75833333,0.00002905,0.00015184,17
6630.83333333,0.00003324,0.00007415,13
6631.75833333,0.00002160,0.00005837,12
6637.45833333,0.00002239,0.00007684,15
6638.46666667,0.00003448,0.00010434,12
6638.47500000,0.00003436,0.00010503,12
6640.00000000,0.00192269,0.00153859,3
6640.62500000,0.00036704,0.00030557,5
6645.00000000,0.00003565,0.00004872,9
6650.00000000,0.00065118,0.00113151,16
6660.00000000,0.00264962,0.00183822,8
6665.00833333,0.00018155,0.00002788,6
6668.35000000,0.00003235,0.00002213,8
6668.96666667,0.00003556,0.00003230,5
6668.97500000,0.00003551,0.00003259,5
6670.00000000,0.00078905,0.00021953,4
6675.00000000,0.00140886,0.00116698,5
6679.66666667,0.00004584,0.00003342,3
6679.68333333,0.00004970,0.00003071,1
6680.00000000,0.00336636,0.00241442,3
6684.99166667,0.00002828,0.00003758,9
6689.45000000,0.00012853,0.00011289,5
6690.00000000,0.00064156,0.00052475,3
6699.21666667,0.00003252,0.00002045,1
6699.23333333,0.00003135,0.00002184,8
6700.00000000,0.00317631,0.00279282,5
6705.00000000,0.00012784,0.00004501,0
6710.00000000,0.00089467,0.00049324,1
6713.84166667,0.00002624,0.00001946,3
6716.16666667,0.00004617,0.00001445,4
6716.17500000,0.00004787,0.00001439,4
6716.25833333,0.00006826,0.00001543,6
6716.27500000,0.00006296,0.00001710,4
6718.75000000,0.00005245,0.00003776,3
6720.00000000,0.00207963,0.00137185,8
6725.00000000,0.00015620,0.00015857,7
6725.84166667,0.00006687,0.00002974,2
6730.00000000,0.00043871,0.00015880,0
6731.95833333,0.00006422,0.00002242,0
6732.04166667,0.00009424,0.00002783,4
6735.00833333,0.00007291,0.00001874,4
6735.86666667,0.00002324,0.00002484,7
6738.27500000,0.00015642,0.00014074,5
6738.74166667,0.00006992,0.00006790,5
6739.47500000,0.00008668,0.00008744,7
6740.00000000,0.00211512,0.00144056,8
6743.66666667,0.00026141,0.00009606,0
6743.67500000,0.00027646,0.00009595,0
6743.73333333,0.00032858,0.00008264,4
6747.95833333,0.00010308,0.00001947,6
6748.03333333,0.00004793,0.00003423,3
6748.87500000,0.00025379,0.00027568,7
6749.99166667,0.00120953,0.00097769,3
6750.15833333,0.00002080,0.00002186,7
6750.17500000,0.00002133,0.00002047,5
6760.00000000,0.00246109,0.00206030,5
6765.00000000,0.00005459,0.00007572,9
6768.30833333,0.00024269,0.00005101,6
6770.00000000,0.00029152,0.00026456,5
6770.52500000,0.00002661,0.00001323,2
6771.60833333,0.00012568,0.00002267,6
6775.00000000,0.00004607,0.00020865,15
6777.34166667,0.00002052,0.00002603,9
6780.00000000,0.00218182,0.00176124,3
6783.21666667,0.00003945,0.00003426,5
6783.25833333,0.00004851,0.00004063,5
6785.00000000,0.00004350,0.00002144,2
6787.10833333,0.00017737,0.00013914,3
6790.00000000,0.00022526,0.00014732,8
6796.87500000,0.00007087,0.00006345,5
6798.08333333,0.00007084,0.00003330,2
6800.00000000,0.00150063,0.00092944,1
6809.75000000,0.00006418,0.00004473,3
6810.00000000,0.00008986,0.00012092,9
6815.00000000,0.00002878,0.00002484,5
6820.00000000,0.00063596,0.00065444,7
6823.63333333,0.00015330,0.00012474,3
6825.00000000,0.00015396,0.00003148,6
6826.17500000,0.00002927,0.00003594,9
6830.00000000,0.00011426,0.00014765,9
6831.60000000,0.00002863,0.00008457,12
6835.01666667,0.00004211,0.00001484,0
6835.71666667,0.00003895,0.00004560,24
6835.72500000,0.00004046,0.00004667,7
6835.93333333,0.00153552,0.00147411,5
6836.93333333,0.00002649,0.00008316,12
6840.00000000,0.00050475,0.00045743,5
6841.26666667,0.00002571,0.00002630,7
6842.91666667,0.00002376,0.00002902,9
6845.00000000,0.00007310,0.00004373,1
6845.03333333,0.00006095,0.00005044,5
6850.00000000,0.00051903,0.00070433,9
6853.20000000,0.00009145,0.00006518,3
6854.94166667,0.00034273,0.00042474,9
6855.18333333,0.00002953,0.00001187,0
6858.57500000,0.00008668,0.00002298,4
6858.64166667,0.00003248,0.00003409,7
6860.00000000,0.00051134,0.00046426,5
6860.43333333,0.00613718,0.00188888,4
6862.34166667,0.00010080,0.00008238,3
6863.75000000,0.00005198,0.00001616,4
6865.00000000,0.00009745,0.00005719,1
6870.00000000,0.00027340,0.00012514,2
6870.66666667,0.00003615,0.00003624,7
6870.67500000,0.00003511,0.00003540,7
6875.00000000,0.00135673,0.00022570,6
6879.77500000,0.00002118,0.00001403,8
6880.00000000,0.00089667,0.00099212,7
6884.76666667,0.00010020,0.00008485,5
6884.77500000,0.00009992,0.00008454,5
6890.00000000,0.00030620,0.00016539,1
6893.01666667,0.00002062,0.00003036,11
6893.03333333,0.00002129,0.00003125,11
6899.03333333,0.00006692,0.00005860,5
6899.73333333,0.00004542,0.00005573,9
6899.81666667,0.00009007,0.00007133,3
6899.86666667,0.00014930,0.00005249,0
6900.00000000,0.00082869,0.00240932,12
6907.20833333,0.00002986,0.00001515,2
6909.78333333,0.00011040,0.00010220,5
6910.00000000,0.00026757,0.00014939,1
6910.29166667,0.00008769,0.00004737,1
6919.11666667,0.00006295,0.00004849,3
6919.12500000,0.00006489,0.00004922,3
6919.24166667,0.00002121,0.00001686,3
6920.00000000,0.00156186,0.00167131,7
6925.00000000,0.00018944,0.00033430,16
6930.00000000,0.00010947,0.00003936,0
6932.36666667,0.00932515,0.00853352,5
6933.60000000,0.00014561,0.00011903,3
6938.32500000,0.00003713,0.00003880,7
6938.35000000,0.00003216,0.00004143,9
6940.00000000,0.00081346,0.00101580,9
6943.25833333,0.00002611,0.00003186,9
6945.02500000,0.00003360,0.00002234,8
6946.17500000,0.00011401,0.00008466,3
6947.35833333,0.00004676,0.00002691,1
6949.21666667,0.00020381,0.00052528,12
6949.25000000,0.00025929,0.00067333,12
6950.00000000,0.00256825,0.00372874,11
6953.12500000,0.00005968,0.00004183,3
6954.98333333,0.00002741,0.00004535,11
6957.55833333,0.00002155,0.00001350,1
6960.00000000,0.00075622,0.00094555,9
6965.00000000,0.00009137,0.00003028,0
6969.08333333,0.00653775,0.00146623,6
6969.61666667,0.00024523,0.00022787,5
6970.00000000,0.00012427,0.00004967,0
6971.46666667,0.00003108,0.00001343,2
6971.48333333,0.00003280,0.00001192,0
6971.90000000,0.00066615,0.00014253,6
6974.22500000,0.00002198,0.00001654,3
6975.00000000,0.00026989,0.00016783,1
6976.11666667,0.00005020,0.00004318,5
6976.12500000,0.00005044,0.00004230,5
6976.41666667,0.00027991,0.00002007,10
6980.00000000,0.00063287,0.00083409,9
6982.42500000,0.00009958,0.00009511,5
6983.32500000,0.00002735,0.00001816,8
6985.00833333,0.00002800,0.00001553,1
6988.42500000,0.00002130,0.00001410,8
6990.00833333,0.00008495,0.00008099,5
6992.53333333,0.00005518,0.00053819,19
6997.05000000,0.00018688,0.00022695,9
7000.00000000,0.00096524,0.00073972,3
7005.00000000,0.00008132,0.00003407,0
7010.00000000,0.00008597,0.00010733,9
7011.41666667,0.00007404,0.00007175,5
7012.20000000,0.00013194,0.00013211,7
7013.90833333,0.00008935,0.00001447,6
7014.62500000,0.00010806,0.00011003,7
7020.00833333,0.00026131,0.00027320,7
7020.89166667,0.00012264,0.00005060,0
7021.49166667,0.00003824,0.00002655,8
7025.00000000,0.00040700,0.00024117,1
7025.13333333,0.00004012,0.00002840,3
7026.36666667,0.00002836,0.00001464,2
7029.10000000,0.00004352,0.00004082,5
7030.00000000,0.00015486,0.00032889,13
7031.25000000,0.00103417,0.00112012,7
7040.00000000,0.00024698,0.00009625,0
7043.66666667,0.00002274,0.00006975,12
7044.97500000,0.00004211,0.00002639,1
7045.66666667,0.00005306,0.00005447,7
7045.67500000,0.00005237,0.00005482,7
7050.00000000,0.00045415,0.00105264,13
7051.95833333,0.00013551,0.00002176,6
7060.00000000,0.00023168,0.00029711,9
7070.00000000,0.00007804,0.00012267,11
7070.32500000,0.00003533,0.00003060,5
7073.77500000,0.00002445,0.00003751,11
7075.00000000,0.00017117,0.00018746,7
7080.00000000,0.00033778,0.00044186,9
7084.27500000,0.00203788,0.00107881,1
7085.00833333,0.00005753,0.00005504,5
7090.00000000,0.00010681,0.00015310,11
7090.86666667,0.00004493,0.00003580,3
7091.61666667,0.00003519,0.00001208,0
7094.99166667,0.00005797,0.00007208,9
7095.61666667,0.00008572,0.00006978,3
7095.62500000,0.00008538,0.00007025,3
7097.30000000,0.00029115,0.00027309,5
7100.00000000,0.00286261,0.00100712,0
7103.75000000,0.00007933,0.00050276,17
7104.49166667,0.00002288,0.00001319,1
7105.38333333,0.00002719,0.00002194,3
7108.90833333,0.00002217,0.00006103,12
7109.37500000,0.00014203,0.00019682,9
7110.00000000,0.00007589,0.00018575,18
7119.14166667,0.00002918,0.00002401,3
7120.00000000,0.00049283,0.00078879,11
7122.57500000,0.00008963,0.00008290,5
7124.99166667,0.00059426,0.00097545,11
7125.16666667,0.00014809,0.00001942,10
7125.17500000,0.00014619,0.00002014,10
7126.32500000,0.00007011,0.00006072,5
7126.34166667,0.00007211,0.00005824,3
7127.25000000,0.00029139,0.00038594,9
7128.91666667,0.00003421,0.00001461,2
7130.00000000,0.00006355,0.00020674,12
7134.08333333,0.00041982,0.00046080,7
7135.00833333,0.00003422,0.00001380,0
7135.03333333,0.00003004,0.00001489,2
7140.00000000,0.00064137,0.00089430,22
7144.09166667,0.00002901,0.00002792,5
7145.63333333,0.00009214,0.00005539,1
7150.00000000,0.00048360,0.00144299,12
7153.31666667,0.00003880,0.00001765,2
7156.74166667,0.00002795,0.00002565,5
7160.00000000,0.00072230,0.00100419,9
7160.16666667,0.00003432,0.00004225,9
7160.17500000,0.00003479,0.00004033,24
7161.40000000,0.00007390,0.00001242,6
7163.29166667,0.00003487,0.00002130,1
7165.00000000,0.00003057,0.00004405,11
7165.03333333,0.00003879,0.00003331,5
7169.51666667,0.00003023,0.00003195,7
7170.00000000,0.00004601,0.00015154,12
7174.00000000,0.00002141,0.00006432,12
7175.00000000,0.00011221,0.00018243,11
7177.72500000,0.00003183,0.00003060,5
7180.00000000,0.00100672,0.00144724,11
7187.26666667,0.00004940,0.00004445,5
7187.31666667,0.00003152,0.00002573,3
7188.00833333,0.00312795,0.00259173,5
7190.00000000,0.00009604,0.00013990,11
7194.11666667,0.00004268,0.00004978,24
7195.00000000,0.00002844,0.00001794,1
7198.78333333,0.00055222,0.00045239,3
7200.00000000,0.00101141,0.00233394,13
7201.34166667,0.00039603,0.00090348,13
7202.15833333,0.00002889,0.00002475,5
7205.00833333,0.00003435,0.00007795,13
7208.29166667,0.00041830,0.00002818,10
7210.00000000,0.00011485,0.00026118,13
7210.28333333,0.00035044,0.00025981,3
7211.85000000,0.00004158,0.00003854,5
7220.00000000,0.00097200,0.00164268,11
7221.02500000,0.00002472,0.00001929,3
7221.03333333,0.00002375,0.00001961,26
7225.00000000,0.00029160,0.00004489,6
7226.55833333,0.00018261,0.00029152,11
7230.00000000,0.00006491,0.00015626,18
7231.00833333,0.00013284,0.00013024,21
7231.33333333,0.00012929,0.00012735,21
7233.10833333,0.00003930,0.00003818,5
7233.14166667,0.00005126,0.00004744,5
7240.00000000,0.00091110,0.00170110,16
7245.00833333,0.00005123,0.00004928,5
7250.00000000,0.00123755,0.00105144,5
7252.33333333,0.00002344,0.00006019,12
7255.00000000,0.00002429,0.00002190,5
7260.00000000,0.00094453,0.00177945,16
7265.00833333,0.00002822,0.00004343,11
7265.62500000,0.00004902,0.00009803,13
7265.75000000,0.00002238,0.00001507,8
7269.00833333,0.00804184,0.00665609,5
7270.00000000,0.00019613,0.00015978,3
7275.00000000,0.00024114,0.00023700,21
7275.39166667,0.00002243,0.00002197,21
7276.98333333,0.00071601,0.00004794,14
7280.00000000,0.00107047,0.00211420,13
7285.00000000,0.00002385,0.00004810,13
7290.00000000,0.00010529,0.00034472,12
7294.95833333,0.00002104,0.00002006,5
7297.52500000,0.00039117,0.00001790,14
7297.53333333,0.00038883,0.00001985,14
7297.84166667,0.00093995,0.00002105,14
7299.79166667,0.00002401,0.00002472,7
7300.00000000,0.00134868,0.00117377,5
7305.00000000,0.00002607,0.00004068,11
7305.93333333,0.00002623,0.00006323,18
7310.00000000,0.00012789,0.00017137,9
7311.85833333,0.00003405,0.00002618,3
7311.88333333,0.00003212,0.00003008,5
7319.10000000,0.00002034,0.00001905,5
7319.13333333,0.00002125,0.00001556,3
7319.70833333,0.00003101,0.00002162,3
7319.72500000,0.00002990,0.00001946,8
7320.00000000,0.00066742,0.00167398,18
7320.35000000,0.00003094,0.00002109,8
7320.76666667,0.00002326,0.00001569,8
7321.98333333,0.00006485,0.00010063,11
7325.00000000,0.00006969,0.00013411,13
7328.92500000,0.00012912,0.00008606,8
7330.00000000,0.00003956,0.00032092,17
7333.62500000,0.00005016,0.00004942,21
7333.91666667,0.00006342,0.00001535,4
7333.92500000,0.00006470,0.00001516,6
7340.00000000,0.00077616,0.00185711,18
7342.40833333,0.00023812,0.00027292,7
7348.46666667,0.00002090,0.00002581,9
7348.64166667,0.00002028,0.00001555,3
7349.55833333,0.00005467,0.00005368,21
7350.00000000,0.00028068,0.00087138,12
7355.00833333,0.00007929,0.00002145,4
7355.36666667,0.00003353,0.00008660,12
7360.00000000,0.00065152,0.00178081,12
7361.75833333,0.00065639,0.00067710,7
7372.19166667,0.00017859,0.00014718,26
7373.27500000,0.00479760,0.00475303,7
7375.00000000,0.00156751,0.00016985,10
7376.34166667,0.00016624,0.00003060,6
7377.90833333,0.00004932,0.00001272,4
7380.00000000,0.00059698,0.00162871,12
7380.12500000,0.00004200,0.00004791,7
7380.88333333,0.00007705,0.00001460,6
7390.00000000,0.00007948,0.00026697,15
7397.45833333,0.00002274,0.00002490,7
7400.00000000,0.00105777,0.00115501,7
7402.82500000,0.00002691,0.00005379,13
7402.87500000,0.00002248,0.00004780,13
7405.52500000,0.00003970,0.00003011,3
7408.74166667,0.00003897,0.00001979,2
7410.00000000,0.00005866,0.00026544,15
7412.79166667,0.00025244,0.00011807,2
7414.96666667,0.00005831,0.00001956,0
7414.99166667,0.00005377,0.00002327,2
7418.75000000,0.00061931,0.00176434,12
7420.00000000,0.00044569,0.00133796,12
7421.87500000,0.00012012,0.00031456,12
7422.14166667,0.00023140,0.00023853,7
7422.18333333,0.00019919,0.00019874,7
7425.00000000,0.00008047,0.00009025,7
7425.33333333,0.00006882,0.00005970,5
7429.90833333,0.00003892,0.00002544,8
7430.46666667,0.00016219,0.00002630,6
7430.47500000,0.00016181,0.00002634,6
7431.19166667,0.00007439,0.00001400,6
7432.55833333,0.00143345,0.00126770,5
7434.75000000,0.00004599,0.00014380,12
7439.78333333,0.00004501,0.00003526,3
7440.00000000,0.00030550,0.00106684,15
7442.28333333,0.00002907,0.00003231,7
7450.00000000,0.00017426,0.00071992,15
7450.98333333,0.00008977,0.00007862,5
7451.55000000,0.00098330,0.00119783,9
7454.85000000,0.00008354,0.00005224,1
7457.09166667,0.00003097,0.00004233,9
7458.36666667,0.00005252,0.00003331,1
7458.37500000,0.00005368,0.00003320,1
7460.00000000,0.00021286,0.00095732,15
7461.84166667,0.00005378,0.00004866,5
7462.75000000,0.00002866,0.00001160,0
7463.63333333,0.00004971,0.00002440,2
7465.58333333,0.00002625,0.00002548,5
7469.94166667,0.00009171,0.00011026,9
7470.00000000,0.00005010,0.00011300,13
7470.46666667,0.00002180,0.00006626,12
7470.69166667,0.00002109,0.00001212,1
7472.88333333,0.00006353,0.00005364,5
7475.00000000,0.00002753,0.00052126,19
7477.01666667,0.00012468,0.00011159,5
7480.00000000,0.00022015,0.00076252,15
7482.56666667,0.00003357,0.00009716,12
7485.74166667,0.00003521,0.00011542,12
7489.21666667,0.00006078,0.00003106,2
7489.29166667,0.00003468,0.00001968,1
7489.60833333,0.09961848,0.06650864,8
7489.80833333,0.00007764,0.00004539,1
7489.90833333,0.00002328,0.00003159,9
7490.00000000,0.00002428,0.00012687,17
7490.94166667,0.00003821,0.00004038,7
7493.19166667,0.00367033,0.00325411,5
7493.91666667,0.00006028,0.00005963,7
7494.26666667,0.00007357,0.00007666,7
7495.10000000,0.00002024,0.00001411,3
7495.60000000,0.00004730,0.00003297,3
7499.69166667,0.00002989,0.00003778,9
7499.72500000,0.00002406,0.00005101,13
7500.00000000,0.00149605,0.00344519,13
7500.36666667,0.00019408,0.00010852,1
7500.37500000,0.00019217,0.00010912,1
7500.51666667,0.00010067,0.00007195,3
7500.75000000,0.00091102,0.00069075,3
7507.01666667,0.00236929,0.00017870,10
7508.82500000,0.00014304,0.00008912,1
7509.15833333,0.00002416,0.00005365,13
7514.67500000,0.01013197,0.00876622,5
7517.58333333,0.00005211,0.00005091,21
7519.52500000,0.00002291,0.00001723,3
7519.65000000,0.00008469,0.00002341,4
7520.00000000,0.00011472,0.00083271,17
7525.00000000,0.00016180,0.00016955,7
7532.59166667,0.00044456,0.00001480,14
7533.00000000,0.00220311,0.00177604,3
7533.73333333,0.00004003,0.00003245,3
7535.32500000,0.00021340,0.00015146,3
7535.33333333,0.00021193,0.00015159,3
7535.49166667,0.00009166,0.00006739,3
7537.05000000,0.00956615,0.00846195,5
7537.94166667,0.00002254,0.00001837,3
7539.05000000,0.00003825,0.00007287,16
7540.00000000,0.00009801,0.00094994,19
7544.70000000,0.00007989,0.00004357,1
7544.74166667,0.00003935,0.00006654,11
7544.81666667,0.00005895,0.00002382,0
7550.00000000,0.00005968,0.00082620,19
7550.97500000,0.00043249,0.00053669,9
7559.01666667,0.00006840,0.00010626,11
7559.04166667,0.00005912,0.00010108,11
7560.00000000,0.00018732,0.00125745,17
7560.35833333,0.00011209,0.00009222,3
7566.35833333,0.00042735,0.00006281,10
7566.37500000,0.00041505,0.00006486,6
7567.86666667,0.00006447,0.00005897,5
7572.01666667,0.00002289,0.00003862,11
7572.29166667,0.12728025,0.19752848,11
7572.49166667,0.00007777,0.00014778,16
7572.55000000,0.00004712,0.00005613,9
7572.65000000,0.00002275,0.00002757,9
7573.08333333,0.00507774,0.00516550,7
7573.27500000,0.00002290,0.00004779,13
7573.38333333,0.00004547,0.00001794,0
7574.32500000,0.00003137,0.00003739,9
7574.51666667,0.00007703,0.00005559,3
7574.53333333,0.00007267,0.00005902,3
7574.66666667,0.00013395,0.00017466,9
7574.72500000,0.00015024,0.00031629,13
7574.89166667,0.00682582,0.00718963,7
7575.05833333,0.00005741,0.00007199,9
7575.35000000,0.00003082,0.00002604,5
7575.52500000,0.00002566,0.00002727,7
7575.53333333,0.00002540,0.00002729,7
7575.97500000,0.00115147,0.00117611,7
7579.26666667,0.00014248,0.00009280,8
7579.51666667,0.00004332,0.00003442,3
7579.53333333,0.00004185,0.00003510,5
7580.00000000,0.00012889,0.00130017,19
7580.47500000,0.00021902,0.00023389,7
7581.25833333,0.00004641,0.00003865,5
7590.47500000,0.00006834,0.00005482,3
7591.60000000,0.00002924,0.00001817,1
7591.68333333,0.00002822,0.00002376,5
7592.26666667,0.00007027,0.00002752,0
7592.27500000,0.00007291,0.00002768,0
7594.70833333,0.00017383,0.00012508,3
7594.99166667,0.00002490,0.00001975,3
7595.04166667,0.00001972,0.00003077,11
7599.61666667,0.00002182,0.00001527,3
7599.63333333,0.00002019,0.00001618,3
7600.00000000,0.00014605,0.00067607,15
7602.00833333,0.00003025,0.00001624,1
7607.16666667,0.00002236,0.00004296,13
7607.21666667,0.00002886,0.00003209,7
7607.24166667,0.00002759,0.00002215,3
7607.36666667,0.00002307,0.00001168,2
7610.21666667,0.00002758,0.00007543,12
7610.22500000,0.00002683,0.00007546,12
7610.40000000,0.00002743,0.00001894,8
7610.44166667,0.00003161,0.00001859,1
7613.42500000,0.00005150,0.00003539,8
7616.00833333,0.00012219,0.00009002,3
7616.90833333,0.00222027,0.00226389,7
7619.20833333,0.00003848,0.00003660,5
7619.37500000,0.01493203,0.01484148,7
7620.00000000,0.00006033,0.00160729,19
7621.55000000,0.00002465,0.00001492,1
7621.58333333,0.00002047,0.00002272,7
7621.80000000,0.00007553,0.00003393,2
7625.00000000,0.00113025,0.00026866,4
7629.22500000,0.00020246,0.00012116,1
7630.26666667,0.00010190,0.00007346,3
7630.27500000,0.00010118,0.00007282,3
7630.42500000,0.00035301,0.00028046,3
7636.09166667,0.00003973,0.00012495,12
7636.71666667,0.00009153,0.00007897,5
7640.00000000,0.00014084,0.00143971,19
7641.65833333,0.00002247,0.00001619,3
7648.52500000,0.00003713,0.00002342,1
7648.55000000,0.00003908,0.00001887,2
7650.00000000,0.00013671,0.00127668,19
7655.76666667,0.00010725,0.00035645,-1
7657.50833333,0.04246311,0.06684932,11
7657.71666667,0.00002614,0.00004772,16
7660.00000000,0.00012899,0.00124406,19
7664.50833333,0.00002990,0.00011379,15
7664.98333333,0.00012925,0.00012752,7
7666.91666667,0.00007515,0.00004838,8
7668.80000000,0.00002544,0.00001967,3
7669.64166667,0.00014815,0.00004804,23
7670.82500000,0.00019831,0.00006356,4
7670.83333333,0.00019928,0.00006344,4
7675.00000000,0.00002918,0.00013562,15
7676.76666667,0.00004470,0.00006296,22
7676.80000000,0.00003896,0.00004865,9
7680.00000000,0.00017011,0.00126500,17
7680.93333333,0.00004179,0.00001658,0
7685.55000000,0.00002807,0.00002883,7
7687.47500000,0.00002046,0.00001506,3
7692.48333333,0.00002396,0.00003765,11
7695.58333333,0.00004687,0.00004912,7
7696.61666667,0.00003013,0.00002162,3
7696.62500000,0.00003073,0.00002132,8
7700.00000000,0.00041775,0.00120254,12
7700.50833333,0.00005491,0.00015144,12
7703.10833333,0.00005040,0.00013373,12
7709.24166667,0.00010490,0.00035149,15
7720.00000000,0.00019197,0.00113325,17
7725.00000000,0.00011939,0.00006710,1
7726.70000000,0.00022106,0.00079194,15
7740.00000000,0.00026526,0.00110982,15
7742.53333333,0.00002234,0.00004936,13
7750.00000000,0.00073264,0.00237872,12
7755.65833333,0.00057028,0.00084911,11
7757.47500000,0.00008143,0.00021511,12
7760.00000000,0.00024088,0.00093677,15
7764.71666667,0.00006517,0.00006052,5
7764.94166667,0.00005525,0.00002173,0
7764.99166667,0.00002977,0.00004406,11
7766.35000000,0.00007514,0.00006443,5
7768.78333333,0.00003683,0.00003598,21
7770.00833333,0.00002740,0.00010376,15
7775.00000000,0.00008819,0.00015742,16
7780.00000000,0.00019260,0.00087741,15
7781.89166667,0.00002868,0.00012160,15
7783.15000000,0.00003950,0.00012137,12
7786.96666667,0.00034412,0.00003128,10
7786.97500000,0.00034246,0.00003180,10
7790.00000000,0.00004042,0.00011017,12
7790.29166667,0.00012863,0.00017764,9
7790.35833333,0.00010368,0.00005737,1
7794.34166667,0.00003336,0.00001499,2
7794.37500000,0.00002720,0.00001948,3
7798.55000000,0.00019886,0.00014874,3
7800.00000000,0.00006008,0.00104366,19
7803.35833333,0.00002007,0.00002207,7
7809.73333333,0.00002254,0.00001462,8
7810.00000000,0.00004747,0.00011300,18
7812.50000000,0.00053642,0.00009675,6
7817.62500000,0.00004851,0.00006405,9
7817.80833333,0.00082868,0.00122636,11
7820.00000000,0.00018582,0.00058974,12
7821.91666667,0.00015323,0.00031739,13
7822.22500000,0.00002287,0.00001701,3
7825.00000000,0.00009208,0.00004329,2
7829.15000000,0.00029632,0.00001294,14
7829.17500000,0.00026571,0.00001393,14
7830.00000000,0.00003166,0.00005866,16
7834.25000000,0.00061670,0.00050652,3
7834.63333333,0.00006597,0.00008760,9
7834.73333333,0.00007029,0.00007644,7
7840.00000000,0.00016371,0.00052948,12
7845.41666667,0.00013574,0.00035603,12
7848.79166667,0.00004004,0.00004060,7
7850.00000000,0.00029744,0.00092108,12
7860.00000000,0.00016677,0.00055021,12
7868.44166667,0.00002540,0.00002081,3
7874.32500000,0.00006393,0.00003002,2
7874.36666667,0.00004245,0.00003937,5
7874.99166667,0.00062894,0.00031060,2
7880.00000000,0.00026490,0.00060550,13
7890.00000000,0.00005073,0.00008650,11
7896.63333333,0.00012504,0.00035290,12
7900.00000000,0.00038390,0.00017854,2
7901.50833333,0.00003958,0.00010298,12
7905.00000000,0.00002873,0.00004907,11
7910.00000000,0.00003387,0.00015437,15
7914.12500000,0.00055561,0.00047039,5
7915.11666667,0.00003907,0.00019228,17
7920.00000000,0.00025075,0.00052168,13
7925.00000000,0.00007639,0.00006544,5
7929.67500000,0.00001975,0.00002047,7
7930.00000000,0.00003869,0.00013769,15
7932.51666667,0.00002725,0.00001283,2
7932.54166667,0.00002492,0.00001442,1
7935.36666667,0.00006679,0.00024472,15
7935.49166667,0.00011854,0.00109089,19
7940.00000000,0.00029713,0.00050450,11
7945.00000000,0.00004282,0.00009081,13
7947.20833333,0.00006632,0.00006724,7
7948.14166667,0.00002875,0.00004957,16
7950.00000000,0.00031852,0.00022452,3
7954.16666667,0.00024882,0.00005604,6
7954.17500000,0.00024884,0.00005539,6
7955.34166667,0.00014423,0.00003749,4
7960.00000000,0.00030244,0.00052521,16
7965.00000000,0.00003215,0.00006615,13
7965.13333333,0.00003334,0.00002245,8
7967.49166667,0.00202210,0.00157341,3
7971.41666667,0.00003636,0.00001861,2
7974.40833333,0.00004497,0.00003673,3
7975.00000000,0.00008603,0.00006125,3
7975.16666667,0.00006719,0.00005901,5
7975.17500000,0.00006742,0.00005870,5
7980.00000000,0.00028504,0.00065175,13
7985.00000000,0.00006652,0.00012349,16
7988.30000000,0.00009581,0.00012026,9
7990.00000000,0.00004430,0.00019076,15
7998.05000000,0.00002283,0.00001721,3
8000.00000000,0.00054429,0.00049390,5
8005.00000000,0.00010109,0.00016859,11
8005.62500000,0.00023457,0.00004005,6
8007.80833333,0.00005157,0.00008769,11
8010.00000000,0.00005191,0.00011363,13
8015.69166667,0.00003654,0.00008119,13
8020.00000000,0.00031528,0.00060743,13
8025.00000000,0.00014593,0.00020520,22
8026.89166667,0.00003492,0.00003125,5
8030.00000000,0.00005513,0.00016728,12
8033.11666667,0.00004677,0.00002693,1
8033.12500000,0.00004417,0.00002691,1
8034.97500000,0.00004989,0.00007440,11
8040.00000000,0.00044634,0.00070659,11
8045.00000000,0.00010290,0.00013582,9
8050.00000000,0.00070114,0.00079604,7
8052.70833333,0.00042372,0.00060667,22
8058.64166667,0.00020181,0.00004034,6
8060.00000000,0.00059192,0.00087230,11
8065.00000000,0.00006675,0.00008481,9
8068.46666667,0.00011866,0.00014578,9
8068.48333333,0.00011555,0.00014363,9
8068.99166667,0.00002677,0.00008359,12
8070.00000000,0.00006914,0.00019397,12
8070.13333333,0.00039822,0.00127233,12
8075.00000000,0.00006114,0.00014023,13
8080.00000000,0.00068723,0.00093157,9
8080.39166667,0.00006714,0.00008201,9
8084.20833333,0.00003791,0.00002231,1
8085.00000000,0.00005976,0.00007177,9
8087.95000000,0.00012561,0.00002128,6
8090.00000000,0.00004673,0.00018820,15
8091.75833333,0.00002110,0.00001638,3
8092.00000000,0.00003394,0.00001249,0
8093.69166667,0.00002597,0.00004426,11
8093.81666667,0.00002115,0.00002984,22
8096.28333333,0.00124557,0.00003386,14
8099.85833333,0.00007274,0.00003620,2
8100.00000000,0.00082084,0.00066559,3
8104.99166667,0.00004497,0.00004529,7
8105.35833333,0.00003328,0.00002518,3
8105.45833333,0.00003165,0.00001192,0
8106.83333333,0.00020868,0.00004039,6
8110.00000000,0.00002985,0.00015943,17
8110.32500000,0.00020800,0.00002654,10
8112.16666667,0.00017229,0.00010796,1
8112.17500000,0.00017217,0.00010910,1
8114.37500000,0.00005730,0.00001650,4
8114.70833333,0.00002786,0.00001528,1
8116.61666667,0.00002131,0.00001528,3
8120.00000000,0.00080465,0.00096058,9
8125.00000000,0.00051032,0.00069890,9
8129.88333333,0.00002104,0.00001279,1
8130.02500000,0.00004691,0.00020024,15
8131.78333333,0.00011010,0.00009368,5
8134.42500000,0.00035266,0.00002034,14
8135.39166667,0.00240279,0.00099703,0
8136.95000000,0.00005820,0.00011343,13
8140.00000000,0.00087126,0.00089315,7
8141.79166667,0.00030759,0.00003282,10
8144.99166667,0.00003207,0.00003068,5
8150.00000000,0.00070110,0.00138062,13
8160.00000000,0.00091985,0.00096138,7
8160.61666667,0.00089138,0.00257430,12
8162.17500000,0.00003563,0.00003568,7
8165.01666667,0.00002857,0.00002254,3
8166.60833333,0.00004998,0.00007109,22
8166.62500000,0.00005173,0.00006895,9
8167.10833333,0.00084129,0.00003600,14
8167.63333333,0.00004844,0.00003846,3
8170.00000000,0.00005621,0.00018580,12
8172.38333333,0.00005070,0.00014354,12
8174.01666667,0.00033952,0.00045994,9
8174.86666667,0.00013459,0.00010526,3
8175.00833333,0.00009596,0.00007836,3
8175.50833333,0.00003087,0.00003526,7
8177.23333333,0.00007303,0.00007733,7
8178.87500000,0.00012571,0.00011700,5
8180.00000000,0.00090271,0.00086800,5
8183.32500000,0.00002709,0.00001521,1
8184.99166667,0.00004223,0.00004709,7
8185.20833333,0.00002051,0.00001977,5
8187.80000000,0.00002981,0.00003030,7
8189.65833333,0.00001977,0.00001302,8
8189.80833333,0.00002300,0.00001268,1
8190.00000000,0.00003869,0.00018210,27
8193.76666667,0.00007741,0.00004300,1
8193.80000000,0.00009278,0.00004686,2
8199.65000000,0.00003941,0.00003364,5
8200.00000000,0.00084244,0.00120059,22
8203.12500000,0.00007329,0.00007601,7
8205.00000000,0.00005704,0.00004327,3
8206.56666667,0.00004593,0.00005047,7
8209.85833333,0.00004020,0.00006248,11
8210.00000000,0.00005036,0.00014493,12
8211.44166667,0.00021128,0.00023708,7
8212.90000000,0.00008094,0.00001188,10
8214.28333333,0.00075113,0.00002407,14
8219.48333333,0.00220092,0.00214597,21
8220.00000000,0.00067334,0.00068102,7
8225.00000000,0.00018011,0.00018550,7
8230.00000000,0.00006565,0.00015352,13
8233.05000000,0.00002270,0.00001525,8
8238.80000000,0.00002587,0.00002012,3
8240.00000000,0.00061662,0.00060076,21
8244.55000000,0.00005302,0.00003496,8
8245.02500000,0.00002156,0.00001804,5
8245.95833333,0.00014396,0.00010862,3
8246.54166667,0.00016963,0.00013865,3
8248.66666667,0.00007743,0.00002308,4
8248.68333333,0.00007514,0.00002118,4
8250.00000000,0.00038490,0.00067353,16
8260.00000000,0.00063265,0.00066787,7
8261.72500000,0.00002454,0.00001568,8
8265.00000000,0.00002647,0.00005029,16
8270.00000000,0.00007212,0.00011329,11
8275.00000000,0.00010482,0.00011097,7
8280.00000000,0.00069286,0.00078016,7
8285.00833333,0.00007197,0.00007933,7
8290.00000000,0.00009946,0.00014350,11
8291.38333333,0.00003353,0.00002232,8
8297.96666667,0.00003309,0.00003008,5
8297.97500000,0.00003257,0.00002999,5
8300.00000000,0.00087241,0.00197993,13
8305.00000000,0.00010910,0.00010599,5
8310.00000000,0.00012190,0.00018469,11
8310.70833333,0.00014923,0.00008538,1
8313.09166667,0.00003083,0.00003984,9
8313.12500000,0.00002867,0.00004535,11
8320.00000000,0.00098317,0.00093876,5
8325.00000000,0.00022339,0.00014633,8
8327.45833333,0.00005844,0.00003789,8
8327.58333333,0.00005676,0.00001740,4
8330.00000000,0.00016212,0.00017737,7
8330.56666667,0.00013280,0.00021387,11
8340.00000000,0.00114631,0.00103835,5
8344.13333333,0.00003199,0.00003478,7
8344.18333333,0.00002095,0.00006041,12
8345.00000000,0.00014153,0.00013067,5
8350.00000000,0.00114599,0.00055692,2
8355.99166667,0.00007503,0.00001941,4
8359.38333333,0.00005826,0.00005142,5
8360.00000000,0.00117321,0.00100732,5
8365.00000000,0.00014493,0.00012167,5
8370.00000000,0.00015208,0.00009678,8
8373.26666667,0.00002875,0.00001541,1
8373.30000000,0.00003332,0.00001157,0
8375.00000000,0.00013345,0.00012793,5
8375.87500000,0.00001994,0.00003850,13
8376.41666667,0.00004639,0.00002883,1
8379.45833333,0.00002375,0.00008072,15
8380.00000000,0.00118890,0.00095840,3
8380.60000000,0.00005499,0.00015506,12
8383.09166667,0.00006402,0.00042848,17
8383.15000000,0.00008977,0.00026752,12
8385.00833333,0.00013395,0.00010036,3
8390.00000000,0.00017753,0.00012159,8
8390.20000000,0.00003386,0.00007861,13
8398.43333333,0.00031680,0.00023817,3
8400.00000000,0.00063099,0.00152098,18
8405.00000000,0.00008870,0.00006999,3
8410.00000000,0.00015147,0.00014965,7
8416.51666667,0.00013105,0.00098308,17
8420.00000000,0.00092438,0.00076143,26
8429.51666667,0.00010432,0.00008322,3
8430.00000000,0.00015036,0.00012954,5
8430.17500000,0.00004936,0.00003821,3
8432.39166667,0.00021082,0.00017860,5
8433.28333333,0.00009958,0.00008396,5
8433.52500000,0.00002018,0.00001414,3
8439.22500000,0.00148952,0.00143153,5
8439.33333333,0.00056531,0.00056858,7
8439.51666667,0.00004945,0.00005422,7
8439.52500000,0.00004973,0.00005477,7
8440.00000000,0.00099058,0.00073713,3
8445.00000000,0.00005239,0.00004476,5
8450.00000000,0.00117626,0.00046249,0
8460.00000000,0.00099100,0.00075135,3
8461.60833333,0.00015000,0.00011498,3
8465.00833333,0.00004700,0.00004416,5
8466.03333333,0.00003545,0.00001319,0
8470.00000000,0.00018969,0.00005366,4
8475.00000000,0.00003100,0.00005961,13
8479.36666667,0.00461203,0.00637487,9
8479.37500000,0.00462141,0.00636741,9
8480.00000000,0.00103494,0.00075756,3
8484.98333333,0.00002251,0.00002326,7
8487.37500000,0.00007344,0.00001488,6
8490.00000000,0.00017123,0.00010310,1
8492.52500000,0.00004611,0.00037019,17
8496.11666667,0.00003223,0.00001432,2
8500.00000000,0.00078554,0.00071519,5
8510.00000000,0.00016079,0.00008261,2
8515.41666667,0.00015766,0.00002245,10
8515.42500000,0.00015435,0.00002276,10
8515.62500000,0.00007545,0.00005563,3
8516.64166667,0.00020184,0.00001786,10
8516.74166667,0.00019140,0.00001180,14
8520.00000000,0.00088805,0.00059758,8
8521.36666667,0.00004322,0.00006503,11
8521.38333333,0.00004030,0.00006788,11
8523.20000000,0.00004981,0.00003500,3
8530.00000000,0.00020489,0.00011288,1
8540.00000000,0.00077104,0.00044525,1
8540.41666667,0.00003050,0.00002273,3
8540.72500000,0.00194414,0.00078432,0
8550.00000000,0.00069371,0.00028739,0
8560.00000000,0.00068474,0.00040130,1
8564.80833333,0.00004542,0.00014284,12
8564.99166667,0.00003381,0.00002479,3
8568.05833333,0.00004551,0.00003021,8
8568.85833333,0.00007468,0.00003424,2
8569.23333333,0.00002341,0.00002478,7
8570.00000000,0.00025971,0.00009121,0
8570.65833333,0.00002012,0.00053538,19
8575.00000000,0.00011776,0.00014914,9
8577.92500000,0.00006045,0.00008235,9
8580.00000000,0.00063034,0.00030735,2
8585.00000000,0.00004009,0.00002590,8
8588.32500000,0.00004551,0.00031791,17
8589.78333333,0.00015281,0.00002168,10
8589.90000000,0.00037452,0.00003579,10
8589.98333333,0.00036730,0.00006409,6
8593.75000000,0.00046239,0.00030362,8
8595.00000000,0.00002767,0.00001475,1
8600.00000000,0.00075789,0.00020218,4
8604.10833333,0.00647332,0.00438077,8
8605.00000000,0.00004219,0.00001653,0
8610.00000000,0.00033913,0.00009257,4
8611.09166667,0.00002799,0.00001182,2
8612.04166667,0.00003167,0.00002172,8
8613.01666667,0.00006334,0.00009547,11
8620.00000000,0.00070471,0.00028171,0
8620.92500000,0.00003845,0.00009026,13
8620.93333333,0.00003866,0.00009020,13
8624.99166667,0.00031176,0.00035443,7
8625.34166667,0.00002082,0.00001194,1
8630.00000000,0.00046569,0.00005764,10
8632.76666667,0.00003299,0.00003488,7
8633.45833333,0.00034146,0.00031357,5
8633.91666667,0.00001985,0.00004580,13
8635.31666667,0.00040070,0.00034734,5
8635.78333333,0.00106319,0.00016335,6
8636.55000000,0.00002852,0.00002322,3
8638.05000000,0.00005723,0.00001814,4
8640.00000000,0.00062656,0.00027204,2
8642.50833333,0.00003212,0.00001740,1
8644.99166667,0.00007987,0.00002287,4
8648.51666667,0.00004403,0.00002764,1
8648.70833333,0.00025765,0.00014054,1
8650.00000000,0.00137841,0.00067631,2
8651.72500000,0.00003291,0.00002099,8
8651.74166667,0.00003181,0.00002066,8
8652.66666667,0.00115280,0.00092219,3
8652.67500000,0.00115094,0.00092227,3
8653.45833333,0.00008360,0.00005595,8
8654.62500000,0.00002914,0.00003606,9
8655.91666667,0.00216284,0.00012272,14
8656.11666667,0.00003618,0.00001818,2
8657.01666667,0.00011922,0.00008555,3
8657.60833333,0.00002569,0.00001632,1
8657.76666667,0.00004602,0.00002694,1
8660.00000000,0.00062469,0.00029551,2
8661.60833333,0.00015724,0.00010279,8
8662.12500000,0.00002164,0.00007884,15
8662.35833333,0.00005260,0.00002686,2
8662.50000000,0.00005869,0.00002971,2
8662.58333333,0.00008048,0.00006181,3
8663.14166667,0.00017039,0.00021370,9
8665.00000000,0.00006916,0.00004646,8
8665.35833333,0.00007859,0.00006229,3
8666.25000000,0.00005482,0.00004537,5
8668.05833333,0.00002463,0.00001414,1
8669.15000000,0.00364907,0.00245270,8
8670.00000000,0.00047492,0.00006499,10
8671.96666667,0.00009892,0.00007955,3
8675.00000000,0.00011846,0.00005347,2
8680.00000000,0.00074101,0.00037614,2
8682.81666667,0.00016805,0.00009785,1
8685.00000000,0.00003027,0.00003060,7
8686.57500000,0.00009356,0.00010352,7
8686.82500000,0.00003272,0.00001370,0
8686.85000000,0.00003636,0.00001241,0
8688.62500000,0.00007044,0.00003978,1
8688.64166667,0.00006922,0.00003746,1
8690.00000000,0.00049391,0.00009240,6
8691.31666667,0.00002620,0.00001202,2
8699.44166667,0.00003503,0.00022330,17
8700.00000000,0.00096032,0.00051097,1
8700.78333333,0.00083426,0.00048169,1
8702.05833333,0.00007550,0.00005604,3
8702.07500000,0.00007182,0.00005882,3
8705.00000000,0.00004416,0.00002155,2
8705.86666667,0.00539927,0.00335530,1
8705.87500000,0.00539833,0.00339832,1
8710.00000000,0.00046382,0.00009570,6
8714.70833333,0.00956116,0.00563310,1
8717.79166667,0.00298063,0.00189201,1
8718.21666667,0.00004055,0.00010547,12
8719.80000000,0.00043179,0.00013235,4
8719.99166667,0.00083900,0.00048859,1
8722.50833333,0.00037580,0.00027675,3
8725.10000000,0.00039352,0.00020817,1
8725.20000000,0.00029362,0.00011791,0
8730.00000000,0.00049727,0.00016417,0
8735.56666667,0.00003298,0.00001236,0
8735.58333333,0.00003163,0.00001316,0
8740.00000000,0.00088087,0.00042479,2
8742.86666667,0.00004970,0.00002241,2
8743.87500000,0.00013643,0.00011341,5
8745.00000000,0.00008189,0.00004262,20
8745.23333333,0.00005699,0.00006116,7
8745.82500000,0.00003232,0.00002677,5
8745.83333333,0.00003143,0.00002695,5
8746.34166667,0.00002300,0.00001310,1
8748.62500000,0.00003167,0.00003908,9
8748.63333333,0.00003182,0.00003874,9
8748.70000000,0.00002354,0.00002382,7
8750.00000000,0.00119524,0.00074632,1
8760.00000000,0.00090743,0.00045367,2
8762.55833333,0.00007282,0.00002407,0
8762.57500000,0.00006950,0.00002328,0
8764.55833333,0.00198871,0.00035991,6
8766.25833333,0.00004625,0.00010322,13
8766.39166667,0.00016152,0.00028772,16
8767.36666667,0.00004020,0.00006658,11
8767.37500000,0.00003948,0.00006635,11
8767.43333333,0.00004536,0.00005342,24
8769.07500000,0.00005393,0.00027783,17
8769.82500000,0.00008670,0.00007656,5
8770.00000000,0.00050416,0.00022475,2
8771.80000000,0.00005783,0.00005173,5
8775.00000000,0.00014712,0.00008328,1
8780.00000000,0.00075702,0.00033208,2
8782.74166667,0.00003603,0.00001191,0
8782.83333333,0.00002792,0.00005478,13
8784.72500000,0.00011827,0.00017070,11
8785.00000000,0.00006580,0.00004095,1
8787.22500000,0.00003456,0.00001464,2
8787.23333333,0.00003435,0.00001507,2
8789.05833333,0.00076426,0.00041356,1
8790.00000000,0.00052287,0.00023564,2
8791.05833333,0.00002493,0.00001569,1
8791.07500000,0.00002393,0.00001374,1
8800.00000000,0.00106053,0.00067519,8
8801.11666667,0.00002866,0.00005988,13
8801.14166667,0.00002937,0.00006422,13
8801.76666667,0.00004066,0.00006180,11
8801.77500000,0.00004011,0.00006190,11
8805.00000000,0.00004916,0.00002530,2
8810.00000000,0.00051158,0.00029609,1
8820.00000000,0.00038971,0.00019352,2
8823.00833333,0.00048436,0.00002682,14
8824.02500000,0.00002088,0.00007482,15
8824.03333333,0.00002072,0.00007540,15
8825.00000000,0.00007582,0.00003697,2
8830.00000000,0.00052450,0.00027146,2
8840.00000000,0.00038859,0.00011573,4
8840.49166667,0.00006831,0.00004172,1
8845.00000000,0.00018154,0.00009801,1
8847.77500000,0.00004778,0.00006200,9
8850.00000000,0.00024678,0.00028410,7
8854.46666667,0.00008209,0.00005828,3
8854.47500000,0.00008237,0.00005903,3
8855.00833333,0.00002930,0.00001914,8
8856.69166667,0.00009939,0.00001436,10
8860.00000000,0.00043152,0.00016135,0
8862.54166667,0.00010330,0.00005108,2
8862.82500000,0.00010930,0.00006241,1
8865.00000000,0.00021427,0.00011569,1
8870.00000000,0.00069586,0.00026622,0
8875.00000000,0.00210425,0.00253892,9
8880.00000000,0.00051502,0.00017836,0
8881.24166667,0.00027338,0.00020176,3
8881.27500000,0.00029795,0.00016790,1
8881.33333333,0.00025541,0.00018751,3
8885.00000000,0.00011593,0.00008444,3
8886.25833333,0.00002598,0.00001250,2
8886.71666667,0.00002794,0.00001368,2
8886.73333333,0.00002951,0.00001270,2
8886.99166667,0.00013608,0.00022397,11
8889.33333333,0.00002783,0.00007599,12
8890.00000000,0.00067707,0.00029646,2
8892.94166667,0.00008507,0.00007771,5
8893.05833333,0.00007072,0.00004699,8
8895.11666667,0.00002348,0.00001154,2
8895.13333333,0.00002580,0.00001188,2
8899.15833333,0.00020870,0.00001927,10
8900.00000000,0.00145491,0.00027371,6
8900.26666667,0.00006232,0.00019124,12
8905.00000000,0.00010591,0.00006005,1
8908.72500000,0.00008335,0.00007853,5
8908.73333333,0.00008942,0.00007970,5
8908.84166667,0.00007276,0.00004737,8
8910.00000000,0.00065145,0.00025622,0
8911.21666667,0.00002051,0.00008555,15
8916.32500000,0.00004192,0.00003493,5
8920.00000000,0.00064225,0.00020244,4
8925.00000000,0.00031386,0.00015371,2
8930.00000000,0.00052015,0.00028498,1
8930.31666667,0.00004267,0.00002141,2
8930.96666667,0.00050986,0.00016562,23
8936.97500000,0.00073988,0.00009081,10
8939.86666667,0.00003054,0.00001556,2
8940.00000000,0.00064678,0.00031128,2
8943.59166667,0.00002565,0.00005544,13
8945.00000000,0.00021674,0.00009555,2
8950.00000000,0.00063269,0.00047265,3
8950.25000000,0.00075901,0.00107248,22
8950.55000000,0.00010026,0.00004136,0
8952.75000000,0.00007067,0.00001763,4
8952.90833333,0.00003407,0.00007428,13
8958.65000000,0.00005112,0.00001188,6
8960.00000000,0.00064263,0.00034758,1
8965.00833333,0.00007153,0.00003380,2
8970.00000000,0.00023614,0.00019184,3
8971.20000000,0.00002444,0.00004266,16
8974.32500000,0.00007640,0.00003680,2
8974.33333333,0.00007637,0.00003711,2
8974.99166667,0.00004636,0.00002800,1
8977.27500000,0.00007506,0.00002771,0
8979.80000000,0.00003577,0.00002261,1
8980.00000000,0.00070112,0.00038316,1
8980.18333333,0.00002882,0.00002059,3
8982.45833333,0.00004859,0.00001292,4
8984.37500000,0.00045149,0.00021761,2
8985.00000000,0.00006940,0.00003472,2
8990.00000000,0.00013570,0.00014520,7
8993.64166667,0.00112866,0.00046469,0
8993.75833333,0.00013129,0.00010077,3
8996.98333333,0.00002623,0.00004038,11
9000.00000000,0.01154911,0.00599383,2
9000.80000000,0.00015557,0.00041732,12
9004.37500000,0.00485630,0.00248935,2
9005.00000000,0.00012353,0.00006279,2
9008.64166667,0.00002606,0.00002895,7
9010.00000000,0.00012282,0.00020920,11
9012.10833333,0.00004486,0.00004451,7
9015.00833333,0.00002508,0.00001401,1
9019.80833333,0.00008896,0.00011502,9
9020.00000000,0.00069525,0.00041099,1
9025.00833333,0.00025135,0.00007553,4
9025.50000000,0.00002065,0.00004032,13
9030.00000000,0.00012102,0.00018165,11
9035.23333333,0.00020073,0.00001369,10
9040.00000000,0.00065580,0.00045215,8
9045.00000000,0.00018311,0.00005410,4
9049.49166667,0.00109303,0.00004072,14
9050.00000000,0.00052365,0.00009205,6
9055.00000000,0.00003637,0.00002777,3
9055.59166667,0.00007610,0.00005319,3
9055.92500000,0.00011070,0.00006455,1
9055.93333333,0.00010935,0.00006488,1
9058.71666667,0.00002588,0.00004643,16
9060.00000000,0.00061684,0.00038475,1
9060.67500000,0.00016400,0.00018163,7
9060.78333333,0.00015902,0.00012949,3
9065.00000000,0.00003872,0.00002110,1
9065.03333333,0.00002981,0.00001825,1
9070.00000000,0.00012414,0.00025041,13
9075.00000000,0.00007086,0.00008401,9
9076.13333333,0.00010421,0.00007561,3
9077.32500000,0.00014794,0.00008943,1
9080.00000000,0.00073297,0.00040849,1
9082.02500000,0.00004856,0.00001470,4
9082.03333333,0.00004913,0.00001507,4
9085.00000000,0.00016587,0.00008485,2
9086.10833333,0.00002355,0.00001933,3
9086.13333333,0.00002701,0.00001979,3
9090.00000000,0.00020976,0.00023115,7
9091.38333333,0.00145885,0.00129595,5
9091.46666667,0.00121558,0.00056276,2
9091.48333333,0.00117120,0.00060831,2
9095.00000000,0.00005557,0.00002784,2
9096.25000000,0.00002718,0.00005924,13
9097.11666667,0.00014933,0.00008910,1
9097.13333333,0.00013920,0.00009145,8
9097.21666667,0.00006001,0.00006871,7
9100.00000000,0.00150059,0.00013455,10
9105.00000000,0.00028257,0.00014310,2
9108.26666667,0.00111450,0.00180104,11
9108.27500000,0.00110911,0.00180593,11
9110.00000000,0.00016825,0.00021607,9
9112.04166667,0.00169277,0.00248117,11
9112.50833333,0.00631755,0.00391502,1
9114.57500000,0.00047476,0.00018103,0
9120.00000000,0.00079206,0.00047192,1
9120.42500000,0.00004759,0.00001447,4
9120.44166667,0.00005093,0.00001362,4
9124.16666667,0.00073692,0.00002417,14
9125.00000000,0.00024690,0.00019573,3
9127.78333333,0.00019335,0.00026052,9
9130.00000000,0.00013823,0.00023733,16
9135.00000000,0.00010858,0.00005234,2
9136.70000000,0.00003864,0.00002290,1
9139.44166667,0.00004307,0.00001157,4
9140.00000000,0.00090091,0.00052342,1
9143.55833333,0.00015101,0.00092753,17
9145.00000000,0.00012159,0.00005097,0
9150.00000000,0.00050019,0.00059569,9
9151.15000000,0.00003697,0.00001576,2
9155.00000000,0.00012355,0.00006080,2
9160.00000000,0.00089791,0.00048812,1
9165.00000000,0.00021561,0.00010546,2
9170.00000000,0.00008966,0.00011293,9
9175.00000000,0.00024151,0.00002422,10
9179.68333333,0.00037366,0.00020021,1
9180.00000000,0.00086620,0.00051339,1
9182.35833333,0.00002032,0.00006388,12
9183.50000000,0.00003474,0.00006988,13
9183.56666667,0.00007262,0.00015392,13
9185.00000000,0.00020566,0.00010488,2
9187.20833333,0.00003565,0.00001627,2
9187.85833333,0.00010321,0.00001308,10
9187.88333333,0.00011350,0.00001308,10
9190.00000000,0.00006948,0.00017582,18
9198.55000000,0.00010360,0.00001533,10
9200.00000000,0.00092703,0.00035549,0
9205.00000000,0.00013659,0.00007581,1
9205.94166667,0.00013478,0.00007473,1
9210.00000000,0.00009919,0.00012792,9
9213.85833333,0.00002663,0.00004156,11
9220.00000000,0.00056775,0.00038564,8
9225.00000000,0.00028513,0.00016702,1
9225.54166667,0.00003484,0.00002420,8
9225.82500000,0.00171516,0.00005457,14
9225.83333333,0.00170749,0.00005547,14
9226.32500000,0.00017529,0.00001174,10
9226.33333333,0.00017268,0.00001175,10
9228.26666667,0.00027510,0.00027959,7
9230.00000000,0.00009492,0.00012699,9
9240.00000000,0.00057300,0.00034244,1
9244.64166667,0.00015350,0.00006551,2
9245.00000000,0.00005295,0.00002220,0
9245.71666667,0.00008134,0.00002832,0
9245.75000000,0.00009119,0.00002694,4
9246.79166667,0.00050744,0.00030030,1
9250.00000000,0.00057620,0.00019838,0
9254.77500000,0.00006273,0.00001866,4
9257.75000000,0.00006251,0.00010777,16
9257.77500000,0.00006220,0.00009803,11
9258.53333333,0.00016766,0.00003845,6
9260.00000000,0.00037719,0.00026844,3
9260.97500000,0.00009026,0.00003465,0
9261.10833333,0.00041289,0.00019556,2
9264.99166667,0.00006992,0.00003366,2
9266.35000000,0.00006964,0.00003666,20
9270.00000000,0.00009264,0.00009097,21
9270.26666667,0.00001985,0.00003873,13
9272.81666667,0.00004531,0.00002215,2
9275.00000000,0.00003891,0.00005942,11
9277.22500000,0.00014972,0.00008969,1
9277.35000000,0.00003651,0.00001520,0
9280.00833333,0.00046880,0.00018509,0
9280.32500000,0.00010755,0.00002491,6
9280.33333333,0.00010842,0.00002354,6
9284.99166667,0.00005299,0.00002546,2
9285.47500000,0.00014117,0.00008352,1
9289.78333333,0.00003115,0.00003367,7
9290.00000000,0.00010477,0.00010096,5
9295.15833333,0.00017489,0.00002301,10
9295.30000000,0.00208391,0.00011450,14
9296.79166667,0.00024898,0.00002192,10
9300.00000000,0.00089802,0.00017267,6
9305.00833333,0.00004484,0.00002675,1
9310.00000000,0.00012316,0.00008099,8
9314.62500000,0.00002779,0.00006867,18
9314.64166667,0.00002677,0.00007271,12
9320.00000000,0.00019253,0.00011681,1
9321.29166667,0.00004572,0.00004111,5
9324.20000000,0.00018184,0.00017248,5
9325.00000000,0.00016459,0.00010026,1
9326.05000000,0.00003511,0.00002903,26
9327.07500000,0.00005430,0.00004663,5
9330.00000000,0.00010933,0.00011452,7
9331.01666667,0.00008046,0.00005177,8
9340.00000000,0.00016771,0.00015580,5
9346.76666667,0.00004895,0.00009773,13
9346.77500000,0.00004912,0.00009630,13
9347.51666667,0.00015191,0.00046995,12
9350.00000000,0.00026506,0.00011774,2
9355.65833333,0.00144780,0.00053911,0
9355.68333333,0.00136967,0.00049391,0
9360.00000000,0.00024769,0.00012394,2
9365.32500000,0.00044620,0.00102566,13
9365.46666667,0.01570103,0.03768621,18
9365.47500000,0.01570818,0.03764415,18
9366.76666667,0.00003030,0.00001461,2
9366.79166667,0.00002858,0.00001666,1
9370.00000000,0.00009774,0.00006259,8
9374.65000000,0.00003018,0.00001508,2
9374.69166667,0.00003245,0.00002207,8
9374.73333333,0.00004913,0.00001915,0
9374.80833333,0.00007885,0.00002540,4
9374.84166667,0.00017228,0.00010268,1
9375.00000000,0.28384696,0.16364909,1
9375.15833333,0.00015512,0.00007890,2
9375.19166667,0.00008184,0.00004164,2
9375.26666667,0.00005344,0.00001970,0
9379.98333333,0.00045892,0.00009767,6
9384.53333333,0.00019432,0.00005203,4
9392.04166667,0.00004142,0.00001729,0
9394.32500000,0.00043323,0.00018200,0
9394.34166667,0.00044815,0.00017908,0
9399.45833333,0.00002580,0.00001232,2
9399.47500000,0.00002618,0.00001176,2
9400.00000000,0.00085662,0.00042599,2
9418.26666667,0.00003675,0.00003261,5
9420.00000000,0.00018444,0.00015081,3
9420.26666667,0.00008370,0.00005720,8
9420.91666667,0.00006890,0.00003222,2
9424.85833333,0.00002877,0.00004314,11
9425.00000000,0.00008713,0.00002491,4
9426.96666667,0.00003266,0.00001829,1
9426.98333333,0.00003764,0.00001779,2
9428.36666667,0.00004409,0.00010115,13
9430.00000000,0.00004131,0.00013442,12
9435.03333333,0.00002781,0.00007161,12
9440.00000000,0.00014556,0.00018073,9
9445.00000000,0.00003158,0.00001526,2
9450.00000000,0.00036818,0.00042170,7
9457.67500000,0.00002076,0.00001784,5
9460.00000000,0.00013049,0.00014443,7
9460.21666667,0.00004573,0.00004818,7
9460.91666667,0.00029703,0.00033199,7
9469.66666667,0.00693517,0.00504585,3
9470.00000000,0.00024306,0.00019414,3
9472.22500000,0.00002977,0.00001479,2
9475.00000000,0.00012509,0.00006359,2
9475.77500000,0.00026069,0.00024314,5
9479.03333333,0.00007305,0.00006129,5
9479.15000000,0.00006432,0.00005938,5
9480.00000000,0.00018421,0.00018160,7
9484.76666667,0.00002919,0.00001759,1
9484.77500000,0.00002889,0.00001726,1
9485.00000000,0.00005010,0.00002710,1
9487.87500000,0.00004362,0.00012983,12
9488.86666667,0.00144176,0.00013858,10
9488.91666667,0.00176622,0.00012371,10
9488.95833333,0.00126379,0.00016342,10
9490.00000000,0.00035180,0.00020919,1
9490.20000000,0.00004456,0.00003036,8
9492.20833333,0.00010144,0.00011201,7
9495.20000000,0.00019644,0.00005798,4
9495.28333333,0.00015568,0.00005621,0
9497.20000000,0.00009814,0.00005527,1
9500.00000000,0.00059768,0.00008115,10
9504.23333333,0.00029001,0.00009548,23
9504.30833333,0.00022330,0.00008061,0
9505.00000000,0.00008758,0.00004163,2
9505.75833333,0.00002918,0.00001366,2
9508.15833333,0.00002387,0.00001218,2
9510.00000000,0.00036998,0.00024282,8
9513.81666667,0.00002882,0.00001380,2
9513.83333333,0.00002967,0.00001301,2
9520.00000000,0.00018252,0.00013230,3
9521.48333333,0.00002843,0.00003067,7
9525.00000000,0.00010899,0.00009065,5
9530.00000000,0.00037665,0.00028073,3
9531.24166667,0.00003035,0.00001468,2
9536.12500000,0.00004084,0.00004033,7
9536.13333333,0.00004095,0.00003994,21
9538.12500000,0.00005740,0.00004215,3
9538.13333333,0.00005773,0.00004154,3
9540.00000000,0.00018342,0.00015818,5
9545.00000000,0.00009482,0.00005198,1
9550.00000000,0.00077666,0.00059528,3
9550.78333333,0.00003009,0.00001230,0
9559.19166667,0.02788587,0.00123235,14
9560.00000000,0.00021380,0.00010463,2
9560.56666667,0.00002642,0.00001446,1
9561.11666667,0.00003701,0.00001474,0
9561.13333333,0.00003626,0.00001547,2
9565.00000000,0.00018180,0.00009690,1
9565.45833333,0.00024797,0.00020683,5
9570.00000000,0.00043535,0.00033193,3
9570.32500000,0.00033127,0.00016137,2
9570.43333333,0.00003562,0.00002562,3
9572.10000000,0.00306498,0.00014362,14
9575.00000000,0.00042548,0.00026588,1
9575.26666667,0.00008653,0.00006572,3
9575.27500000,0.00008642,0.00006800,3
9580.00000000,0.00014682,0.00014920,7
9585.00000000,0.00013936,0.00007847,1
9589.32500000,0.00003335,0.00010234,12
9589.33333333,0.00003308,0.00010306,12
9590.00000000,0.00046497,0.00028435,1
9594.72500000,0.00002983,0.00001398,2
9594.73333333,0.00002945,0.00001427,2
9595.00000000,0.00010683,0.00005912,1
9600.00000000,0.00078038,0.00059923,3
9605.00000000,0.00008528,0.00005142,1
9608.15833333,0.00038566,0.00066563,16
9609.37500000,0.00004855,0.00002429,2
9610.00000000,0.00040839,0.00030906,3
9611.82500000,0.00010397,0.00007317,3
9615.00000000,0.00008234,0.00003619,2
9619.14166667,0.00007025,0.00003327,2
9620.00000000,0.00013226,0.00011653,5
9624.98333333,0.00122061,0.00266361,13
9625.11666667,0.00016525,0.00038702,13
9625.72500000,0.00002157,0.00006643,12
9625.73333333,0.00002185,0.00006552,12
9626.51666667,0.00002554,0.00006148,18
9626.53333333,0.00002605,0.00006023,13
9626.89166667,0.00007575,0.00006723,5
9629.55833333,0.00762318,0.00554528,3
9630.00000000,0.00041835,0.00030222,3
9635.00000000,0.00004816,0.00001298,4
9635.40000000,0.00126105,0.00019483,6
9635.43333333,0.00113785,0.00010440,10
9640.00000000,0.00011727,0.00013051,7
9643.55000000,0.00002851,0.00001645,1
9645.00000000,0.00016593,0.00009929,1
9650.00000000,0.00067731,0.00031727,2
9653.22500000,0.00006930,0.00004659,8
9653.24166667,0.00006823,0.00004419,8
9654.72500000,0.00002512,0.00008400,15
9654.75000000,0.00002834,0.00007418,12
9655.00000000,0.00006238,0.00002754,2
9660.00000000,0.00012620,0.00004852,0
9665.00000000,0.00007213,0.00003310,2
9667.96666667,0.00002459,0.00001438,1
9667.97500000,0.00002399,0.00001462,1
9670.00000000,0.00032035,0.00022469,3
9675.00000000,0.00017227,0.00009697,1
9679.95833333,0.00053057,0.00008096,25
9680.00000000,0.00049147,0.00011661,4
9684.99166667,0.00003446,0.00002720,3
9689.21666667,0.00007295,0.00004836,8
9689.31666667,0.00008980,0.00005602,1
9689.33333333,0.00007439,0.00005323,3
9690.02500000,0.00065614,0.00007532,10
9692.83333333,0.00094169,0.00736306,17
9697.24166667,0.00003621,0.00007914,13
9700.00000000,0.00206759,0.00116987,1
9705.00000000,0.00011866,0.00004910,0
9710.00000000,0.00032956,0.00027511,5
9716.81666667,0.00003163,0.00001618,2
9719.45000000,0.00053544,0.00036961,8
9720.00000000,0.00017867,0.00015310,5
9724.94166667,0.00006183,0.00001984,4
9724.97500000,0.00007780,0.00004043,2
9725.05000000,0.00005660,0.00001270,6
9726.60000000,0.00002810,0.00001769,1
9726.65833333,0.00002877,0.00001316,2
9730.00000000,0.00022249,0.00008895,0
9740.00000000,0.00014205,0.00015340,7
9745.00000000,0.00004611,0.00003629,3
9745.61666667,0.00008661,0.00003557,0
9750.00000000,0.00049274,0.00047140,5
9754.98333333,0.00004516,0.00001606,0
9760.00000000,0.00010579,0.00012204,7
9764.25833333,0.00003207,0.00006828,13
9764.91666667,0.00009731,0.00003863,0
9765.01666667,0.00002249,0.00001566,8
9765.62500000,0.00032509,0.00019049,1
9770.00000000,0.00017561,0.00016244,5
9770.19166667,0.00002301,0.00020040,19
9774.71666667,0.00002322,0.00005939,12
9774.73333333,0.00002222,0.00006044,12
9775.01666667,0.00029824,0.00030325,7
9780.00000000,0.00019839,0.00018677,5
9780.50000000,0.00002350,0.00006271,12
9781.58333333,0.00021598,0.00224789,19
9781.91666667,0.00580476,0.00002719,14
9781.94166667,0.00622187,0.00003429,14
9782.03333333,0.00292045,0.00001269,14
9785.00000000,0.00011265,0.00005306,2
9788.61666667,0.00082521,0.00049719,1
9789.32500000,0.00003618,0.00013114,15
9789.39166667,0.00013892,0.00028280,13
9800.00000000,0.00087199,0.00045873,20
9805.00000000,0.00017788,0.00010129,1
9810.00000000,0.00010465,0.00010972,7
9814.44166667,0.00007690,0.00003608,2
9815.00000000,0.00005104,0.00002731,1
9818.07500000,0.00002051,0.00002468,9
9820.00000000,0.00026440,0.00026106,7
9825.00000000,0.00004047,0.00004605,7
9827.20833333,0.00014111,0.00010669,3
9829.61666667,0.00350050,0.00010468,14
9830.00000000,0.00010689,0.00011028,7
9831.95000000,0.00008278,0.00017052,13
9833.32500000,0.00016652,0.00001266,10
9833.37500000,0.00011479,0.00002125,6
9833.65833333,0.00004365,0.00001280,4
9833.67500000,0.00004511,0.00001399,4
9834.25833333,0.00023691,0.00022095,5
9835.00000000,0.00005345,0.00002461,2
9836.36666667,0.00003408,0.00002500,3
9836.38333333,0.00003280,0.00002237,8
9837.50000000,0.00002761,0.00001566,1
9840.00000000,0.00030461,0.00015257,2
9840.55833333,0.00009009,0.00004897,1
9841.17500000,0.00002099,0.00003322,11
9841.26666667,0.00003152,0.00001338,2
9841.27500000,0.00002970,0.00001402,2
9844.22500000,0.00003337,0.00002661,3
9844.23333333,0.00003443,0.00002656,3
9845.00000000,0.00011664,0.00005109,2
9847.77500000,0.00006718,0.00004636,8
9850.00000000,0.00120837,0.00074245,1
9850.70000000,0.00016249,0.00005861,0
9850.82500000,0.00306625,0.00166938,1
9850.83333333,0.00306098,0.00169609,1
9853.81666667,0.00002672,0.00002489,5
9853.85833333,0.00004487,0.00002127,2
9856.95000000,0.00002604,0.00001418,1
9857.79166667,0.00002397,0.00001539,8
9860.00000000,0.00031727,0.00024180,3
9863.01666667,0.00004515,0.00003265,3
9863.28333333,0.00003256,0.00001757,1
9865.00000000,0.00012510,0.00006809,1
9865.47500000,0.00004827,0.00001301,4
9868.67500000,0.00013943,0.00009787,3
9868.79166667,0.00033859,0.00045452,9
9869.75833333,0.00005919,0.00033831,17
9869.77500000,0.00006221,0.00032611,17
9870.00000000,0.00008771,0.00009836,7
9870.22500000,0.00004231,0.00001484,0
9870.23333333,0.00004257,0.00001434,0
9871.50000000,0.00005460,0.00001415,4
9871.53333333,0.00006234,0.00001207,6
9875.00000000,0.00047726,0.00012031,4
9880.00000000,0.00037117,0.00017378,2
9883.04166667,0.00141450,0.00052803,0
9885.00000000,0.00012197,0.00008341,8
9889.27500000,0.00002581,0.00003275,9
9890.00000000,0.00031501,0.00006696,6
9891.50833333,0.00021246,0.00008936,0
9893.14166667,0.00004145,0.00003826,5
9893.30833333,0.01053290,0.00425540,0
9896.60833333,0.00464769,0.00166941,0
9898.16666667,0.00002317,0.00003803,11
9898.17500000,0.00002361,0.00003772,11
9898.40833333,0.00075923,0.00028755,0
9898.75000000,0.00005759,0.00003214,1
9900.00000000,0.00140398,0.00030871,6
9900.20833333,0.00002004,0.00001939,5
9902.75000000,0.00002414,0.00001513,1
9905.00000000,0.00011982,0.00006456,1
9910.00000000,0.00038268,0.00005119,10
9917.48333333,0.00018133,0.00001852,10
9919.23333333,0.00021725,0.00012386,1
9919.35000000,0.00008953,0.00008660,5
9920.00000000,0.00023436,0.00016789,3
9922.05000000,0.00004770,0.00001404,4
9925.00000000,0.00005365,0.00007575,22
9930.00000000,0.00038892,0.00018223,2
9934.70833333,0.00020824,0.00016975,3
9939.29166667,0.00005438,0.00001284,6
9939.56666667,0.00007801,0.00003268,0
9939.58333333,0.00007260,0.00002835,0
9940.00000000,0.00033288,0.00019726,1
9945.00000000,0.00012224,0.00008002,8
9950.00000000,0.00035142,0.00072194,13
9960.00000000,0.00029229,0.00017614,1
9960.94166667,0.00029626,0.00016858,1
9962.95000000,0.00003801,0.00001663,2
9965.00833333,0.00011906,0.00008240,8
9967.75000000,0.00003542,0.00001304,0
9967.77500000,0.00004225,0.00001431,0
9970.00000000,0.00042533,0.00021247,2
9974.80833333,0.00002567,0.00001158,2
9975.00000000,0.00006056,0.00002187,0
9978.20833333,0.00005342,0.00002844,1
9980.00000000,0.00029602,0.00024072,3
9980.18333333,0.00006057,0.00002088,0
9983.55833333,0.00274553,0.00120392,2
9983.57500000,0.00285867,0.00116748,0
9984.76666667,0.00003435,0.00002059,1
9984.78333333,0.00003952,0.00001649,0
9984.85000000,0.00002179,0.00002777,9
9984.90833333,0.00005152,0.00001459,4
9984.95000000,0.00005654,0.00002702,2
9985.02500000,0.00009542,0.00002412,4
9985.05833333,0.00002374,0.00004576,13
9985.10000000,0.00003800,0.00001815,2
9985.15833333,0.00005582,0.00003055,1
9985.18333333,0.00005265,0.00003623,8
9985.43333333,0.20464162,0.10402306,2
9985.64166667,0.00021170,0.00010668,2
9985.76666667,0.00006504,0.00003719,1
9985.77500000,0.00006324,0.00003743,1
9985.85833333,0.00003054,0.00002302,3
9985.88333333,0.00003029,0.00001904,1
9986.00833333,0.00002137,0.00002671,9
9988.74166667,0.00180286,0.00091459,2
9990.00000000,0.00046896,0.00018145,0
9995.61666667,0.00024378,0.00008850,0
10000.00000000,0.00061370,0.00166942,12
10004.75833333,0.00004938,0.00002256,2
10004.77500000,0.00005108,0.00002426,2
10005.00000000,0.00010080,0.00007198,3
10008.87500000,0.00003054,0.00002398,3
10010.00000000,0.00045099,0.00021030,2
10020.00000000,0.00013329,0.00003608,4
10020.16666667,0.00004039,0.00004381,7
10024.80000000,0.00010884,0.00005754,1
10024.90000000,0.00015815,0.00005893,0
10025.01666667,0.00004825,0.00007829,11
10030.00000000,0.00034627,0.00023383,8
10032.20833333,0.00006248,0.00001833,4
10035.30000000,0.00019045,0.00005384,4
10040.00000000,0.00019770,0.00009914,2
10041.76666667,0.00108576,0.00020103,6
10042.61666667,0.00020342,0.00008747,2
10043.72500000,0.00052351,0.00019338,0
10044.12500000,0.00014683,0.00007341,2
10044.14166667,0.00014364,0.00006998,2
10044.45000000,0.00026667,0.00006153,6
10045.01666667,0.00003530,0.00001281,0
10048.82500000,0.00015564,0.00006109,0
10048.84166667,0.00015129,0.00006264,0
10050.00000000,0.00055105,0.00031020,1
10057.30000000,0.00007512,0.00007559,7
10057.36666667,0.00020320,0.00018544,5
10060.00000000,0.00021935,0.00003597,6
10064.20833333,0.00056026,0.00021781,0
10065.00833333,0.00004424,0.00003586,3
10065.46666667,0.00002218,0.00001476,8
10065.67500000,0.00026039,0.00008795,0
10065.78333333,0.00002198,0.00001191,1
10068.75833333,0.00003908,0.00002715,8
10068.77500000,0.00003785,0.00002827,3
10070.00000000,0.00036977,0.00021959,1
10073.51666667,0.00003116,0.00006126,13
10073.72500000,0.01712843,0.00020636,14
10073.77500000,0.01133064,0.00013328,14
10074.62500000,0.00007553,0.00006159,3
10074.63333333,0.00007413,0.00006071,3
10075.00000000,0.00014080,0.00006838,2
10076.10833333,0.00026375,0.00004251,6
10085.00000000,0.00002864,0.00003584,9
10086.82500000,0.00004723,0.00002377,2
10086.85833333,0.00005587,0.00002765,2
10088.36666667,0.00005159,0.00001791,0
10088.38333333,0.00005279,0.00001681,4
10090.00000000,0.00037821,0.00023032,1
10093.44166667,0.00002562,0.00001222,2
10093.71666667,0.00006109,0.00001747,4
10093.80833333,0.00007177,0.00002878,0
10094.08333333,0.23543621,0.08137284,0
10094.28333333,0.00028033,0.00009526,0
10094.42500000,0.00005381,0.00002447,2
10094.49166667,0.00004450,0.00001352,4
10094.55833333,0.00003088,0.00001467,2
10094.66666667,0.00003906,0.00001559,0
10095.37500000,0.00004761,0.00001347,4
10095.56666667,0.00072126,0.00036954,2
10095.57500000,0.00072819,0.00036844,2
10096.35000000,0.00017237,0.00011875,8
10096.47500000,0.00142704,0.00061764,2
10096.65833333,0.00002110,0.00004623,13
10096.71666667,0.00009108,0.00003279,0
10096.90000000,0.02415978,0.00814467,0
10097.09166667,0.00007744,0.00004187,1
10097.15000000,0.00008049,0.00001818,6
10097.32500000,0.00003007,0.00001396,2
10097.34166667,0.00003266,0.00001284,0
10098.11666667,0.00010499,0.00005835,1
10099.21666667,0.00103399,0.00114590,7
10099.34166667,0.00012831,0.00017972,22
10100.00000000,0.00074512,0.00072266,5
10100.60000000,0.00104843,0.00027836,4
10101.20833333,0.00002502,0.00001480,1
10101.24166667,0.00006920,0.00002033,4
10101.41666667,0.01034883,0.00208310,6
10102.16666667,0.00003689,0.00001620,2
10102.17500000,0.00003777,0.00001563,0
10107.22500000,0.00004231,0.00001916,2
10109.01666667,0.00054568,0.00011522,6
10110.00000000,0.00045200,0.00027144,1
10111.57500000,0.00042201,0.00001593,14
10113.38333333,0.00003684,0.00001163,4
10118.82500000,0.00092720,0.00023808,4
10120.00000000,0.00014432,0.00005219,0
10125.00000000,0.00012071,0.00036257,12
10128.10833333,0.00003471,0.00004927,22
10128.15833333,0.00004515,0.00003910,5
10128.19166667,0.00003875,0.00003932,7
10130.00000000,0.00047716,0.00021537,2
10137.01666667,0.00615169,0.00022632,14
10138.51666667,0.00008776,0.00002808,4
10138.53333333,0.00009020,0.00002674,4
10138.90000000,0.00251463,0.00101472,0
10140.00000000,0.00013687,0.00002739,6
10145.88333333,0.00006667,0.00001817,4
10150.00000000,0.00077078,0.00188761,18
10155.15000000,0.00212368,0.00056575,4
10156.25000000,0.00022517,0.00016341,3
10160.00000000,0.00013508,0.00002701,6
10170.00000000,0.00059327,0.00029287,2
10175.00000000,0.00003614,0.00012295,15
10178.20833333,0.00004705,0.00012167,12
10179.31666667,0.00002827,0.00001385,2
10180.00000000,0.00003266,0.00018312,17
10180.73333333,0.00063209,0.00001896,14
10190.00000000,0.00052248,0.00047753,5
10196.22500000,0.00002925,0.00002005,8
10196.25833333,0.00003717,0.00001805,2
10196.98333333,0.00004549,0.00005451,9
10197.05000000,0.00004315,0.00004829,7
10198.96666667,0.00032318,0.00001344,14
10199.06666667,0.00062591,0.00001197,14
10199.10000000,0.00080214,0.00001166,14
10200.00000000,0.00081491,0.00065909,3
10200.37500000,0.00056616,0.00102576,16
10200.59166667,0.00002723,0.00005000,16
10208.89166667,0.00002369,0.00001614,8
10208.99166667,0.00002104,0.00002156,7
10209.28333333,0.08987712,0.06855083,3
10209.49166667,0.00009216,0.00007368,3
10209.56666667,0.00002377,0.00002750,7
10209.62500000,0.00002918,0.00001851,1
10210.00000000,0.00058826,0.00050246,5
10213.79166667,0.00003077,0.00018549,17
10219.12500000,0.00004124,0.00002311,1
10219.13333333,0.00004019,0.00002314,1
10220.00000000,0.00009443,0.00018640,13
10225.00000000,0.00006442,0.00006953,7
10230.00000000,0.00065870,0.00051484,3
10239.98333333,0.00009362,0.00004707,2
10244.99166667,0.00003095,0.00002431,3
10250.00000000,0.00050961,0.00061423,9
10250.92500000,0.00021884,0.00003647,6
10260.00000000,0.00010576,0.00011718,7
10264.99166667,0.00002500,0.00003145,9
10270.00000000,0.00074431,0.00083369,7
10270.62500000,0.00011192,0.00001618,10
10270.63333333,0.00011203,0.00001628,10
10278.05000000,0.00007505,0.00002035,4
10278.21666667,0.00159768,0.00041864,4
10280.00000000,0.00016288,0.00011263,8
10283.96666667,0.00244360,0.00093437,0
10283.97500000,0.00242082,0.00091834,0
10290.00000000,0.00079898,0.00085224,7
10300.00000000,0.00066689,0.00095757,11
10310.00000000,0.00077253,0.00088369,7
10313.00833333,0.00005299,0.00004975,5
10319.29166667,0.00046620,0.00001433,14
10320.00000000,0.00011877,0.00013409,7
10325.00000000,0.00007067,0.00002686,0
10330.00000000,0.00074729,0.00098138,9
10336.17500000,0.00111630,0.00061588,1
10336.45833333,0.00007568,0.00001427,6
10336.48333333,0.00007878,0.00001353,6
10340.00000000,0.00013132,0.00013724,7
10345.00000000,0.00005904,0.00006204,7
10350.00000000,0.00077364,0.00100566,9
10351.56666667,0.00005675,0.00006637,24
10360.00000000,0.00010955,0.00011707,7
10365.00000000,0.00007589,0.00010931,11
10365.78333333,0.00043376,0.00019105,2
10370.00000000,0.00066890,0.00095093,22
10370.26666667,0.00006145,0.00001917,4
10370.29166667,0.00005622,0.00001851,23
10373.55833333,0.00428955,0.00001975,14
10373.58333333,0.00408713,0.00002324,14
10375.00000000,0.00005850,0.00002693,2
10380.00000000,0.00006695,0.00015772,13
10385.00000000,0.00008275,0.00011677,22
10386.33333333,0.00009321,0.00002553,4
10386.37500000,0.00011801,0.00001400,10
10386.44166667,0.00005904,0.00002624,2
10390.00000000,0.00057973,0.00090830,11
10390.62500000,0.00002634,0.00002732,7
10394.00833333,0.00020165,0.00014447,3
10400.00000000,0.00059178,0.00091596,11
10400.39166667,0.00002481,0.00001494,1
10405.00000000,0.00007776,0.00010817,9
10410.00000000,0.00048990,0.00078110,11
10420.00000000,0.00004069,0.00014320,15
10425.00000000,0.00005424,0.00011950,13
10430.00000000,0.00037102,0.00073842,13
10439.44166667,0.00003009,0.00001734,1
10440.00000000,0.00004355,0.00011834,12
10449.20000000,0.00004623,0.00001570,0
10450.00000000,0.00031489,0.00061019,13
10452.22500000,0.00006429,0.00001773,4
10460.00000000,0.00005325,0.00009294,16
10463.61666667,0.00012277,0.00012817,7
10470.00000000,0.00021423,0.00057489,12
10477.42500000,0.00183692,0.00002626,14
10477.43333333,0.00188288,0.00002583,14
10477.50000000,0.00123145,0.00002020,14
10480.00000000,0.00003409,0.00018350,17
10490.00000000,0.00022570,0.00054729,18
10490.39166667,0.00003441,0.00002488,3
10494.40833333,0.00002075,0.00001315,1
10498.28333333,0.00010234,0.00009461,5
10498.74166667,0.00008657,0.00009373,7
10500.00000000,0.00030874,0.00129047,15
10501.34166667,0.00544163,0.00236876,2
10505.00000000,0.00003190,0.00007964,18
10510.00000000,0.00025822,0.00067283,12
10514.15000000,0.00022372,0.00006793,4
10520.00000000,0.00003322,0.00017311,17
10525.00000000,0.00005642,0.00030556,17
10530.00000000,0.00026927,0.00070623,12
10530.51666667,0.00004648,0.00001783,0
10540.00000000,0.00002451,0.00011509,27
10540.92500000,0.00003195,0.00008916,12
10540.94166667,0.00002951,0.00009448,12
10541.00833333,0.00003138,0.00004739,11
10541.99166667,0.00006398,0.00020991,12
10545.00000000,0.00002388,0.00008234,15
10550.00000000,0.00019216,0.00043415,13
10557.55000000,0.00002974,0.00002630,5
10558.65833333,0.00005241,0.00001586,4
10558.67500000,0.00005057,0.00001630,4
10560.00000000,0.00002882,0.00012419,15
10567.33333333,0.00004776,0.00001413,4
10570.00000000,0.00021355,0.00074482,15
10575.98333333,0.00005387,0.00009046,11
10576.52500000,0.00003751,0.00002131,1
10576.55833333,0.00003789,0.00001375,0
10590.00000000,0.00017642,0.00070013,15
10595.70000000,0.00002791,0.00001740,1
10600.00000000,0.00007015,0.00018171,12
10610.00000000,0.00012863,0.00067158,17
10610.97500000,0.00007147,0.00001704,4
10614.60833333,0.00166661,0.00131929,3
10614.79166667,0.00003456,0.00001901,1
10616.23333333,0.00008861,0.00001808,6
10618.18333333,0.00005331,0.00006264,24
10624.41666667,0.00017409,0.00005043,4
10625.00000000,0.00011452,0.00034882,12
10628.09166667,0.00035536,0.00015992,2
10630.00000000,0.00010877,0.00063458,17
10634.64166667,0.00007080,0.00002792,0
10635.62500000,0.00007158,0.00003168,2
10635.64166667,0.00006927,0.00003265,2
10637.18333333,0.00004978,0.00001587,4
10639.68333333,0.00015598,0.00013426,5
10644.64166667,0.00284188,0.00136718,2
10650.00000000,0.00006964,0.00097308,19
10658.00000000,0.00003349,0.00003505,7
10662.05000000,0.00017226,0.00013906,3
10670.00000000,0.00005864,0.00064707,19
10673.70000000,0.00002215,0.00001468,8
10677.66666667,0.00002517,0.00001266,2
10677.70833333,0.00001990,0.00001954,21
10679.25833333,0.00038488,0.00044216,7
10683.95833333,0.00003272,0.00003286,7
10683.99166667,0.00003805,0.00003291,5
10684.03333333,0.00003284,0.00003852,24
10690.00000000,0.00008001,0.00065031,17
10691.35833333,0.01065152,0.00288739,4
10693.35833333,0.00002679,0.00002038,3
10697.29166667,0.00261508,0.00327893,9
10698.08333333,0.00009006,0.00008963,7
10699.90000000,0.00013314,0.00016981,9
10700.00000000,0.00009003,0.00089814,19
10704.52500000,0.00001977,0.00001429,3
10707.70833333,0.00005659,0.00002477,2
10710.00000000,0.00009025,0.00059141,17
10711.86666667,0.00008285,0.00001990,4
10711.88333333,0.00008495,0.00002040,4
10712.90833333,0.00006248,0.00002621,0
10725.00000000,0.00002668,0.00011352,15
10730.00000000,0.00007623,0.00055322,17
10741.90000000,0.00004747,0.00004383,5
10744.37500000,0.00031878,0.00029037,5
10750.00000000,0.00019064,0.00061147,12
10769.25833333,0.00024966,0.00006623,4
10770.00000000,0.00009316,0.00043211,15
10773.35000000,0.00019939,0.00015170,3
10773.55000000,0.00175400,0.00155317,5
10775.00000000,0.00003073,0.00003106,7
10777.14166667,0.00055003,0.00073717,9
10780.00000000,0.00002812,0.00007172,12
10782.50833333,0.00065094,0.00086248,9
10790.00000000,0.00009314,0.00035766,15
10794.66666667,0.00004924,0.00001436,4
10794.67500000,0.00004662,0.00001425,4
10795.80833333,0.00005149,0.00001808,0
10795.83333333,0.00005967,0.00002301,0
10800.00000000,0.00033669,0.00142227,15
10802.90833333,0.00142976,0.00004712,14
10806.96666667,0.00005005,0.00003352,8
10806.98333333,0.00005419,0.00003443,8
10810.00000000,0.00014377,0.00035325,18
10813.15000000,0.00002774,0.00001166,0
10813.18333333,0.00002392,0.00001634,8
10816.37500000,0.00046825,0.00002089,14
10817.49166667,0.00003771,0.00001855,2
10820.00000000,0.00002577,0.00011592,15
10830.00000000,0.00018233,0.00038643,13
10836.82500000,0.00020024,0.00006846,0
10840.00000000,0.00004264,0.00006910,11
10850.00000000,0.00037174,0.00087724,13
10860.00000000,0.00005236,0.00006506,9
10864.42500000,0.00038356,0.00145499,15
10864.43333333,0.00039431,0.00144071,15
10864.50000000,0.00034940,0.00165481,27
10864.58333333,0.00019035,0.00058110,12
10864.66666667,0.00020674,0.00119722,17
10867.95833333,0.00036375,0.00004957,10
10868.00833333,0.00029732,0.00005168,6
10870.00000000,0.00057169,0.00054545,5
10870.08333333,0.00016204,0.00013285,3
10874.99166667,0.00006328,0.00018365,12
10880.00000000,0.00006008,0.00008251,9
10883.70833333,0.00002266,0.00002983,9
10883.73333333,0.00002544,0.00003252,9
10890.00000000,0.00039480,0.00071346,16
10900.00000000,0.00011509,0.00035605,12
10904.52500000,0.00004360,0.00008784,13
10904.92500000,0.00002570,0.00004591,16
10904.95833333,0.00002135,0.00005187,18
10905.42500000,0.00006175,0.00012804,13
10910.00000000,0.00046032,0.00074207,11
10915.30833333,0.00032961,0.00049321,11
10915.35833333,0.00032966,0.00036049,7
10918.52500000,0.00055363,0.00004467,10
10919.30000000,0.00074299,0.00048092,8
10919.34166667,0.00088677,0.00039886,2
10919.39166667,0.00064379,0.00058374,5
10919.52500000,0.00084332,0.00038287,2
10919.60833333,0.00052536,0.00026431,2
10925.00000000,0.00003470,0.00002185,1
10930.00000000,0.00052327,0.00080582,11
10937.50000000,0.00076590,0.00021138,4
10940.00000000,0.00004783,0.00008961,16
10950.00000000,0.00039228,0.00043760,7
10959.63333333,0.00002152,0.00001550,3
10960.00000000,0.00002984,0.00012137,15
10970.00000000,0.00058854,0.00073841,9
10975.00000000,0.00002441,0.00011093,15
10980.00000000,0.00004471,0.00007569,11
10985.00000000,0.00002148,0.00003324,11
10990.00000000,0.00056479,0.00065488,24
10991.55000000,0.00009303,0.00002591,4
11000.00000000,0.00077195,0.00114201,11
11003.43333333,0.00006112,0.00011498,16
11008.32500000,0.00002021,0.00001667,26
11010.00000000,0.00055787,0.00059814,7
11011.27500000,0.00003327,0.00001181,0
11011.82500000,0.00005477,0.00001490,4
11012.85833333,0.00005580,0.00002397,2
11017.55833333,0.00004042,0.00002847,3
11025.00000000,0.00005008,0.00008478,11
11025.53333333,0.00002279,0.00001474,8
11030.00000000,0.00055834,0.00051774,5
11039.99166667,0.00006599,0.00015317,13
11044.99166667,0.00002271,0.00002729,9
11050.00000000,0.00046325,0.00044163,5
11060.00000000,0.00003452,0.00012919,15
11063.40000000,0.00012238,0.00037155,12
11063.46666667,0.00012061,0.00040433,15
11063.55000000,0.00017847,0.00088443,17
11065.00000000,0.00035363,0.00002962,10
11070.00000000,0.00046538,0.00050106,7
11073.15833333,0.00016303,0.00004820,4
11073.19166667,0.00014287,0.00004065,4
11075.00000000,0.00004332,0.00005849,9
11078.53333333,0.00055284,0.00026217,2
11079.16666667,0.00667979,0.00270440,0
11079.95833333,0.00002184,0.00006130,12
11079.99166667,0.00002050,0.00008604,15
11080.34166667,0.00334061,0.00161148,2
11080.96666667,0.00010929,0.00005800,1
11080.97500000,0.00011152,0.00005768,2
11084.99166667,0.00002655,0.00003003,7
11090.00000000,0.00043381,0.00044562,7
11090.28333333,0.00008133,0.00004306,1
11092.49166667,0.00154672,0.00041345,4
11100.00000000,0.00019045,0.00011091,1
11106.00833333,0.00002448,0.00002891,9
11110.00000000,0.00054424,0.00050524,5
11120.00000000,0.00007992,0.00007729,5
11124.44166667,0.00012502,0.00012123,5
11125.00000000,0.00012083,0.00002566,6
11130.00000000,0.00063713,0.00055950,5
11130.62500000,0.00033494,0.00002529,10
11131.06666667,0.00002535,0.00001370,1
11132.80833333,0.00003346,0.00003356,7
11133.04166667,0.00003470,0.00010518,12
11133.09166667,0.00005638,0.00007493,9
11140.00000000,0.00002978,0.00008908,12
11140.54166667,0.00013868,0.00001167,10
11150.00000000,0.00056212,0.00069256,9
11153.88333333,0.00002200,0.00012393,17
11158.36666667,0.00005004,0.00008453,11
11158.37500000,0.00004995,0.00008480,11
11160.00000000,0.00006125,0.00008431,9
11170.00000000,0.00049492,0.00040786,26
11172.02500000,0.00002023,0.00003060,11
11174.99166667,0.00014935,0.00005540,0
11175.11666667,0.00013936,0.00002415,6
11176.70833333,0.00002008,0.00003649,16
11176.90833333,0.00015135,0.00003917,4
11177.70833333,0.00421649,0.00114221,4
11180.00000000,0.00005014,0.00011050,13
11183.63333333,0.00010100,0.00002635,4
11190.00000000,0.00045794,0.00034867,3
11200.00000000,0.00024497,0.00022101,5
11204.99166667,0.00030932,0.00001553,14
11205.20000000,0.00027872,0.00001206,14
11206.39166667,0.00003115,0.00005530,16
11210.00000000,0.00055270,0.00037886,8
11220.00000000,0.00010404,0.00007975,3
11225.00000000,0.00021506,0.00011634,1
11225.04166667,0.00015410,0.00009282,1
11230.00000000,0.00063844,0.00043552,8
11230.35833333,0.00005964,0.00001424,4
11232.65833333,0.00006085,0.00002634,2
11232.76666667,0.00002578,0.00002207,5
11232.77500000,0.00002613,0.00002223,5
11239.36666667,0.00018328,0.00003107,6
11239.37500000,0.00018364,0.00002994,6
11239.47500000,0.00010345,0.00002650,4
11239.70833333,0.00002419,0.00001226,2
11240.00000000,0.00011905,0.00010565,5
11241.06666667,0.00002240,0.00002320,7
11241.07500000,0.00002063,0.00002312,7
11250.00000000,0.00120998,0.00053578,2
11260.00000000,0.00015814,0.00009467,1
11260.39166667,0.00029091,0.00004025,10
11264.93333333,0.00002674,0.00001866,3
11264.97500000,0.00002795,0.00002600,5
11270.00000000,0.00107379,0.00063339,1
11275.00000000,0.00006099,0.00013957,13
11280.00000000,0.00016786,0.00015720,5
11285.00000000,0.00004252,0.00003186,3
11287.16666667,0.00008200,0.00003563,2
11287.20833333,0.00006228,0.00003807,1
11290.00000000,0.00128644,0.00080382,1
11290.11666667,0.00020481,0.00006257,4
11290.20833333,0.00055189,0.00008585,6
11290.30000000,0.00027908,0.00003711,10
11291.61666667,0.00007789,0.00012470,11
11291.64166667,0.00007302,0.00011301,11
11296.32500000,0.00210202,0.00028382,10
11296.45833333,0.00237708,0.00030952,10
11296.54166667,0.00123304,0.00016863,10
11299.01666667,0.00018477,0.00025649,9
11300.00000000,0.00025561,0.00020276,3
11305.00000000,0.00005813,0.00004326,3
11307.49166667,0.00014161,0.00001954,10
11310.00000000,0.00145488,0.00083788,1
11310.20833333,0.00007740,0.00001466,6
11310.30833333,0.00004790,0.00008692,16
11318.77500000,0.00261309,0.00186793,3
11320.00000000,0.00017387,0.00016186,5
11325.00000000,0.00013032,0.00007403,1
11328.12500000,0.00020354,0.00012445,1
11328.15000000,0.00017251,0.00011547,8
11328.25000000,0.00004724,0.00002524,1
11330.00000000,0.00155972,0.00091758,1
11340.00000000,0.00020628,0.00019583,5
11344.48333333,0.00003684,0.00003594,21
11345.00000000,0.00004704,0.00003375,3
11345.21666667,0.00064665,0.00013170,6
11345.39166667,0.00015897,0.00003619,6
11349.70000000,0.00098008,0.00028495,4
11349.85833333,0.00038296,0.00010863,4
11350.00000000,0.00174570,0.00095806,1
11352.55000000,0.00004338,0.00001558,0
11352.90833333,0.00011588,0.00005637,2
11352.99166667,0.00045293,0.00010558,6
11353.52500000,0.00002197,0.00001232,1
11360.00000000,0.00019859,0.00021480,7
11365.00833333,0.00002728,0.00002021,3
11370.00000000,0.00200776,0.00112409,1
11373.66666667,0.00004945,0.00001666,0
11375.00000000,0.00032758,0.00013307,0
11376.72500000,0.00003318,0.00001643,2
11376.73333333,0.00003327,0.00001582,2
11380.00000000,0.00018654,0.00021210,7
11390.00000000,0.00204628,0.00114810,1
11400.00000000,0.00026316,0.00023407,5
11405.00000000,0.00002620,0.00003084,24
11406.25000000,0.00008978,0.00004461,2
11410.00000000,0.00216895,0.00116325,1
11418.70833333,0.00036801,0.00033214,5
11418.78333333,0.00027804,0.00024575,5
11420.00000000,0.00025986,0.00023809,5
11421.91666667,0.00003321,0.00007697,13
11425.00000000,0.00006868,0.00010358,11
11428.75000000,0.00009884,0.00007539,3
11430.00000000,0.00247833,0.00132339,1
11430.30000000,0.00040630,0.00030729,3
11430.36666667,0.00032006,0.00018873,1
11435.55833333,0.00007437,0.00001527,6
11438.10000000,0.00004440,0.00005928,9
11440.00000000,0.00034508,0.00016469,2
11450.00000000,0.00304758,0.00168097,1
11452.45833333,0.00169367,0.00205008,9
11452.58333333,0.00187134,0.00101728,1
11455.25833333,0.00049873,0.00034540,8
11458.16666667,0.00024272,0.00046822,13
11458.19166667,0.00026999,0.00049860,16
11458.27500000,0.00012326,0.00026503,13
11460.00000000,0.00054533,0.00033469,1
11465.00000000,0.00002622,0.00002103,3
11468.24166667,0.00012094,0.00011226,5
11470.00000000,0.00380924,0.00192487,2
11475.00000000,0.00007327,0.00002645,0
11480.00000000,0.00054747,0.00019309,0
11480.97500000,0.00005427,0.00001773,23
11484.37500000,0.00014847,0.00008643,1
11485.00000000,0.00002268,0.00002152,5
11488.94166667,0.00013954,0.00003767,4
11490.00000000,0.00399744,0.00194248,2
11497.35833333,0.00004526,0.00002773,1
11497.38333333,0.00005017,0.00003337,8
11497.46666667,0.00002316,0.00002095,5
11499.12500000,0.00013460,0.00012915,5
11499.13333333,0.00013439,0.00012865,5
11500.00000000,0.00040503,0.00018746,2
11505.00000000,0.00002402,0.00001511,1
11510.00000000,0.00385403,0.00185014,2
11520.00000000,0.00051805,0.00016384,4
11523.44166667,0.00024552,0.00012002,2
11524.98333333,0.00012238,0.00007344,1
11525.06666667,0.00018534,0.00017759,5
11525.10000000,0.00022437,0.00016235,3
11525.75833333,0.00005400,0.00004863,5
11530.00000000,0.00356026,0.00164019,2
11537.60000000,0.00005823,0.00005611,5
11538.08333333,0.00023383,0.00019722,5
11538.82500000,0.00012650,0.00008468,8
11538.83333333,0.00013137,0.00008591,8
11540.00000000,0.00039944,0.00019153,2
11540.50000000,0.00006363,0.00005442,5
11540.55833333,0.00007558,0.00006360,5
11540.59166667,0.00005549,0.00005956,7
11543.25000000,0.00007757,0.00010308,9
11550.00000000,0.00308655,0.00142014,2
11560.00000000,0.00029543,0.00010079,0
11565.41666667,0.00030648,0.00001331,14
11565.44166667,0.00032383,0.00001236,14
11570.00000000,0.00266905,0.00114180,2
11572.11666667,0.00002245,0.00004189,16
11572.26666667,0.00004254,0.00003174,3
11575.00000000,0.00006489,0.00001748,4
11580.00000000,0.00027155,0.00014870,1
11590.00000000,0.00249103,0.00106418,2
11592.53333333,0.00026417,0.00003256,10
11592.57500000,0.00031149,0.00004846,6
11592.64166667,0.00019002,0.00004555,4
11593.42500000,0.00192234,0.00089939,2
11593.45833333,0.00175484,0.00082946,2
11595.90833333,0.00085925,0.00038041,2
11595.95833333,0.00078282,0.00030910,0
11600.00000000,0.00046379,0.00022995,2
11604.36666667,0.00007018,0.00009745,9
11604.37500000,0.00007046,0.00009704,9
11610.00000000,0.00236478,0.00097208,0
11620.00000000,0.00023302,0.00011290,2
11621.09166667,0.00005282,0.00002281,2
11625.00000000,0.00033190,0.00013686,0
11630.00000000,0.00210881,0.00086301,0
11632.66666667,0.00048894,0.00036689,3
11632.68333333,0.00046165,0.00034692,3
11640.00000000,0.00024073,0.00010642,2
11640.62500000,0.00007386,0.00003189,2
11640.63333333,0.00007238,0.00003153,2
11641.65000000,0.00043137,0.00001785,14
11641.74166667,0.00039325,0.00002011,14
11644.42500000,0.00021200,0.00013644,8
11644.43333333,0.00020889,0.00013402,8
11645.43333333,0.00003221,0.00001974,1
11645.47500000,0.00004143,0.00002273,1
11649.28333333,0.00002551,0.00012881,17
11650.00000000,0.00171430,0.00065077,0
11660.00000000,0.00025197,0.00009277,0
11665.00000000,0.00002460,0.00001484,1
11665.72500000,0.00056557,0.00013634,4
11670.00000000,0.00126469,0.00055103,2
11671.15000000,0.00067801,0.00042561,1
11675.00000000,0.00003710,0.00006390,16
11677.62500000,0.00007920,0.00004962,1
11677.63333333,0.00007895,0.00004869,1
11680.00000000,0.00022593,0.00004446,6
11685.01666667,0.00003286,0.00001226,0
11690.00000000,0.00114831,0.00043783,0
11700.00000000,0.00064341,0.00023028,0
11702.92500000,0.00002109,0.00002386,7
11702.93333333,0.00002120,0.00002378,7
11710.00000000,0.00106492,0.00043566,0
11718.75000000,0.00099663,0.00042801,2
11720.00000000,0.00034254,0.00013039,0
11725.00000000,0.00018363,0.00003730,6
11728.40833333,0.00002334,0.00001182,2
11729.10833333,0.00012542,0.00010259,3
11729.76666667,0.00016114,0.00017383,7
11729.77500000,0.00015026,0.00016842,7
11729.85833333,0.00017174,0.00012524,3
11730.00000000,0.00120953,0.00048606,0
11740.00000000,0.00038608,0.00010016,4
11741.16666667,0.00003068,0.00019913,17
11741.18333333,0.00003162,0.00018332,17
11750.00000000,0.00116737,0.00045928,0
11750.38333333,0.00009526,0.00018995,13
11760.00000000,0.00035279,0.00010573,4
11761.56666667,0.00003588,0.00002609,3
11761.68333333,0.00007527,0.00013056,16
11767.50833333,0.00095097,0.00121596,9
11767.53333333,0.00084662,0.00111563,9
11770.00000000,0.00136018,0.00055778,0
11770.22500000,0.00034272,0.00081987,18
11770.23333333,0.00034547,0.00081794,18
11775.00000000,0.00017490,0.00004201,4
11778.10000000,0.00018750,0.00002950,6
11780.00000000,0.00028726,0.00004262,25
11780.91666667,0.00169732,0.00028188,6
11788.10833333,0.00002322,0.00001475,1
11788.14166667,0.00002913,0.00002015,8
11788.26666667,0.00010307,0.00005442,20
11788.27500000,0.00010125,0.00005377,1
11790.00000000,0.00133967,0.00048989,0
11794.15833333,0.00005823,0.00004314,3
11796.87500000,0.00003667,0.00001296,0
11800.00000000,0.00049123,0.00019777,0
11810.00000000,0.00143586,0.00053891,0
11810.64166667,0.00090385,0.00055457,1
11810.72500000,0.00063704,0.00043706,8
11816.40000000,0.00007549,0.00003046,0
11817.63333333,0.00005908,0.00002029,0
11820.00000000,0.00022590,0.00003729,6
11825.00000000,0.00029091,0.00008293,4
11825.65833333,0.00002058,0.00001216,1
11830.00000000,0.00180945,0.00066110,0
11830.86666667,0.00007577,0.00004619,1
11830.87500000,0.00007527,0.00004655,1
11839.70833333,0.00016285,0.00009376,1
11840.00000000,0.00033510,0.00010653,4
11842.78333333,0.00005136,0.00002515,2
11845.00000000,0.00002155,0.00001297,1
11850.00000000,0.00211489,0.00077286,0
11850.08333333,0.00101689,0.00020834,6
11850.20000000,0.00051401,0.00004494,10
11860.00000000,0.00033913,0.00007848,6
11865.25833333,0.00008553,0.00003389,0
11868.60000000,0.00013273,0.00008414,1
11868.63333333,0.00011821,0.00008001,8
11869.77500000,0.00005183,0.00013957,12
11870.00000000,0.00226253,0.00079466,0
11875.00000000,0.00041324,0.00014408,0
11880.00000000,0.00038508,0.00014786,0
11889.56666667,0.00168283,0.00054029,4
11890.00000000,0.00292365,0.00103128,0
11892.21666667,0.00027123,0.00025444,5
11894.45833333,0.00206339,0.00106500,2
11894.48333333,0.00187762,0.00099658,1
11894.81666667,0.00003587,0.00001821,2
11894.83333333,0.00003412,0.00001742,2
11896.79166667,0.00005526,0.00004990,5
11900.00000000,0.00091118,0.00029426,4
11910.00000000,0.00360404,0.00126518,0
11911.10000000,0.00002257,0.00003501,11
11912.55000000,0.00001988,0.00003797,16
11914.06666667,0.00098017,0.00037510,0
11920.00000000,0.00052680,0.00019003,0
11923.62500000,0.00046481,0.00048877,7
11930.00000000,0.00323090,0.00111688,0
11931.92500000,0.00081158,0.00076017,5
11940.00000000,0.00037289,0.00012795,0
11944.55000000,0.00002468,0.00001539,1
11946.67500000,0.00009484,0.00008432,5
11947.51666667,0.00010959,0.00083087,17
11947.61666667,0.00007401,0.00062372,-1
11947.90000000,0.00019636,0.00041326,13
11950.00000000,0.00269981,0.00101580,0
11955.44166667,0.00036096,0.00070073,13
11957.72500000,0.00020710,0.00009932,2
11957.75833333,0.00020751,0.00009342,2
11960.00000000,0.00031237,0.00010966,0
11962.89166667,0.00009194,0.00003350,0
11970.00000000,0.00284789,0.00097761,0
11975.02500000,0.00008635,0.00006223,3
11980.00000000,0.00036370,0.00012597,0
11981.69166667,0.00007163,0.00001597,6
11985.00833333,0.00003786,0.00002625,8
11990.00000000,0.00274104,0.00096540,0
11999.85000000,0.00032820,0.00044479,9
12000.00000000,0.09009191,0.11799848,9
12000.22500000,0.00002727,0.00003024,7
12006.24166667,0.00097608,0.00011945,10
12006.33333333,0.00084986,0.00006852,10
12010.00000000,0.00246594,0.00084320,0
12011.72500000,0.00009218,0.00003547,0
12011.99166667,0.00003439,0.00003149,5
12013.16666667,0.00004658,0.00007241,11
12013.17500000,0.00004740,0.00007134,11
12017.94166667,0.00024783,0.00007382,4
12018.05833333,0.00021078,0.00002425,10
12020.00000000,0.00040646,0.00010487,4
12025.00000000,0.00004068,0.00001732,2
12030.00000000,0.00222495,0.00074735,0
12033.72500000,0.00022567,0.00007864,0
12033.74166667,0.00024110,0.00008267,0
12033.83333333,0.00017368,0.00003697,6
12036.21666667,0.00062819,0.00422841,17
12036.32500000,0.00044692,0.00269177,17
12040.00000000,0.00038259,0.00012336,4
12041.30833333,0.00002396,0.00001194,2
12042.43333333,0.00005938,0.00001267,6
12042.54166667,0.00006222,0.00001485,4
12050.00000000,0.00302691,0.00117090,0
12059.39166667,0.00005478,0.00006325,7
12060.00000000,0.00030662,0.00006418,6
12060.53333333,0.00005113,0.00001554,4
12070.00000000,0.00344423,0.00112607,23
12075.00000000,0.00021236,0.00006625,4
12076.06666667,0.00020689,0.00001601,10
12076.10000000,0.00018541,0.00001652,10
12080.00000000,0.00030540,0.00004329,10
12084.99166667,0.00006501,0.00001241,6
12085.36666667,0.00003480,0.00001949,1
12085.37500000,0.00003434,0.00001942,1
12090.00000000,0.00242685,0.00080824,0
12100.00000000,0.00050185,0.00017132,0
12109.37500000,0.00079004,0.00027348,0
12110.00000000,0.00120754,0.00041128,0
12120.00000000,0.00033126,0.00008185,4
12125.00000000,0.00038309,0.00020450,1
12128.69166667,0.00004277,0.00001772,0
12129.37500000,0.00008326,0.00003663,2
12130.00000000,0.00157185,0.00049744,4
12140.00000000,0.00034703,0.00010625,4
12142.59166667,0.00003475,0.00026818,17
12142.72500000,0.00004464,0.00045414,19
12142.75000000,0.00005215,0.00041861,17
12150.00000000,0.00196516,0.00068414,0
12158.20833333,0.00011048,0.00004015,0
12170.00000000,0.00118800,0.00041126,0
12175.00000000,0.00019827,0.00002535,10
12180.00000000,0.00017426,0.00005088,4
12185.67500000,0.00036293,0.00014491,0
12185.79166667,0.00032422,0.00010750,0
12185.89166667,0.00014127,0.00010385,3
12190.00000000,0.00066592,0.00020640,4
12200.00000000,0.00024670,0.00005944,4
12207.03333333,0.00018733,0.00005752,4
12210.00000000,0.00128449,0.00041208,4
12216.37500000,0.00002296,0.00001875,3
12220.00000000,0.00028324,0.00007407,4
12220.25833333,0.00002140,0.00001449,8
12220.27500000,0.00001998,0.00001472,3
12224.12500000,0.00117031,0.00089172,3
12225.00000000,0.00013527,0.00004910,0
12230.00000000,0.00197327,0.00065000,0
12236.60833333,0.00005370,0.00002468,2
12236.65833333,0.00004351,0.00002210,2
12237.03333333,0.00002092,0.00004772,13
12237.50833333,0.00011194,0.00007319,8
12239.57500000,0.00014482,0.00006604,2
12240.00000000,0.00025076,0.00007603,4
12250.00000000,0.00201810,0.00067009,0
12255.85000000,0.00013523,0.00003786,4
12260.00000000,0.00026904,0.00006728,4
12264.16666667,0.00011955,0.00005316,2
12264.18333333,0.00012799,0.00005496,2
12264.42500000,0.00181344,0.00099457,1
12264.80000000,0.00209826,0.00102902,2
12265.04166667,0.00010608,0.00006674,1
12267.01666667,0.00002215,0.00004359,13
12267.04166667,0.00001978,0.00004039,13
12268.18333333,0.00003108,0.00005783,16
12270.00000000,0.00082984,0.00028273,0
12275.00000000,0.00005764,0.00004251,3
12276.15833333,0.00006587,0.00003633,1
12276.17500000,0.00006298,0.00003356,1
12280.00000000,0.00006794,0.00003549,20
12290.00000000,0.00157632,0.00051767,23
12294.14166667,0.00004665,0.00001477,4
12300.00000000,0.00040807,0.00006946,6
12304.68333333,0.00068055,0.00019747,4
12306.60833333,0.00007967,0.00006353,3
12308.15000000,0.00005392,0.00004115,3
12310.00000000,0.00129069,0.00043512,0
12313.01666667,0.00018825,0.00031421,11
12313.03333333,0.00019413,0.00030933,11
12320.00000000,0.00015710,0.00004166,4
12325.00000000,0.00034794,0.00009939,4
12330.00000000,0.00019878,0.00007212,0
12331.10000000,0.00002769,0.00008066,12
12332.10833333,0.00003393,0.00001741,2
12340.00000000,0.00025782,0.00005925,6
12343.76666667,0.00012056,0.00003993,0
12344.99166667,0.00005635,0.00001239,6
12350.00000000,0.00059913,0.00027085,2
12351.90833333,0.00005991,0.00002213,0
12352.71666667,0.00045880,0.00032525,3
12353.49166667,0.00023558,0.00007397,4
12360.00000000,0.00011565,0.00002625,6
12362.80833333,0.00016210,0.00001416,10
12362.83333333,0.00018231,0.00001277,10
12365.00000000,0.00009915,0.00002005,6
12366.72500000,0.00003122,0.00001694,1
12366.76666667,0.00003162,0.00001832,1
12366.77500000,0.00003147,0.00001842,1
12370.00000000,0.00064241,0.00020379,4
12370.74166667,0.00003595,0.00001417,0
12375.00000000,0.00022278,0.00017034,3
12379.78333333,0.00002185,0.00001193,1
12380.00000000,0.00012253,0.00001644,10
12382.79166667,0.00002059,0.00001320,8
12384.80000000,0.00006919,0.00002363,0
12386.08333333,0.00021223,0.00008014,0
12390.00000000,0.00122964,0.00039646,4
12391.35000000,0.00010869,0.00003251,4
12391.38333333,0.00009484,0.00003195,0
12393.14166667,0.00010755,0.00020350,16
12393.22500000,0.00010369,0.00018561,16
12400.00000000,0.00028176,0.00017209,1
12402.33333333,0.00008844,0.00002495,4
12405.31666667,0.00006074,0.00001547,4
12410.00000000,0.00029419,0.00010479,0
12414.76666667,0.00005325,0.00003586,8
12414.78333333,0.00005075,0.00003690,3
12417.26666667,0.00067320,0.00039896,1
12417.27500000,0.00067979,0.00040298,1
12425.00000000,0.00019457,0.00011954,1
12430.00000000,0.00069574,0.00023018,0
12433.33333333,0.00030673,0.00010795,0
12439.99166667,0.00002723,0.00002306,5
12447.52500000,0.00010872,0.00029625,12
12447.55000000,0.00011491,0.00027804,18
12450.00000000,0.00053866,0.00003824,10
12457.16666667,0.00015688,0.00004832,4
12457.17500000,0.00015982,0.00004729,4
12457.27500000,0.00004896,0.00001716,0
12459.99166667,0.00005129,0.00001237,4
12461.86666667,0.00004766,0.00002919,1
12461.90000000,0.00004965,0.00002698,1
12470.00000000,0.00010948,0.00004186,0
12470.38333333,0.00015991,0.00011432,3
12475.00000000,0.00007648,0.00002320,4
12479.74166667,0.00004409,0.00003811,5
12479.99166667,0.00002848,0.00001275,2
12480.66666667,0.04956236,0.03536741,3
12480.68333333,0.04713611,0.03408920,3
12480.87500000,0.00007780,0.00005297,8
12480.96666667,0.00002462,0.00001545,1
12482.42500000,0.00117662,0.00083381,3
12482.44166667,0.00116123,0.00081782,3
12488.32500000,0.00011493,0.00008933,3
12488.33333333,0.00011975,0.00008994,3
12488.40000000,0.00008423,0.00006862,3
12490.00833333,0.00007723,0.00001376,6
12490.46666667,0.00030043,0.00079961,12
12490.47500000,0.00030054,0.00079739,12
12496.84166667,0.00012831,0.00007199,1
12498.45000000,0.00002811,0.00001241,2
12498.96666667,0.00003760,0.00001162,4
12499.06666667,0.00004176,0.00001293,4
12499.15833333,0.00004387,0.00001523,0
12499.25833333,0.00004831,0.00001500,4
12499.30833333,0.00006828,0.00001508,6
12499.35833333,0.00005103,0.00001515,4
12499.40833333,0.00007142,0.00001607,6
12499.45833333,0.00006686,0.00002182,23
12499.50833333,0.00008400,0.00001913,6
12499.55000000,0.00008633,0.00002453,4
12499.60000000,0.00010999,0.00003026,4
12499.65000000,0.00011046,0.00002883,4
12499.69166667,0.00015121,0.00004075,4
12499.73333333,0.00018855,0.00005427,4
12499.80833333,0.00032278,0.00009793,4
12499.84166667,0.00056420,0.00015465,4
12500.00000000,1.15965459,0.33865487,4
12500.15833333,0.00052349,0.00014921,4
12500.19166667,0.00033238,0.00009785,4
12500.26666667,0.00019396,0.00005340,4
12500.30833333,0.00014142,0.00004037,4
12500.35833333,0.00011561,0.00003223,4
12500.40000000,0.00010507,0.00002327,6
12500.45000000,0.00009216,0.00003262,0
12500.49166667,0.00007870,0.00001291,6
12500.54166667,0.00007210,0.00002436,0
12500.59166667,0.00006688,0.00001189,6
12500.64166667,0.00006067,0.00001898,4
12500.69166667,0.00005721,0.00001554,4
12500.79166667,0.00004746,0.00001181,4
12500.83333333,0.00004180,0.00001301,4
12501.58333333,0.00002638,0.00001398,1
12501.67500000,0.00002064,0.00001470,3
12501.73333333,0.00002529,0.00001725,8
12509.52500000,0.00009781,0.00012324,9
12509.53333333,0.00009863,0.00012318,9
12509.75000000,0.00002436,0.00001302,1
12509.77500000,0.00003203,0.00001153,0
12510.00000000,0.00009791,0.00003637,0
12519.31666667,0.00018564,0.00010853,1
12519.33333333,0.00019816,0.00011300,1
12525.00833333,0.00008303,0.00001176,10
12530.00000000,0.00026894,0.00008435,4
12548.61666667,0.00083714,0.00058701,3
12550.00000000,0.00013304,0.00014834,7
12554.65833333,0.00012527,0.00008128,8
12554.67500000,0.00013975,0.00008411,1
12554.74166667,0.00011032,0.00006317,1
12555.00000000,0.00004206,0.00001236,4
12563.43333333,0.00010776,0.00004992,2
12566.66666667,0.00022291,0.00007696,0
12570.00000000,0.00032901,0.00012102,0
12575.00000000,0.00024738,0.00013182,1
12580.00000000,0.00002397,0.00001237,2
12585.22500000,0.00004539,0.00003179,3
12590.00000000,0.00028051,0.00010648,0
12594.66666667,0.00012780,0.00009599,3
12594.67500000,0.00012722,0.00009593,3
12597.65833333,0.00010660,0.00003494,23
12599.99166667,0.00008899,0.00008859,7
12608.62500000,0.00010264,0.00001920,6
12608.63333333,0.00010406,0.00002133,6
12608.95000000,0.00049024,0.00026910,1
12609.01666667,0.00044711,0.00027187,1
12610.00000000,0.00083768,0.00026827,4
12613.61666667,0.00002112,0.00001193,1
12613.73333333,0.00027529,0.00019735,3
12613.91666667,0.05962731,0.03272567,1
12614.12500000,0.00008401,0.00005542,8
12615.19166667,0.00006189,0.00002020,23
12617.15833333,0.00006310,0.00002316,0
12617.26666667,0.00005651,0.00005266,5
12618.48333333,0.00003975,0.00002829,3
12618.60833333,0.00002297,0.00001193,2
12620.05000000,0.00003969,0.00003296,5
12620.20000000,0.00678490,0.00496992,3
12620.28333333,0.00545951,0.00386441,3
12620.64166667,0.00058077,0.00035483,1
12620.67500000,0.00063987,0.00021832,0
12620.75833333,0.00037987,0.00038391,7
12624.62500000,0.00023639,0.00023334,7
12625.00000000,0.00025025,0.00003018,10
12626.69166667,0.00002099,0.00001566,3
12629.23333333,0.01031740,0.00833310,3
12629.30833333,0.00796520,0.00696179,5
12630.00000000,0.00067835,0.00019178,4
12633.22500000,0.00003253,0.00002118,8
12633.23333333,0.00003343,0.00002133,8
12636.74166667,0.00004819,0.00003338,8
12646.43333333,0.00009977,0.00003750,0
12646.52500000,0.00021501,0.00005999,4
12646.53333333,0.00019654,0.00005945,4
12650.00000000,0.00034033,0.00008798,4
12656.25000000,0.00016218,0.00005381,0
12660.00000000,0.00020932,0.00004853,6
12670.00000000,0.00125382,0.00042562,0
12675.00000000,0.00052293,0.00008365,6
12680.00000000,0.00018377,0.00003939,6
12684.19166667,0.00053494,0.00001986,14
12690.00000000,0.00149772,0.00050899,0
12692.80833333,0.00049645,0.00022966,2
12695.31666667,0.00016795,0.00005885,0
12700.00000000,0.00023672,0.00019168,3
12710.00000000,0.00148523,0.00050919,0
12714.96666667,0.00002006,0.00001340,8
12720.00000000,0.00017068,0.00003324,6
12723.85000000,0.00004447,0.00001297,4
12723.88333333,0.00003612,0.00001489,0
12725.00000000,0.00005785,0.00001938,0
12730.00000000,0.00074760,0.00025664,0
12733.30833333,0.00004557,0.00001791,0
12733.33333333,0.00005159,0.00001623,4
12740.00000000,0.00007739,0.00001359,6
12741.82500000,0.00005388,0.00005879,7
12741.85000000,0.00004697,0.00005557,9
12742.01666667,0.00002231,0.00002543,7
12743.32500000,0.00002553,0.00002206,5
12743.33333333,0.00002499,0.00002277,5
12743.50833333,0.00007493,0.00010131,9
12744.15000000,0.00012091,0.00004485,0
12750.00000000,0.00166346,0.00052411,4
12751.15000000,0.00019831,0.00015634,3
12753.90833333,0.00002198,0.00001252,1
12754.55833333,0.00015806,0.00011507,3
12760.01666667,0.00021027,0.00006620,4
12760.23333333,0.00027769,0.00016235,1
12760.40000000,0.04644252,0.02204515,2
12760.43333333,0.04213194,0.02043961,2
12760.62500000,0.00006402,0.00003819,1
12762.48333333,0.00005684,0.00001182,6
12768.55000000,0.00003023,0.00002221,3
12770.00000000,0.00168784,0.00057578,0
12772.54166667,0.00004147,0.00003318,3
12775.00000000,0.00010013,0.00001749,6
12779.74166667,0.00002072,0.00001981,5
12780.00000000,0.00030332,0.00009073,4
12790.00000000,0.00102162,0.00033025,4
12792.96666667,0.00024287,0.00010107,0
12792.97500000,0.00024513,0.00009880,0
12800.00000000,0.00022399,0.00004741,6
12810.00000000,0.00068215,0.00022543,0
12812.75000000,0.00007663,0.00005005,8
12812.77500000,0.00007074,0.00004253,1
12814.22500000,0.00008770,0.00004321,2
12814.30000000,0.00011349,0.00004058,0
12814.33333333,0.00009528,0.00004627,2
12820.00000000,0.00019990,0.00005381,4
12825.00000000,0.00015870,0.00005703,0
12830.00000000,0.00072871,0.00027550,0
12841.28333333,0.00007057,0.00006100,5
12841.79166667,0.00013024,0.00006677,2
12850.00000000,0.00104573,0.00040874,0
12859.99166667,0.00033287,0.00006377,6
12870.00000000,0.00114122,0.00040682,0
12870.61666667,0.00006469,0.00002347,0
12870.64166667,0.00005884,0.00002674,2
12875.00000000,0.00024197,0.00009555,0
12880.00000000,0.00022946,0.00006111,4
12890.00000000,0.00115530,0.00041982,0
12890.62500000,0.00005797,0.00001870,4
12890.65000000,0.00006353,0.00002099,0
12900.00000000,0.00039462,0.00016230,0
12910.00000000,0.00191156,0.00067423,0
12920.00000000,0.00014975,0.00005035,0
12925.00000000,0.00017952,0.00005377,4
12930.00000000,0.00256621,0.00088849,0
12930.95000000,0.00099164,0.00064076,8
12930.98333333,0.00118660,0.00062291,20
12931.05000000,0.00082669,0.00048496,1
12939.44166667,0.00013748,0.00004826,0
12940.00833333,0.00018743,0.00006041,4
12944.66666667,0.00032672,0.00040104,9
12944.68333333,0.00032557,0.00038650,9
12950.00000000,0.00204341,0.00082748,0
12955.00833333,0.00002536,0.00001177,2
12960.00000000,0.00015783,0.00005727,0
12960.86666667,0.00010437,0.00003205,4
12960.88333333,0.00009953,0.00002747,4
12970.00000000,0.00140565,0.00055214,0
12975.83333333,0.00010505,0.00003076,4
12980.00000000,0.00028214,0.00009708,0
12980.46666667,0.00002515,0.00001154,2
12988.30000000,0.00002142,0.00001376,8
12990.00000000,0.00144589,0.00055395,0
12993.66666667,0.00015321,0.00005162,0
12993.72500000,0.00018035,0.00002978,6
12993.75833333,0.00016457,0.00003769,6
13000.00833333,0.00003328,0.00002352,3
13006.26666667,0.00005093,0.00007344,11
13010.00000000,0.00163987,0.00062369,0
13015.00000000,0.00002389,0.00001188,2
13017.25000000,0.00093008,0.00052879,1
13017.28333333,0.00103647,0.00047258,2
13017.34166667,0.00074731,0.00028593,0
13018.30833333,0.00021642,0.00008683,0
13020.00000000,0.00027138,0.00009561,0
13021.60833333,0.00007952,0.00002097,4
13025.00000000,0.00010665,0.00002906,4
13025.52500000,0.00015519,0.00007749,2
13025.53333333,0.00016420,0.00007922,2
13025.62500000,0.00012949,0.00004603,0
13030.00000000,0.00177129,0.00067898,0
13033.09166667,0.00016813,0.00003984,4
13033.20000000,0.00011171,0.00003081,4
13037.06666667,0.00004072,0.00001982,2
13037.08333333,0.00003820,0.00002415,1
13040.00000000,0.00023583,0.00009951,2
13046.85833333,0.00003682,0.00001979,1
13046.87500000,0.00003820,0.00001907,2
13050.00000000,0.00175180,0.00070512,0
13060.00000000,0.00024927,0.00009306,0
13067.85833333,0.00019945,0.00008765,2
13067.88333333,0.00018913,0.00007697,0
13070.00000000,0.00181846,0.00071467,0
13075.00000000,0.00007355,0.00002063,4
13076.16666667,0.00003450,0.00001262,0
13076.17500000,0.00003507,0.00001352,0
13077.01666667,0.00002209,0.00002093,5
13077.06666667,0.00003027,0.00001413,2
13077.13333333,0.00002205,0.00002232,7
13080.00000000,0.00029978,0.00013156,2
13085.93333333,0.00030520,0.00011418,0
13087.11666667,0.00106061,0.00027033,4
13087.13333333,0.00115719,0.00028553,4
13087.20833333,0.00080634,0.00015202,6
13087.40833333,0.00054333,0.00014331,4
13087.43333333,0.00060869,0.00014972,4
13087.50000000,0.00042861,0.00007897,6
13090.00000000,0.00204913,0.00082347,0
13100.00000000,0.00046218,0.00013481,4
13102.87500000,0.00077369,0.00024589,4
13102.96666667,0.00062780,0.00015230,4
13108.55000000,0.00004270,0.00001825,2
13108.57500000,0.00004657,0.00001650,0
13110.00000000,0.00154124,0.00062436,0
13110.43333333,0.00428633,0.00246586,1
13112.24166667,0.00007299,0.00002261,4
13112.28333333,0.00006006,0.00002040,0
13112.95833333,0.00006807,0.00002845,0
13112.99166667,0.00007946,0.00001955,4
13113.75833333,0.00002805,0.00001359,2
13119.96666667,0.00017448,0.00006303,0
13120.00000000,0.00013784,0.00007483,1
13120.06666667,0.00065923,0.00001406,14
13120.15833333,0.00035942,0.00001761,14
13121.12500000,0.00003064,0.00028522,19
13125.00000000,0.00069241,0.00018942,4
13130.00000000,0.00122212,0.00051001,0
13135.00833333,0.00002637,0.00001917,3
13135.03333333,0.00002218,0.00002369,7
13140.00000000,0.00022012,0.00006135,4
13149.81666667,0.00010199,0.00003433,0
13149.85000000,0.00011126,0.00002553,6
13150.00000000,0.00144729,0.00062001,2
13160.00000000,0.00022972,0.00009071,0
13160.29166667,0.00007853,0.00002094,4
13169.13333333,0.00005785,0.00002152,0
13170.00000000,0.00129372,0.00057672,2
13175.00000000,0.00013777,0.00003765,4
13180.00000000,0.00012207,0.00002549,6
13182.36666667,0.00014721,0.00011470,3
13190.00000000,0.00094383,0.00044650,2
13194.91666667,0.00053496,0.00013775,4
13194.93333333,0.00056006,0.00012376,6
13195.00000000,0.00040118,0.00008404,6
13200.00000000,0.00014112,0.00002209,6
13210.00000000,0.00077229,0.00035874,2
13219.08333333,0.00482406,0.00187628,0
13220.00000000,0.00013218,0.00001978,25
13221.45000000,0.00002450,0.00001311,1
13221.47500000,0.00002627,0.00001478,1
13221.90000000,0.00050648,0.00020956,0
13221.93333333,0.00042773,0.00015790,0
13224.24166667,0.00002094,0.00002501,9
13226.41666667,0.00021672,0.00006075,4
13230.00000000,0.00076265,0.00039939,20
13240.00000000,0.00012708,0.00004577,0
13250.00000000,0.00063149,0.00037144,1
13260.00000000,0.00015727,0.00004702,4
13263.90000000,0.00003855,0.00001480,0
13270.00000000,0.00058789,0.00031969,1
13274.01666667,0.00007889,0.00003671,2
13274.09166667,0.00005431,0.00009373,16
13275.00000000,0.00010319,0.00003111,4
13280.00000000,0.00016525,0.00007020,2
13281.25000000,0.00009503,0.00004923,2
13290.00000000,0.00049705,0.00027731,1
13300.00000000,0.00022066,0.00010332,2
13303.31666667,0.00004161,0.00001754,-1
13303.34166667,0.00004754,0.00001932,0
13310.00000000,0.00050301,0.00027997,1
13320.00000000,0.00007641,0.00002327,4
13330.00000000,0.00061762,0.00038863,1
13334.28333333,0.00170634,0.00128650,3
13340.00000000,0.00010700,0.00004612,2
13350.00000000,0.00069729,0.00036502,20
13360.00000000,0.00011059,0.00008340,3
13370.00000000,0.00077363,0.00049473,8
13375.00000000,0.00014046,0.00006546,2
13380.00000000,0.00007976,0.00004863,1
13390.00000000,0.00085399,0.00058736,8
13395.62500000,0.00007339,0.00002493,0
13400.00000000,0.00024725,0.00017570,3
13403.25833333,0.00002471,0.00001296,20
13406.50833333,0.00024276,0.00003521,10
13406.53333333,0.00022226,0.00002594,10
13408.96666667,0.00004613,0.00001535,0
13408.97500000,0.00004713,0.00001502,4
13410.00000000,0.00094598,0.00068901,3
13420.00000000,0.00011172,0.00009617,5
13430.00000000,0.00094815,0.00073368,3
13440.00000000,0.00012698,0.00007649,1
13449.32500000,0.00038432,0.00020901,1
13449.45000000,0.00054278,0.00021846,0
13449.47500000,0.00058323,0.00021111,0
13449.57500000,0.00026664,0.00007516,4
13450.00000000,0.00096534,0.00084974,5
13460.00000000,0.00013165,0.00010894,5
13463.05000000,0.00011160,0.00002263,6
13463.15000000,0.00006680,0.00001974,4
13470.00000000,0.00114271,0.00099743,5
13475.00000000,0.00007750,0.00004681,1
13476.55833333,0.00009009,0.00006107,8
13480.00000000,0.00015627,0.00008686,1
13490.00000000,0.00118780,0.00115344,5
13500.00000000,0.00005613,0.00020195,15
13510.00000000,0.00113627,0.00117553,7
13515.63333333,0.00002973,0.00001912,8
13519.00833333,0.00017313,0.00008705,2
13520.00000000,0.00016976,0.00011928,3
13525.00000000,0.00003159,0.00003451,7
13530.00000000,0.00098402,0.00112971,7
13540.00000000,0.00012736,0.00017435,9
13550.00000000,0.00069875,0.00097173,9
13560.00000000,0.00008214,0.00008204,7
13570.00000000,0.00056449,0.00078325,9
13575.00000000,0.00002138,0.00003647,11
13580.00000000,0.00005699,0.00013367,13
13590.00000000,0.00044894,0.00068284,11
13593.75000000,0.00002697,0.00002535,5
13600.00000000,0.00008649,0.00011425,9
13608.13333333,0.00005880,0.00022129,15
13608.23333333,0.00002574,0.00019099,17
13610.00000000,0.00040234,0.00070178,16
13610.20000000,0.00064624,0.00021486,0
13610.24166667,0.00077940,0.00018089,6
13610.30833333,0.00053721,0.00020546,0
13614.16666667,0.00003587,0.00004612,9
13614.18333333,0.00003722,0.00004399,9
13620.00000000,0.00003948,0.00011677,12
13623.28333333,0.00007613,0.00006139,3
13624.40833333,0.00007586,0.00002659,0
13625.00000000,0.00004942,0.00007474,11
13626.35000000,0.00011485,0.00005647,2
13630.00000000,0.00033945,0.00069122,13
13640.00000000,0.00004013,0.00012553,12
13650.00000000,0.00028906,0.00047823,11
13655.52500000,0.00002365,0.00001213,2
13660.00000000,0.00002318,0.00012611,17
13665.91666667,0.00106508,0.00065555,1
13666.00000000,0.00090377,0.00222667,18
13670.00000000,0.00019548,0.00052558,12
13671.86666667,0.00002692,0.00004966,16
13671.87500000,0.00002794,0.00004954,16
13690.00000000,0.00015034,0.00050124,15
13694.79166667,0.00003613,0.00002365,8
13694.82500000,0.00004795,0.00001266,4
13694.90833333,0.00002806,0.00004933,16
13698.45000000,0.00067199,0.00011223,6
13698.49166667,0.00083512,0.00008147,10
13698.55000000,0.00062453,0.00013847,6
13700.00000000,0.00004611,0.00006851,11
13708.37500000,0.00002783,0.00002582,5
13710.00000000,0.00010411,0.00045363,15
13717.14166667,0.00006635,0.00008204,9
13717.25833333,0.00004653,0.00007847,11
13723.75833333,0.00003090,0.00003462,7
13730.00000000,0.00007647,0.00034851,15
13735.46666667,0.00002108,0.00001888,5
13739.60833333,0.00075147,0.00043476,1
13743.18333333,0.00002902,0.00002382,3
13749.80000000,0.00005219,0.00001423,4
13750.00000000,0.00007029,0.00003367,2
13757.36666667,0.00006611,0.00002044,4
13759.91666667,0.00002623,0.00002380,5
13760.62500000,0.00004179,0.00001281,4
13764.68333333,0.00009336,0.00005123,1
13769.65000000,0.00004116,0.00001564,0
13770.00000000,0.00006119,0.00024703,15
13774.04166667,0.00003343,0.00002156,8
13774.14166667,0.00002046,0.00002934,11
13774.99166667,0.00005649,0.00004796,5
13787.05833333,0.00011666,0.00007130,1
13790.00000000,0.00004823,0.00021484,15
13800.00000000,0.00003376,0.00012182,15
13808.96666667,0.00003624,0.00004351,9
13809.03333333,0.00002497,0.00003702,11
13810.00000000,0.00005570,0.00018963,15
13816.35833333,0.00020762,0.00006377,4
13822.29166667,0.00211351,0.00218687,7
13823.08333333,0.00007499,0.00005679,3
13824.88333333,0.00014244,0.00009643,8
13829.51666667,0.00004066,0.00001842,2
13829.53333333,0.00003938,0.00001930,2
13830.00000000,0.00009686,0.00024344,18
13841.60833333,0.00003155,0.00002238,3
13841.64166667,0.00003937,0.00002002,2
13850.00000000,0.00010876,0.00035744,12
13859.70833333,0.00054828,0.00004418,10
13859.72500000,0.00067153,0.00003835,14
13859.83333333,0.00053515,0.00012377,6
13866.90000000,0.00003494,0.00003131,5
13867.18333333,0.00002648,0.00004084,11
13869.37500000,0.00024100,0.00017115,3
13870.00000000,0.00016303,0.00033479,13
13875.00000000,0.00002984,0.00006577,13
13885.65833333,0.00012207,0.00002774,6
13885.69166667,0.00010477,0.00003033,4
13890.00000000,0.00017662,0.00031038,16
13898.55000000,0.00005041,0.00005332,7
13900.00000000,0.00003987,0.00009623,18
13907.50833333,0.00022148,0.00020343,5
13910.00000000,0.00017494,0.00027342,11
13919.64166667,0.00003870,0.00001904,2
13920.81666667,0.00004719,0.00002350,2
13920.82500000,0.00004816,0.00002481,2
13925.00000000,0.00002253,0.00004664,13
13930.00000000,0.00018955,0.00027796,11
13940.34166667,0.00011693,0.00006494,1
13940.38333333,0.00010063,0.00009222,5
13940.63333333,0.00229140,0.00014197,14
13940.74166667,0.00174954,0.00012317,10
13942.46666667,0.00127969,0.00031318,4
13942.49166667,0.00137224,0.00026830,6
13950.00833333,0.00024196,0.00026283,7
13954.68333333,0.00006485,0.00001943,4
13954.75000000,0.00011129,0.00006760,1
13954.79166667,0.00009616,0.00009497,7
13960.00833333,0.00002243,0.00005479,18
13965.66666667,0.00008317,0.00001774,6
13965.67500000,0.00008505,0.00001767,6
13970.00000000,0.00028476,0.00033263,24
13975.00000000,0.00004452,0.00003968,5
13980.00000000,0.00002489,0.00003295,9
13990.00000000,0.00033507,0.00033640,7
14000.00000000,0.00036058,0.00032665,5
14010.00000000,0.00039286,0.00037872,5
14013.25000000,0.00009138,0.00008755,5
14013.27500000,0.00010522,0.00006669,1
14013.35833333,0.00008966,0.00013506,11
14020.00000000,0.00002882,0.00003562,9
14025.00000000,0.00002146,0.00007041,12
14027.54166667,0.00005888,0.00001228,6
14030.00000000,0.00046066,0.00042022,5
14039.96666667,0.00003726,0.00003790,7
14040.00000000,0.00004799,0.00003741,3
14040.24166667,0.00849299,0.00488589,1
14040.27500000,0.01129182,0.00245222,6
14040.35833333,0.01010128,0.01458994,11
14040.53333333,0.00002705,0.00001951,3
14040.92500000,0.00015496,0.00007259,2
14050.00000000,0.00047898,0.00040101,5
14051.99166667,0.00071569,0.00011451,6
14052.10833333,0.00055547,0.00022503,0
14052.49166667,0.00010177,0.00007845,3
14052.60000000,0.00004208,0.00006723,11
14052.67500000,0.00002123,0.00002831,9
14060.00000000,0.00005227,0.00002068,0
14062.50000000,0.00127449,0.00034836,4
14064.68333333,0.00008080,0.00003796,2
14064.84166667,0.00002421,0.00004780,13
14068.26666667,0.00005785,0.00002025,0
14068.28333333,0.00005750,0.00001945,0
14070.00000000,0.00052740,0.00041901,3
14075.00833333,0.00004215,0.00002181,2
14080.00000000,0.00006399,0.00002849,2
14084.64166667,0.00004454,0.00005903,9
14084.72500000,0.00006606,0.00002631,0
14088.80833333,0.00007705,0.00005170,8
14088.83333333,0.00008678,0.00003425,0
14088.92500000,0.00005970,0.00010431,16
14090.00000000,0.00048690,0.00039013,3
14094.99166667,0.00002061,0.00001306,1
14096.85000000,0.00005211,0.00002147,0
14096.88333333,0.00006646,0.00001280,6
14096.96666667,0.00004514,0.00007099,11
14100.00000000,0.00017064,0.00010671,1
14110.00000000,0.00053061,0.00037539,3
14114.99166667,0.00002797,0.00001364,2
14120.00000000,0.00010181,0.00002169,6
14124.99166667,0.00021457,0.00011593,1
14125.07500000,0.00003402,0.00009621,12
14130.00000000,0.00053824,0.00033816,1
14135.00833333,0.00002578,0.00001511,1
14138.65833333,0.00006730,0.00001520,6
14140.00000000,0.00011730,0.00003645,4
14150.00000000,0.00050039,0.00030367,1
14160.00833333,0.00012041,0.00003048,4
14164.96666667,0.00018735,0.00001196,14
14165.01666667,0.00018169,0.00002177,10
14165.03333333,0.00015784,0.00002040,10
14170.00000000,0.00049246,0.00027043,1
14174.99166667,0.00004423,0.00001153,4
14180.00000000,0.00007992,0.00004939,1
14180.05833333,0.00011822,0.00001420,10
14180.08333333,0.00008723,0.00001343,6
14190.00000000,0.00046058,0.00026759,1
14200.00000000,0.00031567,0.00024742,3
14204.15833333,0.00012082,0.00006020,2
14204.17500000,0.00012460,0.00005973,2
14205.35000000,0.00005420,0.00001951,0
14210.00000000,0.00048499,0.00025500,20
14217.49166667,0.00079412,0.00032044,0
14220.00000000,0.00008896,0.00003562,0
14225.00000000,0.00008991,0.00001792,6
14230.00000000,0.00053860,0.00029086,1
14232.06666667,0.00005037,0.00001797,0
14232.08333333,0.00005554,0.00001645,4
14235.00000000,0.00002550,0.00001289,2
14240.00000000,0.00008568,0.00004753,1
14250.00000000,0.00063942,0.00034350,1
14255.00833333,0.00005571,0.00002584,2
14255.61666667,0.00013111,0.00005363,0
14255.62500000,0.00013168,0.00005363,0
14259.99166667,0.00006925,0.00002977,2
14270.00000000,0.00068079,0.00035167,2
14274.74166667,0.00037107,0.00012449,0
14274.85833333,0.00026232,0.00015971,1
14275.00000000,0.00006283,0.00001850,4
14280.00000000,0.00007602,0.00004737,1
14281.02500000,0.00044797,0.00012807,4
14281.03333333,0.00048473,0.00012914,4
14281.14166667,0.00033005,0.00017315,20
14288.54166667,0.00010622,0.00002952,4
14290.00000000,0.00072025,0.00036372,2
14295.00833333,0.00007442,0.00003050,0
14297.03333333,0.00002217,0.00002402,7
14300.00000000,0.00022414,0.00014811,8
14301.91666667,0.00003961,0.00001857,2
14302.70833333,0.00143985,0.00063330,2
14306.64166667,0.00003242,0.00001734,1
14310.00000000,0.00073303,0.00035996,2
14315.00000000,0.00007097,0.00003232,2
14320.00000000,0.00007752,0.00006610,5
14325.00833333,0.00002582,0.00001925,3
14330.00000000,0.00073543,0.00033510,2
14330.20000000,0.00980384,0.00053520,14
14330.29166667,0.00842261,0.00032547,14
14331.04166667,0.00002977,0.00001872,1
14335.02500000,0.00004795,0.00001775,0
14337.92500000,0.00005616,0.00002031,0
14337.95000000,0.00006507,0.00002108,23
14340.00000000,0.00005912,0.00004101,8
14350.00000000,0.00064270,0.00038283,1
14355.00000000,0.00002686,0.00001835,8
14355.55000000,0.00324209,0.00014290,14
14355.65833333,0.00241101,0.00015756,14
14360.00000000,0.00005981,0.00003226,1
14360.32500000,0.00006225,0.00002464,0
14364.37500000,0.00620303,0.00253104,0
14364.45833333,0.00400152,0.00236836,1
14370.00000000,0.00075658,0.00033268,2
14372.54166667,0.00011172,0.00012785,7
14372.65833333,0.00007487,0.00017927,18
14375.00000000,0.00066208,0.00029136,2
14379.88333333,0.00003205,0.00001242,0
14380.00000000,0.00009327,0.00005760,1
14385.39166667,0.00083730,0.00040168,2
14390.00000000,0.00074603,0.00031060,0
14395.00000000,0.00007271,0.00002846,0
14398.41666667,0.00040168,0.00003067,10
14398.44166667,0.00046475,0.00003179,10
14398.52500000,0.00032271,0.00008458,4
14398.53333333,0.00030240,0.00008333,4
14400.00000000,0.00051545,0.00026392,2
14404.30000000,0.00002414,0.00001572,8
14410.00000000,0.00079130,0.00033093,0
14414.99166667,0.00008090,0.00003735,2
14416.61666667,0.00003286,0.00004223,9
14416.62500000,0.00003195,0.00004273,9
14417.21666667,0.00094708,0.00045627,2
14417.23333333,0.00090456,0.00045069,2
14417.31666667,0.00104601,0.00043998,0
14420.00000000,0.00007880,0.00004878,1
14424.01666667,0.00012568,0.00021405,11
14425.00833333,0.00004358,0.00002713,1
14430.00000000,0.00086546,0.00036547,2
14433.31666667,0.00004457,0.00001568,0
14435.00000000,0.00006293,0.00001862,4
14435.20000000,0.00258424,0.00329280,9
14435.31666667,0.00177298,0.00389659,13
14435.32500000,0.00181420,0.00387063,13
14440.00000000,0.00011781,0.00004392,0
14443.77500000,0.00006004,0.00004138,8
14450.00000000,0.00093023,0.00036729,0
14450.28333333,0.00004147,0.00001293,4
14453.12500000,0.00007251,0.00001569,6
14455.00000000,0.00007334,0.00003125,2
14460.00000000,0.00011876,0.00003366,4
14470.00000000,0.00090151,0.00036078,0
14475.00000000,0.00019302,0.00007699,0
14480.00000000,0.00012503,0.00005250,0
14490.00000000,0.00078873,0.00032820,0
14495.00000000,0.00010333,0.00004266,0
14500.00000000,0.00112083,0.00038493,0
14510.00000000,0.00067406,0.00026553,0
14515.00000000,0.00008517,0.00003184,0
14520.00000000,0.00008927,0.00004483,2
14524.76666667,0.00015760,0.00003421,6
14524.78333333,0.00017048,0.00003067,6
14524.89166667,0.00007641,0.00002705,0
14530.00000000,0.00060534,0.00026642,2
14535.00000000,0.00006545,0.00002276,0
14540.00000000,0.00010955,0.00006415,1
14550.00000000,0.00061642,0.00032329,20
14551.25000000,0.00020231,0.00003599,6
14551.36666667,0.00011779,0.00003435,4
14555.00000000,0.00004779,0.00001556,23
14560.00000000,0.00010712,0.00004253,0
14563.11666667,0.00002751,0.00002262,3
14563.13333333,0.00002718,0.00002156,3
14570.00000000,0.00091666,0.00034820,0
14571.50833333,0.00022399,0.00008354,0
14571.53333333,0.00025647,0.00007824,4
14571.63333333,0.00013566,0.00009610,3
14575.00000000,0.00014358,0.00002560,6
14577.46666667,0.00002377,0.00003653,11
14577.56666667,0.00003518,0.00001863,1
14577.58333333,0.00003230,0.00001977,1
14580.00000000,0.00010558,0.00004532,2
14590.00000000,0.00108368,0.00039122,0
14595.00000000,0.00014983,0.00004437,4
14600.00000000,0.00122415,0.00040959,0
14605.99166667,0.00004790,0.00002062,2
14609.36666667,0.00003768,0.00001338,0
14609.37500000,0.00003735,0.00001358,0
14610.00000000,0.00120930,0.00043360,0
14615.00000000,0.00017761,0.00005683,4
14620.00000000,0.00019663,0.00004299,6
14625.00000000,0.00006570,0.00004284,8
14630.00000000,0.00132922,0.00046003,0
14634.17500000,0.00041086,0.00006339,6
14634.25833333,0.00063517,0.00012404,6
14634.27500000,0.00058463,0.00013023,6
14635.00000000,0.00013448,0.00004686,0
14640.00000000,0.00021266,0.00003837,6
14648.44166667,0.00021282,0.00008458,0
14650.00000000,0.00143419,0.00048376,0
14655.00000000,0.00008984,0.00002215,4
14660.00000000,0.00023871,0.00005325,6
14669.92500000,0.00114394,0.00012876,10
14670.00000000,0.00184442,0.00045164,4
14670.05833333,0.00311913,0.00022757,10
14670.08333333,0.00281096,0.00009997,14
14675.00000000,0.00011763,0.00001857,6
14680.00000000,0.00024576,0.00003428,10
14690.00000000,0.00124839,0.00037593,4
14700.00000000,0.00050600,0.00015932,4
14710.00000000,0.00117240,0.00036552,4
14718.45000000,0.00003218,0.00002041,1
14718.47500000,0.00002811,0.00001807,8
14720.00000000,0.00022722,0.00002107,10
14729.36666667,0.00004978,0.00004705,5
14730.00000000,0.00110162,0.00031722,4
14740.00000000,0.00019691,0.00002821,10
14741.99166667,0.00203663,0.00012358,14
14742.10000000,0.00144559,0.00011046,10
14747.69166667,0.00008583,0.00002286,4
14747.76666667,0.00007576,0.00003006,0
14750.00000000,0.00084518,0.00042169,2
14756.61666667,0.00005330,0.00001507,4
14756.63333333,0.00005190,0.00001309,4
14760.00000000,0.00020832,0.00002979,10
14765.61666667,0.00004314,0.00001161,4
14765.62500000,0.00004363,0.00001197,4
14766.65000000,0.01214308,0.00082042,10
14766.74166667,0.01170647,0.00091530,10
14770.00000000,0.00100178,0.00028025,4
14772.41666667,0.00062025,0.00012143,6
14772.46666667,0.00054737,0.00013013,4
14775.00000000,0.00003292,0.00002327,3
14780.00000000,0.00019172,0.00004166,6
14790.00000000,0.00092387,0.00025029,4
14790.71666667,0.00023221,0.00018975,3
14800.00000000,0.00073861,0.00016944,6
14810.00000000,0.00079074,0.00022881,4
14820.00000000,0.00016534,0.00002940,6
14821.65000000,0.00022925,0.00007562,0
14821.67500000,0.00025493,0.00007626,4
14821.75833333,0.00019463,0.00009951,2
14825.00000000,0.00011344,0.00004321,0
14826.65833333,0.00031727,0.00006580,6
14826.67500000,0.00033923,0.00005888,6
14826.77500000,0.00021755,0.00009841,2
14827.92500000,0.00003394,0.00002729,3
14827.95833333,0.00002055,0.00002325,7
14830.00000000,0.00067804,0.00016642,4
14834.39166667,0.00006574,0.00001484,6
14840.00000000,0.00016666,0.00001489,10
14843.75000000,0.00040034,0.00011845,4
14850.00000000,0.00051179,0.00019094,0
14854.11666667,0.00003566,0.00002236,1
14870.00000000,0.00051013,0.00013554,4
14880.00000000,0.00017537,0.00002542,10
14886.56666667,0.00003795,0.00001517,0
14890.00000000,0.00047017,0.00013318,4
14899.06666667,0.00022375,0.00006713,4
14899.09166667,0.00023957,0.00005507,6
14899.17500000,0.00019427,0.00009138,2
14900.00000000,0.00060818,0.00019460,4
14900.65000000,0.00002095,0.00001875,5
14903.10833333,0.00006187,0.00001506,4
14904.61666667,0.00002729,0.00001840,8
14904.63333333,0.00002911,0.00001719,1
14905.91666667,0.00061000,0.00012257,6
14910.00000000,0.00042603,0.00009836,6
14913.15000000,0.00008275,0.00007108,5
14919.16666667,0.00003067,0.00002112,8
14920.00000000,0.00019190,0.00003200,6
14930.00000000,0.00035331,0.00009764,4
14934.99166667,0.00004733,0.00001580,0
14936.56666667,0.00003506,0.00001809,2
14936.59166667,0.00003099,0.00001870,1
14940.00000000,0.00022589,0.00003559,6
14942.63333333,0.00004456,0.00001943,2
14950.00000000,0.00036578,0.00007537,6
14955.86666667,0.00004034,0.00001959,2
14955.87500000,0.00004096,0.00001957,2
14960.00000000,0.00025299,0.00003788,25
14964.70833333,0.00010064,0.00005004,2
14967.80000000,0.00002333,0.00001938,5
14970.00000000,0.00040033,0.00008936,6
14973.74166667,0.00022055,0.00009314,2
14973.77500000,0.00024642,0.00008395,0
14973.85833333,0.00019303,0.00011302,1
14974.95833333,0.00011193,0.00003407,4
14975.10000000,0.02118876,0.00840168,0
14975.20000000,0.01771815,0.00829110,2
14975.37500000,0.00004325,0.00002205,2
14980.00000000,0.00022891,0.00006697,4
14984.73333333,0.00007154,0.00002439,0
14984.81666667,0.00007475,0.00001738,6
14984.85000000,0.00006598,0.00001688,4
14990.00000000,0.00043691,0.00009061,6
14995.00000000,0.00008224,0.00002118,4
14995.21666667,0.00004306,0.00001378,4
14995.22500000,0.00004307,0.00001265,4
14995.80833333,0.00002062,0.00001223,1
15000.00000000,0.00153881,0.00070714,2
15000.08333333,0.00031556,0.00016367,2
15010.00000000,0.00041288,0.00007109,6
15014.55833333,0.00038188,0.00005741,25
15015.00000000,0.00009679,0.00001770,6
15017.36666667,0.00002126,0.00001340,1
15019.46666667,0.00003175,0.00002226,3
15019.50000000,0.00002534,0.00001963,3
15019.81666667,0.00004381,0.00001553,0
15019.83333333,0.00004129,0.00001305,4
15020.00000000,0.00029130,0.00007564,4
15021.72500000,0.00004004,0.00001766,2
15021.79166667,0.00007586,0.00004427,1
15021.82500000,0.00006401,0.00003596,1
15025.00000000,0.00008581,0.00003050,0
15030.00000000,0.00035817,0.00006927,6
15035.00000000,0.00012586,0.00003095,4
15039.05833333,0.00051695,0.00014221,4
15040.00000000,0.00026905,0.00006620,4
15042.35833333,0.00026119,0.00010729,0
15042.38333333,0.00028796,0.00010257,0
15042.47500000,0.00018674,0.00012322,8
15050.00000000,0.00076886,0.00005316,10
15051.13333333,0.00001996,0.00001462,3
15051.75000000,0.00002053,0.00001705,5
15051.77500000,0.00002389,0.00001988,5
15053.02500000,0.00034012,0.00012791,0
15053.03333333,0.00035770,0.00012820,0
15053.12500000,0.00031337,0.00013001,0
15055.00000000,0.00011427,0.00002287,6
15055.78333333,0.00006255,0.00007050,7
15055.90000000,0.00004144,0.00008684,13
15060.00000000,0.00029620,0.00007405,4
15064.30833333,0.00007164,0.00001951,4
15064.32500000,0.00008150,0.00001813,6
15064.41666667,0.00007078,0.00001256,6
15064.43333333,0.00006735,0.00001609,4
15070.00000000,0.00036207,0.00004860,10
15074.99166667,0.00005301,0.00001969,0
15079.61666667,0.00005597,0.00001213,6
15080.00000000,0.00027776,0.00006325,6
15080.91666667,0.00033695,0.00004235,10
15080.94166667,0.00037327,0.00003309,10
15081.04166667,0.00026738,0.00008126,4
15090.00000000,0.00037143,0.00006647,6
15093.69166667,0.00003916,0.00011702,12
15099.92500000,0.00092840,0.00001193,14
15099.93333333,0.00099139,0.00001883,14
15100.00000000,0.00190192,0.00007271,14
15100.04166667,0.00374621,0.00004635,14
15100.10833333,0.00188079,0.00001566,14
15100.14166667,0.00249420,0.00001296,14
15110.00000000,0.00041883,0.00005878,10
15112.31666667,0.00002538,0.00001287,2
15115.00000000,0.00008270,0.00001296,6
15120.00000000,0.00029011,0.00006161,6
15125.00000000,0.00200456,0.00242040,9
15128.46666667,0.00003971,0.00001377,0
15128.47500000,0.00003973,0.00001525,0
15130.00000000,0.00034535,0.00005745,6
15131.23333333,0.03222926,0.01077878,0
15131.33333333,0.03150401,0.01189563,0
15131.50833333,0.00006783,0.00002430,0
15135.00000000,0.00009897,0.00001992,6
15136.14166667,0.00005293,0.00001560,4
15136.73333333,0.00003635,0.00001631,2
15136.99166667,0.00005552,0.00003774,8
15140.00000000,0.00028806,0.00008310,4
15140.45833333,0.00033593,0.00004548,10
15140.57500000,0.00020673,0.00004971,4
15142.94166667,0.00861216,0.00190528,6
15143.05833333,0.00776881,0.00192961,4
15144.88333333,0.00083290,0.00012227,10
15145.00000000,0.00027266,0.00020472,3
15145.11666667,0.00038383,0.00009486,4
15147.80833333,0.00022400,0.00002813,10
15147.91666667,0.00023149,0.00003283,10
15150.00000000,0.00009183,0.00007495,3
15150.66666667,0.00002020,0.00001154,1
15155.00000000,0.00008942,0.00001349,25
15158.72500000,0.00794072,0.00025508,14
15158.80833333,0.00666922,0.00063412,10
15158.84166667,0.00585872,0.00053459,10
15160.00000000,0.00031034,0.00004563,10
15165.00000000,0.00005724,0.00001336,6
15166.30000000,0.00003387,0.00002400,3
15166.34166667,0.00004100,0.00001941,2
15170.00000000,0.00024331,0.00005056,6
15175.00000000,0.00006292,0.00002497,0
15180.00000000,0.00028872,0.00006357,6
15180.30833333,0.00028923,0.00008323,4
15180.32500000,0.00031148,0.00007904,4
15180.42500000,0.00013123,0.00008134,1
15180.43333333,0.00011732,0.00007910,8
15185.00000000,0.00005694,0.00001541,4
15190.00000000,0.00022001,0.00003613,6
15195.00000000,0.00018259,0.00005511,4
15200.00000000,0.00093799,0.00015835,6
15202.75000000,0.00510939,0.00029904,14
15202.86666667,0.00329537,0.00028310,10
15210.00000000,0.00017550,0.00003589,6
15215.00000000,0.00012915,0.00002170,6
15220.00000000,0.00019274,0.00005602,4
15229.55833333,0.00012685,0.00001191,10
15229.58333333,0.00014650,0.00001339,10
15230.00000000,0.00024661,0.00003905,6
15234.37500000,0.00004411,0.00002261,2
15237.07500000,0.00004445,0.00001390,4
15240.00000000,0.00014677,0.00004871,0
15250.00000000,0.00023129,0.00015810,8
15253.69166667,0.00156049,0.00083535,1
15254.99166667,0.00003265,0.00001283,0
15260.00000000,0.00008857,0.00003964,2
15266.45833333,0.00002520,0.00001331,1
15270.00000000,0.00038197,0.00004803,10
15272.34166667,0.00040754,0.00015637,0
15272.45833333,0.00030373,0.00016801,1
15274.95833333,0.00011184,0.00002320,6
15274.99166667,0.00014964,0.00001426,10
15280.00000000,0.00005705,0.00003154,1
15290.00000000,0.00043476,0.00009699,6
15295.00000000,0.00011733,0.00002531,6
15300.00000000,0.00139306,0.00031837,6
15310.00000000,0.00050423,0.00008373,6
15310.65833333,0.01075164,0.00104509,10
15310.67500000,0.01297551,0.00095892,10
15310.79166667,0.01187047,0.00236369,6
15314.96666667,0.00006548,0.00001345,6
15315.00000000,0.00008142,0.00001534,6
15320.00000000,0.00007214,0.00002617,0
15325.00833333,0.00011423,0.00001957,6
15330.00000000,0.00050884,0.00009020,6
15335.00000000,0.00009036,0.00002253,4
15340.00000000,0.00006620,0.00002250,0
15350.00000000,0.00061939,0.00010137,6
15355.00000000,0.00010355,0.00001689,6
15358.20833333,0.00003062,0.00003245,7
15358.22500000,0.00003190,0.00002914,5
15360.00000000,0.00006681,0.00001405,6
15362.50000000,0.00004177,0.00001520,0
15364.03333333,0.00011395,0.00002181,6
15364.16666667,0.00003161,0.00001511,2
15364.56666667,0.00021083,0.00008053,0
15364.60000000,0.00023719,0.00010223,2
15366.25833333,0.00010297,0.00008243,3
15366.30000000,0.00012816,0.00005934,2
15366.36666667,0.00011407,0.00014480,9
15370.00000000,0.00049585,0.00010622,6
15375.00000000,0.00031390,0.00010373,0
15380.00000000,0.00009693,0.00003678,0
15385.00000000,0.00005886,0.00001826,4
15389.38333333,0.00002995,0.00001919,8
15389.79166667,0.00002646,0.00001499,1
15390.00000000,0.00046571,0.00013161,4
15395.00000000,0.00014781,0.00003574,4
15399.38333333,0.00002019,0.00003943,13
15400.00000000,0.00107064,0.00024790,6
15405.00000000,0.00007115,0.00001811,4
15410.00000000,0.00044046,0.00009257,6
15414.41666667,0.00003549,0.00001241,0
15414.46666667,0.00005092,0.00002457,2
15414.47500000,0.00005004,0.00002502,2
15415.00000000,0.00008501,0.00002004,6
15420.00833333,0.00013973,0.00003621,4
15425.00000000,0.00006552,0.00009348,22
15429.68333333,0.00040902,0.00009610,6
15430.00000000,0.00032644,0.00012023,0
15435.00000000,0.00014496,0.00003515,4
15439.06666667,0.00008223,0.00002535,4
15439.11666667,0.00008003,0.00005998,3
15439.15000000,0.00007235,0.00008104,7
15439.45000000,0.00002322,0.00001215,20
15439.88333333,0.00007816,0.00001774,6
15439.95000000,0.00018223,0.00001553,10
15450.00000000,0.00041932,0.00023395,1
15454.99166667,0.00007241,0.00002271,4
15460.00000000,0.00015531,0.00002139,10
15460.30833333,0.00014720,0.00003204,6
15462.71666667,0.00015240,0.00003795,4
15470.00000000,0.00020898,0.00008702,0
15475.00000000,0.00003712,0.00002011,1
15480.00000000,0.00015466,0.00003945,4
15485.47500000,0.00011672,0.00001521,10
15485.59166667,0.00004175,0.00001563,0
15490.00000000,0.00020055,0.00007154,0
15495.70000000,0.00004600,0.00002733,1
15495.75833333,0.00006419,0.00004271,8
15500.00000000,0.00019349,0.00005922,4
15504.70833333,0.00002482,0.00001713,8
15504.75833333,0.00004006,0.00001671,0
15504.80833333,0.00003321,0.00002931,5
15510.00000000,0.00021389,0.00007474,0
15511.09166667,0.00037393,0.00022709,1
15520.00000000,0.00008696,0.00004782,1
15525.00000000,0.00016847,0.00001400,10
15530.00000000,0.00019072,0.00006633,0
15540.00000000,0.00006390,0.00004122,8
15550.00000000,0.00020572,0.00014928,3
15556.15833333,0.00004283,0.00001374,4
15556.17500000,0.00004465,0.00001387,4
15556.25833333,0.00002696,0.00001306,2
15560.00000000,0.00005439,0.00005292,21
15568.02500000,0.00002477,0.00001180,2
15570.00000000,0.00014748,0.00006277,2
15571.81666667,0.00014874,0.00005049,0
15571.82500000,0.00014182,0.00005006,0
15580.00000000,0.00011277,0.00005003,2
15581.66666667,0.00043723,0.00018090,0
15581.70000000,0.00039420,0.00016960,2
15590.00000000,0.00014307,0.00005751,0
15600.00000000,0.00017380,0.00013681,3
15605.66666667,0.00095092,0.00073697,3
15605.68333333,0.00090476,0.00070484,3
15610.00000000,0.00011396,0.00005209,2
15615.46666667,0.00012063,0.00034495,12
15615.48333333,0.00012935,0.00033317,12
15620.00000000,0.00023461,0.00006631,4
15625.00000000,0.11204829,0.01910130,6
15625.15833333,0.00009359,0.00001234,10
15630.00000000,0.00008956,0.00004127,2
15633.49166667,0.00050676,0.00020968,0
15640.00000000,0.00027716,0.00006856,4
15644.30833333,0.00028019,0.00019733,3
15644.34166667,0.00031681,0.00022045,8
15650.00000000,0.00008176,0.00003581,2
15660.00000000,0.00026349,0.00006940,4
15669.99166667,0.00011138,0.00002585,6
15672.35833333,0.00003205,0.00006178,13
15672.37500000,0.00003548,0.00005369,11
15672.47500000,0.00002406,0.00012240,17
15675.00000000,0.00002505,0.00002175,5
15680.00000000,0.00027802,0.00005232,6
15690.00000000,0.00012899,0.00001361,10
15700.00000000,0.00049970,0.00011341,6
15710.00000000,0.00011184,0.00001791,6
15719.65833333,0.00006529,0.00004609,3
15719.67500000,0.00006749,0.00004755,3
15720.00000000,0.00024918,0.00003824,6
15724.08333333,0.00003115,0.00002469,3
15725.00000000,0.00007252,0.00002072,4
15731.13333333,0.00032021,0.00007041,6
15731.25000000,0.00020376,0.00008055,0
15738.92500000,0.00111881,0.00065726,1
15740.00000000,0.00030816,0.00004437,10
15742.19166667,0.00003817,0.00003180,5
15745.20000000,0.00013201,0.00010609,3
15745.22500000,0.00014699,0.00010209,8
15745.28333333,0.00010673,0.00006887,8
15750.00000000,0.00021431,0.00002493,10
15754.23333333,0.00020911,0.00020750,7
15754.31666667,0.00013742,0.00014358,7
15760.00000000,0.00032964,0.00006117,6
15769.99166667,0.00011075,0.00001402,10
15775.00000000,0.00007860,0.00003897,2
15778.00000000,0.00004299,0.00001165,4
15780.00000000,0.00030406,0.00008444,4
15790.00000000,0.00011721,0.00001513,10
15794.26666667,0.00003965,0.00003356,5
15794.27500000,0.00004004,0.00003241,3
15794.38333333,0.00002206,0.00002591,24
15795.00000000,0.00009615,0.00002100,6
15800.00000000,0.00066109,0.00013151,6
15808.13333333,0.00002331,0.00002697,7
15810.00000000,0.00011749,0.00002135,6
15815.00000000,0.00014275,0.00002756,6
15818.92500000,0.00040196,0.00008733,6
15818.93333333,0.00042384,0.00008634,6
15819.05833333,0.00023986,0.00008163,0
15820.00000000,0.00052569,0.00009574,6
15825.00000000,0.00062416,0.00052949,5
15830.00000000,0.00012640,0.00003004,4
15835.00000000,0.00013519,0.00003028,6
15840.00000000,0.00053618,0.00010701,6
15850.00000000,0.00025866,0.00010836,0
15860.00000000,0.00050364,0.00011899,6
15865.00000000,0.00005276,0.00001531,4
15870.00000000,0.00014659,0.00003424,6
15874.95833333,0.00012005,0.00002128,6
15879.55833333,0.00008631,0.00005129,1
15880.00000000,0.00051177,0.00009620,6
15885.40833333,0.00082884,0.00056133,8
15885.43333333,0.00075825,0.00050173,8
15887.48333333,0.00003532,0.00001379,0
15890.00000000,0.00012486,0.00002947,6
15894.02500000,0.00004823,0.00001311,4
15895.00000000,0.00018934,0.00004423,6
15900.00000000,0.00079593,0.00005429,10
15910.00000000,0.00010880,0.00004089,0
15915.00000000,0.00013607,0.00002907,6
15920.00000000,0.00041000,0.00007737,6
15930.00000000,0.00005844,0.00004267,3
15935.00000000,0.00007862,0.00001459,6
15939.21666667,0.00007800,0.00002838,0
15939.25000000,0.00008905,0.00002008,6
15939.33333333,0.00006355,0.00003995,1
15940.00000000,0.00036011,0.00008409,6
15960.00000000,0.00034653,0.00008177,6
15970.00000000,0.00009188,0.00004503,2
15975.01666667,0.00012504,0.00001285,10
15980.00000000,0.00035615,0.00006832,6
15990.00000000,0.00012169,0.00004210,0
16000.00000000,0.00031008,0.00015778,2
16010.00000000,0.00014073,0.00004252,4
16015.00833333,0.00005036,0.00001525,4
16015.61666667,0.00012114,0.00002607,6
16015.62500000,0.00012249,0.00002637,6
16020.00000000,0.00029478,0.00006680,6
16030.00000000,0.00019611,0.00005079,4
16032.24166667,0.00006975,0.00001652,28
16032.36666667,0.00003156,0.00001302,0
16032.90000000,0.00011378,0.00002659,6
16033.02500000,0.00006312,0.00003257,2
16040.00000000,0.00033686,0.00005014,25
16050.00000000,0.00031595,0.00010296,23
16060.00000000,0.00023567,0.00004053,6
16070.00000000,0.00021491,0.00005204,4
16075.00000000,0.00009478,0.00001206,10
16080.00000000,0.00019796,0.00002915,10
16090.00000000,0.00022642,0.00004088,6
16091.15833333,0.00004314,0.00001880,2
16091.17500000,0.00004625,0.00001730,0
16091.25833333,0.00005935,0.00002403,0
16091.29166667,0.00004791,0.00002661,1
16100.00000000,0.00059182,0.00005385,10
16106.95000000,0.00006756,0.00002042,4
16107.06666667,0.00006542,0.00001653,4
16108.91666667,0.00011489,0.00002442,6
16109.04166667,0.00007439,0.00002766,0
16110.00000000,0.00020327,0.00004752,6
16113.00833333,0.00002118,0.00001234,1
16118.66666667,0.00022254,0.00006645,4
16118.72500000,0.00025433,0.00005016,6
16125.00000000,0.00020707,0.00015952,3
16130.00000000,0.00021840,0.00004350,6
16140.00000000,0.00010799,0.00001934,6
16143.30833333,0.00010882,0.00004260,0
16150.00000000,0.00018394,0.00007848,2
16155.33333333,0.00087979,0.00035665,0
16170.00000000,0.00017752,0.00006399,0
16180.00000000,0.00014319,0.00001251,10
16190.00000000,0.00020744,0.00006642,4
16198.24166667,0.00002157,0.00001275,1
16200.00000000,0.00030609,0.00009883,4
16210.00000000,0.00020373,0.00005660,4
16210.94166667,0.00020864,0.00007768,0
16220.00000000,0.00026069,0.00005177,6
16228.20000000,0.00005563,0.00001907,0
16230.00000000,0.00019652,0.00005381,4
16235.43333333,0.00235963,0.00111953,2
16240.00000000,0.00027968,0.00007071,4
16250.00000000,0.00045995,0.00016157,0
16253.24166667,0.00011409,0.00001885,6
16253.36666667,0.00008499,0.00002716,4
16260.00000000,0.00029067,0.00005855,6
16270.00000000,0.00017927,0.00003437,6
16274.80000000,0.00010694,0.00003711,0
16274.91666667,0.00012658,0.00005384,2
16275.01666667,0.00006116,0.00002625,2
16280.00000000,0.00027680,0.00007017,4
16290.00000000,0.00016086,0.00001983,10
16295.00833333,0.00005244,0.00001266,4
16300.00000000,0.00026352,0.00013195,2
16307.36666667,0.00007831,0.00005206,8
16310.00000000,0.00017009,0.00002666,6
16320.00000000,0.00020747,0.00006532,4
16329.50000000,0.00011384,0.00003280,4
16329.61666667,0.00007028,0.00002678,0
16329.62500000,0.00006798,0.00002583,0
16330.00000000,0.00015383,0.00002033,10
16336.85000000,0.00002882,0.00002208,3
16340.00000000,0.00019723,0.00004576,6
16344.06666667,0.00226546,0.00065658,4
16344.08333333,0.00239307,0.00067614,4
16346.90000000,0.00024970,0.00008831,0
16350.00000000,0.00027161,0.00006852,4
16351.41666667,0.00012669,0.00002401,6
16360.00000000,0.00017587,0.00005542,4
16370.00000000,0.00013855,0.00001220,10
16375.00833333,0.00003989,0.00001756,2
16380.00000000,0.00018275,0.00006714,0
16400.00000000,0.00024826,0.00006519,4
16406.25000000,0.00008776,0.00004080,2
16420.00000000,0.00018878,0.00006571,0
16425.00000000,0.00005836,0.00003875,8
16440.00000000,0.00021246,0.00007843,0
16450.00000000,0.00007044,0.00002603,0
16459.28333333,0.00089189,0.00052584,1
16460.00000000,0.00021736,0.00008624,0
16470.00000000,0.00006248,0.00001896,4
16480.00000000,0.00022477,0.00011323,2
16490.00833333,0.00006252,0.00001238,6
16495.84166667,0.00002878,0.00001244,2
16500.00000000,0.00020664,0.00021600,7
16510.00000000,0.00003964,0.00001820,2
16520.00000000,0.00022874,0.00013022,1
16530.00833333,0.00003947,0.00001987,2
16540.00000000,0.00023417,0.00015433,8
16550.00000000,0.00024817,0.00013223,1
16560.00000000,0.00025149,0.00016748,8
16570.00000000,0.00004245,0.00002366,1
16580.00000000,0.00025774,0.00018950,3
16590.00000000,0.00003393,0.00002345,8
16600.00000000,0.00029314,0.00021497,3
16601.55833333,0.00006729,0.00003812,1
16610.00000000,0.00002918,0.00002144,3
16615.00000000,0.00002790,0.00002053,3
16620.00000000,0.00024214,0.00021568,5
16625.00000000,0.00002003,0.00001295,8
16629.99166667,0.00002618,0.00001812,8
16635.00000000,0.00001977,0.00002034,7
16640.00000000,0.00021780,0.00021051,5
16644.00833333,0.00008277,0.00004505,1
16650.00000000,0.00012392,0.00011284,5
16660.00000000,0.00020061,0.00021970,7
16670.00000000,0.00002964,0.00002947,7
16680.00000000,0.00017403,0.00022005,9
16700.00000000,0.00014813,0.00016260,7
16720.00000000,0.00009551,0.00016721,16
16740.00000000,0.00007331,0.00013835,16
16748.26666667,0.00002622,0.00001571,1
16748.27500000,0.00002653,0.00001567,1
16750.00000000,0.00003483,0.00009467,12
16751.34166667,0.00004661,0.00001610,0
16760.00000000,0.00006031,0.00012950,13
16780.00000000,0.00006148,0.00015095,18
16790.90000000,0.00002054,0.00005091,18
16800.00000000,0.00004904,0.00020918,15
16814.77500000,0.00002058,0.00001526,3
16820.00000000,0.00005910,0.00021396,15
16825.98333333,0.00002569,0.00006799,12
16840.00000000,0.00006157,0.00024098,15
16860.00000000,0.00005108,0.00023427,15
16864.60833333,0.00113324,0.00069152,1
16868.19166667,0.00005311,0.00003341,1
16870.11666667,0.00002332,0.00001232,1
16875.00000000,0.00005205,0.00015227,12
16880.00000000,0.00005922,0.00025585,15
16889.67500000,0.00010131,0.00005086,2
16900.00000000,0.00011140,0.00023073,13
16912.05833333,0.00005663,0.00007080,9
16920.00000000,0.00007746,0.00027119,15
16940.00000000,0.00008995,0.00027763,12
16941.35833333,0.00019315,0.00006399,0
16943.35833333,0.00002378,0.00001329,1
16947.29166667,0.00093358,0.00115521,9
16948.09166667,0.00003302,0.00002467,3
16949.86666667,0.00004400,0.00003712,5
16950.00000000,0.00016046,0.00021587,9
16960.00000000,0.00010438,0.00025936,18
16965.03333333,0.00002917,0.00001961,8
16965.07500000,0.00004049,0.00002021,2
16965.12500000,0.00003261,0.00001764,1
16975.00833333,0.00002959,0.00003195,7
16980.00000000,0.00009135,0.00023778,12
16994.37500000,0.00006617,0.00003981,1
16995.00000000,0.00002131,0.00003496,11
17000.00000000,0.00006809,0.00023625,15
17020.00000000,0.00007022,0.00017451,18
17032.50833333,0.00009506,0.00016346,16
17040.00000000,0.00006444,0.00010200,11
17044.65833333,0.00002708,0.00002159,3
17045.80833333,0.00003521,0.00002085,1
17045.83333333,0.00003990,0.00002312,1
17050.00000000,0.00007047,0.00008513,9
17060.00000000,0.00006617,0.00012717,13
17080.00000000,0.00006376,0.00009142,11
17100.00000000,0.00013492,0.00010193,3
17120.00000000,0.00009431,0.00010912,7
17125.00000000,0.00013710,0.00021316,11
17140.00000000,0.00011427,0.00012992,7
17150.00000000,0.00005139,0.00010388,13
17160.00000000,0.00014856,0.00013464,5
17165.25833333,0.00023424,0.00027042,7
17165.28333333,0.00025507,0.00020816,3
17165.36666667,0.00022849,0.00030717,9
17170.00000000,0.00002231,0.00002125,5
17175.00000000,0.00003396,0.00002492,3
17180.00000000,0.00017287,0.00016056,5
17187.50000000,0.00057807,0.00013806,4
17190.00000000,0.00003010,0.00001772,1
17200.00000000,0.00017550,0.00017732,7
17209.64166667,0.00005160,0.00012835,18
17209.72500000,0.00004789,0.00005071,7
17209.75000000,0.00003920,0.00005829,11
17210.00000000,0.00004455,0.00002706,1
17220.00000000,0.00024069,0.00020141,5
17230.00000000,0.00004052,0.00001877,2
17240.00000000,0.00030511,0.00023510,3
17250.00000000,0.00042584,0.00032774,3
17260.00000000,0.00034555,0.00027157,3
17270.00000000,0.00004105,0.00001658,0
17280.00000000,0.00038792,0.00028567,3
17289.99166667,0.00003569,0.00003302,5
17300.00000000,0.00045314,0.00030399,8
17310.00833333,0.00003119,0.00003553,7
17320.00000000,0.00050525,0.00034887,8
17325.00000000,0.00003115,0.00004887,11
17329.15000000,0.00006078,0.00002454,0
17329.99166667,0.00002459,0.00004867,13
17340.00000000,0.00053786,0.00036094,8
17342.49166667,0.00056151,0.00054926,21
17350.00000000,0.00005498,0.00007530,9
17360.00000000,0.00057688,0.00036772,8
17370.00000000,0.00003855,0.00005125,9
17373.46666667,0.00003471,0.00001374,0
17373.48333333,0.00003774,0.00001325,0
17375.00000000,0.00006050,0.00003987,8
17380.00000000,0.00060191,0.00036737,1
17380.62500000,0.00007495,0.00006915,5
17382.80833333,0.00009293,0.00005970,8
17390.00833333,0.00005813,0.00005130,5
17400.00000000,0.00059166,0.00032970,1
17410.00000000,0.00008162,0.00005929,3
17420.00000000,0.00057533,0.00032546,1
17425.10000000,0.00005208,0.00005788,7
17426.90833333,0.00005151,0.00005935,7
17427.70833333,0.00138756,0.00198283,22
17430.00000000,0.00008084,0.00006767,5
17433.61666667,0.00003831,0.00001496,0
17433.63333333,0.00004134,0.00001573,0
17435.00833333,0.00001989,0.00001634,3
17440.00000000,0.00054990,0.00032010,1
17450.00000000,0.00020974,0.00012010,1
17460.00000000,0.00050108,0.00026856,1
17462.94166667,0.00009699,0.00008170,5
17467.00000000,0.00002794,0.00001706,1
17468.69166667,0.00089795,0.00013280,10
17468.81666667,0.00076049,0.00034209,2
17470.00833333,0.00006897,0.00005635,3
17480.00000000,0.00043834,0.00023234,1
17485.32500000,0.00011843,0.00008431,3
17489.36666667,0.00009438,0.00003723,0
17489.38333333,0.00009358,0.00003599,0
17490.00000000,0.00007803,0.00004284,1
17500.00000000,0.00067079,0.00006568,10
17506.82500000,0.00002703,0.00001823,8
17509.99166667,0.00005457,0.00002731,2
17510.39166667,0.00121518,0.00105353,5
17520.00000000,0.00044609,0.00022561,2
17525.00000000,0.00003175,0.00008810,12
17530.00000000,0.00006664,0.00004510,8
17540.00000000,0.00052130,0.00026591,2
17541.60833333,0.00003343,0.00002858,5
17541.63333333,0.00003005,0.00002544,5
17549.01666667,0.00007028,0.00007669,7
17550.00000000,0.00021266,0.00005347,4
17560.00000000,0.00058945,0.00028681,2
17560.20833333,0.00003942,0.00005779,11
17560.32500000,0.00002579,0.00005702,13
17568.75000000,0.00002347,0.00001447,1
17568.80000000,0.00003594,0.00002012,1
17568.84166667,0.00002371,0.00001623,8
17570.00000000,0.00005342,0.00004875,5
17578.12500000,0.00008920,0.00004197,2
17580.00000000,0.00058061,0.00028476,2
17590.00000000,0.00011126,0.00006940,1
17600.00000000,0.00070191,0.00038438,1
17610.00000000,0.00012116,0.00007383,1
17620.00000000,0.00092042,0.00043554,2
17623.66666667,0.00003680,0.00001404,0
17625.00000000,0.00006756,0.00002080,4
17630.00000000,0.00010159,0.00006208,1
17640.00000000,0.00096438,0.00043445,2
17645.67500000,0.00054578,0.00059151,7
17645.80833333,0.00055675,0.00041211,3
17650.00000000,0.00002542,0.00002557,7
17656.25000000,0.00004620,0.00001271,4
17660.00000000,0.00091892,0.00042151,2
17664.99166667,0.00031770,0.00041294,9
17665.11666667,0.00024278,0.00039985,11
17669.17500000,0.00004533,0.00003269,3
17669.46666667,0.00004780,0.00004883,7
17669.56666667,0.00002627,0.00005232,13
17669.57500000,0.00002857,0.00005220,16
17670.00000000,0.00010673,0.00006817,8
17680.00000000,0.00089483,0.00040023,2
17688.12500000,0.00002988,0.00002609,5
17688.13333333,0.00003003,0.00002480,26
17690.00000000,0.00009525,0.00002880,4
17690.19166667,0.00018789,0.00012036,8
17690.31666667,0.00013091,0.00012998,7
17695.00000000,0.00002510,0.00001298,2
17700.00000000,0.00097034,0.00037621,0
17710.00000000,0.00013884,0.00008111,1
17720.00000000,0.00115782,0.00050575,2
17725.00000000,0.00011396,0.00007532,8
17730.00000000,0.00023012,0.00006973,4
17740.00000000,0.00109576,0.00044695,0
17750.00000000,0.00022359,0.00001754,10
17760.00000000,0.00089275,0.00038251,2
17773.44166667,0.00006916,0.00001841,4
17775.00000000,0.00006108,0.00002093,0
17780.00000000,0.00088611,0.00034630,0
17790.00000000,0.00014453,0.00006436,2
17794.93333333,0.00002243,0.00001158,2
17794.97500000,0.00003097,0.00001684,1
17800.00000000,0.00114873,0.00027177,28
17810.00000000,0.00010568,0.00004029,0
17815.00000000,0.00002841,0.00001176,0
17820.00000000,0.00082328,0.00031221,0
17825.00000000,0.00007547,0.00002727,0
17830.00833333,0.00004744,0.00003287,8
17840.00000000,0.00063906,0.00025066,0
17850.00000000,0.00033031,0.00011423,0
17854.37500000,0.00004111,0.00004749,7
17860.00833333,0.00070185,0.00017293,4
17860.14166667,0.00021441,0.00027391,9
17870.00000000,0.00009730,0.00006082,1
17875.00000000,0.00009420,0.00001336,10
17880.00000000,0.00062803,0.00024098,0
17890.00000000,0.00011616,0.00004660,0
17891.74166667,0.00016718,0.00001266,10
17900.00000000,0.00061582,0.00019213,4
17910.00000000,0.00009103,0.00004580,2
17915.72500000,0.00033504,0.00017834,1
17920.00000000,0.00030399,0.00013442,2
17925.00000000,0.00012795,0.00006229,2
17930.00000000,0.00009947,0.00002986,4
17940.00000000,0.00017534,0.00007161,0
17950.00000000,0.00031352,0.00022743,3
17960.00000000,0.00011773,0.00003070,4
17968.75000000,0.00085549,0.00029857,0
17970.00000000,0.00024961,0.00007745,4
17975.00000000,0.00008251,0.00001506,6
17979.10833333,0.00004592,0.00002814,1
17980.00000000,0.00019905,0.00008319,0
17990.00000000,0.00019013,0.00004083,6
