freq,int_doh,int_d2o,cluster
6000.18333333,0.00002415,0.00001849,5
6000.35833333,0.00000000,0.00001605,1
6000.64166667,0.00000000,0.00002035,1
6000.67500000,0.00000000,0.00002403,1
6001.35000000,0.00002407,0.00002658,6
6005.00000000,0.00002263,0.00000000,0
6005.85000000,0.00027377,0.00015668,3
6010.00000000,0.00056420,0.00034144,3
6015.00000000,0.00000000,0.00002611,1
6015.61666667,0.00039766,0.00033186,5
6015.76666667,0.00000000,0.00001379,1
6016.66666667,0.00003176,0.00000000,0
6016.68333333,0.00003071,0.00001197,2
6018.55000000,0.00000000,0.00001576,1
6020.00000000,0.00259532,0.00175943,3
6025.00000000,0.00073451,0.00047144,3
6025.40000000,0.00004064,0.00007702,7
6026.15833333,0.00007844,0.00008373,6
6030.00000000,0.00032098,0.00023357,3
6035.00000000,0.00002771,0.00001216,2
6035.20000000,0.00000000,0.00001382,1
6040.00000000,0.00403289,0.00283083,3
6044.93333333,0.00007194,0.00006566,5
6050.00000000,0.00241847,0.00082717,2
6052.04166667,0.00000000,0.00002850,1
6052.90000000,0.00005232,0.00000000,0
6054.68333333,0.00106293,0.00063176,3
6055.00000000,0.00002162,0.00003418,7
6060.00000000,0.00478260,0.00341102,3
6064.04166667,0.00000000,0.00001258,1
6064.44166667,0.00028717,0.00027222,5
6064.58333333,0.00000000,0.00001190,1
6065.00000000,0.00004672,0.00002360,2
6065.80833333,0.00026304,0.00000000,0
6070.00000000,0.00036023,0.00018960,10
6072.29166667,0.00002342,0.00000000,0
6074.21666667,0.00004654,0.00009055,7
6075.00000000,0.00034378,0.00023461,3
6079.09166667,0.00004210,0.00003398,5
6080.00000000,0.00313977,0.00262377,5
6082.10000000,0.00004949,0.00004920,5
6083.99166667,0.00000000,0.00002162,1
6085.00000000,0.00002902,0.00002024,3
6088.86666667,0.00002111,0.00002456,6
6090.00000000,0.00049111,0.00025089,2
6093.75000000,0.00026656,0.00020144,3
6095.00000000,0.00004363,0.00004300,5
6098.63333333,0.00000000,0.00001492,1
6100.00000000,0.00296149,0.00045210,0
6100.83333333,0.00004156,0.00000000,0
6101.39166667,0.00000000,0.00001290,1
6103.28333333,0.00000000,0.00001206,1
6103.51666667,0.00036815,0.00026591,3
6103.65000000,0.00002143,0.00001830,5
6104.99166667,0.00002765,0.00001590,3
6110.00000000,0.00020176,0.00018434,5
6113.26666667,0.00015660,0.00014755,5
6113.27500000,0.00015655,0.00014946,5
6113.40833333,0.00000000,0.00001225,1
6115.00000000,0.00009503,0.00004573,2
6116.74166667,0.00002388,0.00004828,7
6120.00000000,0.00166872,0.00099520,3
6120.71666667,0.00014692,0.00006709,2
6120.74166667,0.00016279,0.00007638,2
6123.04166667,0.00004941,0.00010272,7
6125.00000000,0.00102809,0.00033331,4
6127.92500000,0.00002392,0.00001258,10
6127.94166667,0.00002281,0.00001307,3
6129.75833333,0.00011445,0.00005273,2
6129.77500000,0.00011869,0.00005986,2
6130.00000000,0.00032381,0.00010809,2
6132.80000000,0.00004787,0.00003919,5
6134.80833333,0.00007401,0.00005847,5
6135.00000000,0.00005058,0.00004188,5
6136.09166667,0.00093155,0.00071014,5
6136.42500000,0.00002282,0.00000000,0
6140.00000000,0.00176008,0.00134342,5
6141.35000000,0.00011666,0.00007733,3
6141.38333333,0.00009858,0.00006778,3
6142.59166667,0.00004540,0.00004076,5
6143.36666667,0.00000000,0.00001456,1
6145.00000000,0.00000000,0.00002899,1
6146.93333333,0.00000000,0.00001548,1
6149.36666667,0.00000000,0.00001196,1
6150.00000000,0.00161896,0.00098355,3
6150.13333333,0.00003887,0.00002465,3
6150.17500000,0.00004303,0.00002748,3
6150.28333333,0.00000000,0.00001269,1
6152.35000000,0.00010059,0.00009083,5
6155.00000000,0.00002521,0.00004195,7
6155.32500000,0.00008551,0.00002909,2
6155.33333333,0.00008584,0.00002886,2
6160.00000000,0.00043384,0.00030314,3
6162.10833333,0.00005796,0.00004715,5
6164.77500000,0.00011696,0.00018839,7
6165.00000000,0.00002694,0.00001630,3
6167.31666667,0.00007914,0.00008071,5
6170.00000000,0.00017115,0.00009160,3
6170.30000000,0.00005322,0.00000000,0
6171.87500000,0.00004948,0.00007537,7
6175.00000000,0.00013732,0.00041619,8
6180.00000000,0.00020715,0.00026115,6
6181.65000000,0.00000000,0.00002056,1
6183.32500000,0.00007933,0.00004956,3
6183.33333333,0.00008000,0.00004992,3
6185.00000000,0.00003123,0.00000000,0
6187.40833333,0.00002315,0.00002404,5
6187.56666667,0.00002409,0.00002406,5
6190.00833333,0.00003169,0.00004559,6
6191.40000000,0.00004853,0.00003451,3
6195.00833333,0.00005048,0.00000000,0
6200.00000000,0.00238999,0.00086289,2
6201.17500000,0.00011048,0.00007553,3
6202.91666667,0.00000000,0.00001395,1
6205.00000000,0.00004518,0.00001441,4
6210.00000000,0.00005057,0.00002878,3
6210.95833333,0.00005849,0.00002619,2
6215.00000000,0.00000000,0.00002184,1
6220.00000000,0.00034638,0.00019439,3
6220.70000000,0.00002334,0.00003501,7
6225.00000000,0.00011076,0.00016129,6
6226.08333333,0.00004146,0.00002905,3
6230.00000000,0.00019093,0.00015131,5
6230.46666667,0.00000000,0.00002740,1
6230.65833333,0.00068343,0.00036995,3
6230.67500000,0.00066808,0.00035819,3
6235.00000000,0.00003348,0.00000000,0
6240.00000000,0.00026748,0.00005049,4
6240.22500000,0.00004769,0.00003786,5
6240.24166667,0.00004738,0.00003682,5
6240.32500000,0.00000000,0.00001307,1
6240.46666667,0.00042490,0.00072733,7
6240.47500000,0.00042485,0.00072999,7
6245.00833333,0.00002998,0.00004050,6
6246.32500000,0.00000000,0.00001261,1
6248.76666667,0.00000000,0.00001664,1
6248.96666667,0.00002337,0.00001721,3
6249.11666667,0.00000000,0.00001756,1
6249.16666667,0.00002115,0.00000000,0
6249.20833333,0.00001983,0.00003116,7
6249.25833333,0.00002542,0.00002198,5
6249.30833333,0.00000000,0.00001749,1
6249.35833333,0.00003268,0.00002514,5
6249.40833333,0.00002034,0.00001445,3
6249.45833333,0.00003258,0.00002665,5
6249.50833333,0.00004911,0.00002637,3
6249.55000000,0.00002612,0.00002968,6
6249.60000000,0.00006194,0.00003914,3
6249.64166667,0.00003868,0.00003880,5
6249.69166667,0.00006858,0.00005542,5
6249.73333333,0.00009663,0.00006771,3
6249.80833333,0.00013802,0.00010836,5
6249.84166667,0.00025389,0.00021170,5
6250.00000000,0.52471541,0.42579040,5
6250.19166667,0.00015405,0.00011932,5
6250.26666667,0.00011233,0.00008528,12
6250.31666667,0.00007126,0.00003638,2
6250.35833333,0.00004391,0.00004859,6
6250.40000000,0.00006974,0.00003931,3
6250.45000000,0.00000000,0.00002415,1
6250.49166667,0.00005358,0.00002826,10
6250.54166667,0.00000000,0.00002498,1
6250.59166667,0.00002126,0.00001426,3
6250.64166667,0.00004156,0.00002845,3
6250.69166667,0.00000000,0.00001581,1
6250.73333333,0.00002706,0.00001398,2
6250.79166667,0.00002219,0.00003045,6
6250.88333333,0.00000000,0.00002183,1
6250.94166667,0.00002569,0.00001374,3
6250.98333333,0.00000000,0.00001638,1
6251.03333333,0.00001992,0.00000000,0
6251.08333333,0.00000000,0.00001283,1
6251.18333333,0.00002650,0.00001598,3
6251.28333333,0.00000000,0.00001494,1
6251.38333333,0.00000000,0.00001166,1
6251.48333333,0.00002663,0.00002249,5
6251.58333333,0.00002670,0.00002168,5
6251.73333333,0.00000000,0.00001327,1
6252.83333333,0.00002333,0.00000000,0
6254.99166667,0.00000000,0.00002766,1
6259.53333333,0.00014390,0.00005229,2
6259.76666667,0.00006296,0.00004986,5
6259.77500000,0.00006506,0.00004907,3
6260.00000000,0.00030845,0.00006064,4
6265.00000000,0.00003405,0.00000000,0
6267.55833333,0.00002174,0.00000000,0
6269.32500000,0.00083549,0.00048782,3
6269.33333333,0.00085489,0.00049046,3
6269.51666667,0.00002592,0.00003450,6
6269.53333333,0.00002443,0.00003652,7
6270.00000000,0.00013756,0.00013424,5
6275.00000000,0.00004034,0.00005540,6
6279.30000000,0.00000000,0.00002114,1
6280.00000000,0.00041449,0.00027342,3
6285.00000000,0.00003155,0.00002681,5
6289.06666667,0.00004901,0.00004508,5
6289.07500000,0.00004806,0.00004447,5
6290.00000000,0.00010313,0.00004245,2
6294.99166667,0.00002325,0.00001610,3
6297.08333333,0.00000000,0.00001607,1
6298.82500000,0.00012140,0.00008859,3
6298.83333333,0.00012282,0.00008962,3
6300.00000000,0.00491913,0.00296682,3
6305.00000000,0.00006631,0.00003323,2
6308.60833333,0.00005603,0.00005079,5
6310.00000000,0.00016685,0.00010083,3
6315.00000000,0.00002340,0.00000000,0
6315.41666667,0.00043391,0.00038736,5
6318.37500000,0.00000000,0.00001924,1
6320.00000000,0.00027127,0.00034949,6
6322.27500000,0.00000000,0.00001404,1
6323.22500000,0.00003667,0.00001283,2
6323.25000000,0.00004002,0.00000000,0
6325.00000000,0.00079028,0.00052396,3
6328.12500000,0.00003551,0.00005235,7
6329.70000000,0.00002153,0.00000000,0
6330.00000000,0.00007154,0.00013856,7
6332.68333333,0.00005752,0.00008305,6
6335.22500000,0.00009274,0.00013422,6
6336.86666667,0.00000000,0.00001389,1
6337.90000000,0.00006132,0.00005377,5
6340.00000000,0.00034421,0.00010082,4
6344.66666667,0.00020372,0.00010587,10
6345.00000000,0.00007285,0.00004602,3
6345.76666667,0.00000000,0.00002080,1
6347.66666667,0.00009966,0.00008044,5
6347.67500000,0.00009829,0.00007912,5
6349.27500000,0.00002320,0.00000000,0
6349.72500000,0.00000000,0.00002570,1
6349.83333333,0.00005833,0.00005137,5
6350.00000000,0.00283419,0.00276020,5
6350.19166667,0.00000000,0.00001164,1
6350.26666667,0.00002399,0.00001552,3
6350.29166667,0.00002633,0.00001388,10
6350.61666667,0.00002317,0.00002185,5
6350.64166667,0.00002246,0.00002285,5
6351.48333333,0.00000000,0.00001237,1
6352.12500000,0.00000000,0.00001929,1
6353.05833333,0.00000000,0.00002152,1
6356.74166667,0.00004842,0.00004402,5
6357.42500000,0.00005466,0.00004282,5
6357.43333333,0.00005401,0.00004224,5
6358.65000000,0.00010524,0.00005721,3
6360.00000000,0.00008521,0.00005309,3
6363.58333333,0.00002125,0.00000000,0
6363.90833333,0.00105992,0.00052213,2
6364.43333333,0.00004818,0.00000000,0
6365.00000000,0.00010266,0.00002586,4
6365.19166667,0.00007445,0.00006399,5
6367.20833333,0.00452801,0.00434212,5
6370.00000000,0.00026621,0.00012880,2
6370.20000000,0.00012070,0.00002916,4
6370.27500000,0.00009089,0.00000000,0
6370.42500000,0.00000000,0.00001372,1
6372.05833333,0.00002934,0.00002285,5
6372.07500000,0.00003163,0.00002169,3
6374.30000000,0.00000000,0.00001341,1
6374.81666667,0.00002048,0.00000000,0
6375.00000000,0.00164836,0.00072932,2
6375.16666667,0.00003752,0.00001628,2
6375.20000000,0.00003197,0.00000000,0
6376.35833333,0.00000000,0.00002113,1
6376.96666667,0.00000000,0.00004030,1
6379.23333333,0.00016136,0.00008733,3
6380.00000000,0.00083045,0.00060867,3
6382.75833333,0.00000000,0.00001709,1
6382.83333333,0.00000000,0.00001902,1
6383.24166667,0.00000000,0.00002736,1
6385.00000000,0.00022627,0.00010425,2
6386.72500000,0.00009354,0.00008433,5
6390.00000000,0.00005859,0.00010937,7
6393.25833333,0.00002556,0.00000000,0
6394.64166667,0.00002534,0.00002186,5
6395.00000000,0.00002816,0.00001561,3
6396.28333333,0.00000000,0.00001207,1
6396.35000000,0.00002722,0.00001849,3
6396.48333333,0.00032255,0.00025339,5
6396.74166667,0.00000000,0.00001676,1
6399.46666667,0.00005040,0.00004146,5
6400.00000000,0.00142256,0.00024209,4
6402.07500000,0.00003630,0.00000000,0
6403.50833333,0.00033864,0.00027600,5
6405.00000000,0.00005815,0.00006771,6
6406.25833333,0.00011143,0.00008864,5
6408.66666667,0.00002509,0.00000000,0
6410.00000000,0.00020813,0.00019024,5
6413.35000000,0.00000000,0.00001961,1
6415.30000000,0.00002600,0.00000000,0
6416.00833333,0.00000000,0.00001255,1
6417.90000000,0.00003525,0.00004216,6
6418.55000000,0.00002032,0.00000000,0
6420.00000000,0.00110235,0.00082741,3
6420.90000000,0.00002899,0.00003176,6
6425.00000000,0.00126245,0.00046339,2
6425.78333333,0.00000000,0.00002132,1
6430.00000000,0.00031679,0.00018788,3
6430.57500000,0.00000000,0.00001670,1
6433.80833333,0.00004042,0.00004878,6
6434.19166667,0.00070167,0.00001911,0
6435.00000000,0.00003868,0.00000000,0
6435.55833333,0.00011910,0.00010455,5
6435.77500000,0.00000000,0.00015821,1
6437.93333333,0.00000000,0.00001698,1
6440.00000000,0.00355678,0.00262340,3
6441.71666667,0.00004225,0.00004467,6
6445.00000000,0.00008279,0.00002969,2
6445.15833333,0.00000000,0.00001236,1
6445.31666667,0.00052733,0.00042963,5
6445.54166667,0.00000000,0.00001801,1
6445.95000000,0.00000000,0.00003031,1
6446.22500000,0.00000000,0.00001796,1
6447.10000000,0.00007956,0.00000000,0
6447.77500000,0.00000000,0.00001742,1
6450.00000000,0.00290136,0.00173282,3
6451.02500000,0.00000000,0.00001901,1
6451.03333333,0.00002038,0.00001868,5
6455.05833333,0.00003608,0.00001774,2
6455.08333333,0.00003173,0.00002002,3
6457.30833333,0.00000000,0.00001202,1
6460.00000000,0.00315702,0.00234641,3
6460.74166667,0.00000000,0.00003075,1
6465.00000000,0.00000000,0.00005218,1
6467.96666667,0.00000000,0.00003338,1
6468.07500000,0.00000000,0.00003524,1
6468.95000000,0.00007507,0.00000000,0
6469.07500000,0.00002230,0.00000000,0
6469.70000000,0.00002289,0.00001562,3
6470.00000000,0.00033896,0.00019922,3
6470.58333333,0.00008096,0.00009486,6
6472.00833333,0.00002937,0.00006631,8
6473.85000000,0.00005877,0.00005180,5
6475.00000000,0.00020015,0.00021257,6
6475.72500000,0.00002587,0.00007201,8
6477.10000000,0.00002523,0.00001796,3
6480.00000000,0.00135374,0.00121471,5
6480.49166667,0.00002398,0.00003222,6
6483.15000000,0.00000000,0.00001452,1
6483.33333333,0.00003069,0.00002433,5
6484.37500000,0.00007890,0.00005685,3
6485.00000000,0.00004491,0.00005882,6
6485.16666667,0.00002467,0.00001277,2
6485.20833333,0.00000000,0.00001645,1
6485.58333333,0.00002115,0.00000000,0
6490.00000000,0.00079447,0.00062423,5
6491.36666667,0.00005821,0.00000000,0
6493.25000000,0.00002169,0.00000000,0
6493.97500000,0.00007906,0.00006196,5
6494.14166667,0.00013887,0.00010585,5
6494.59166667,0.00009733,0.00008366,5
6495.05000000,0.00006003,0.00000000,0
6497.42500000,0.00000000,0.00002554,1
6497.79166667,0.00002118,0.00002443,6
6498.20833333,0.00005832,0.00000000,0
6500.00000000,0.00056984,0.00130551,8
6503.90000000,0.00002691,0.00001640,3
6504.55833333,0.00016460,0.00009537,3
6504.71666667,0.00005471,0.00000000,0
6505.00000000,0.00004172,0.00005341,6
6506.22500000,0.00002254,0.00002269,5
6506.26666667,0.00002016,0.00002562,6
6506.30833333,0.00000000,0.00002376,1
6506.91666667,0.00005888,0.00005690,5
6510.00000000,0.00044573,0.00036567,5
6510.42500000,0.00052253,0.00044338,5
6510.85000000,0.00003701,0.00004140,6
6511.04166667,0.00001973,0.00000000,0
6512.50000000,0.00009778,0.00003803,2
6513.70833333,0.00000000,0.00001189,1
6514.99166667,0.00003006,0.00000000,0
6518.55000000,0.00000000,0.00001381,1
6520.00000000,0.00270487,0.00222187,5
6524.01666667,0.00005408,0.00005250,5
6525.00000000,0.00079013,0.00012427,0
6525.91666667,0.00002069,0.00000000,0
6527.17500000,0.00001981,0.00000000,0
6528.04166667,0.00006730,0.00004842,3
6529.13333333,0.00000000,0.00001881,1
6529.71666667,0.00001981,0.00002886,6
6529.76666667,0.00000000,0.00003239,1
6530.00000000,0.00024449,0.00009876,2
6532.38333333,0.00000000,0.00001703,1
6532.95000000,0.00001984,0.00000000,0
6533.19166667,0.00004253,0.00002178,2
6538.05000000,0.00005755,0.00000000,0
6540.00000000,0.00207223,0.00158495,5
6540.71666667,0.00000000,0.00018004,1
6542.96666667,0.00023927,0.00018105,3
6542.97500000,0.00023777,0.00017890,3
6544.95000000,0.00000000,0.00002695,1
6545.00833333,0.00003063,0.00005604,7
6547.87500000,0.00017756,0.00017800,5
6550.00000000,0.00130786,0.00051733,2
6552.72500000,0.00002415,0.00001963,5
6552.73333333,0.00002461,0.00001932,5
6555.00000000,0.00002152,0.00000000,0
6555.53333333,0.00000000,0.00003275,1
6555.80000000,0.00000000,0.00001439,1
6555.91666667,0.00002899,0.00002766,5
6557.83333333,0.00002952,0.00000000,0
6558.88333333,0.00000000,0.00002883,1
6560.00000000,0.00127621,0.00095299,3
6562.55000000,0.00000000,0.00001243,1
6564.21666667,0.00012174,0.00005473,2
6564.30000000,0.00015831,0.00005498,2
6564.33333333,0.00013482,0.00005159,2
6565.00833333,0.00006381,0.00001220,4
6567.37500000,0.00000000,0.00001526,1
6567.82500000,0.00002883,0.00017175,9
6567.84166667,0.00002778,0.00017720,9
6570.00000000,0.00027670,0.00023139,5
6571.51666667,0.00002673,0.00004835,7
6572.26666667,0.00000000,0.00001232,1
6574.17500000,0.00002382,0.00011203,9
6575.00000000,0.00020130,0.00017188,5
6576.55000000,0.00000000,0.00002324,1
6580.00000000,0.00226291,0.00177333,5
6582.02500000,0.00004150,0.00002451,3
6582.03333333,0.00004091,0.00002457,3
6583.21666667,0.00003670,0.00013087,8
6584.36666667,0.00003153,0.00000000,0
6584.37500000,0.00003168,0.00000000,0
6585.00000000,0.00007431,0.00003256,2
6585.55833333,0.00000000,0.00001171,1
6585.95833333,0.00000000,0.00001261,1
6589.44166667,0.00005841,0.00000000,0
6590.00000000,0.00040884,0.00012895,4
6591.79166667,0.00014231,0.00011955,5
6593.45000000,0.00007721,0.00000000,0
6598.12500000,0.00003566,0.00000000,0
6600.00000000,0.00405960,0.00220590,3
6601.55833333,0.00002567,0.00001657,3
6604.97500000,0.00007103,0.00003741,10
6610.00000000,0.00065471,0.00032674,2
6614.99166667,0.00000000,0.00001457,1
6616.21666667,0.00002280,0.00001555,3
6620.00000000,0.00214014,0.00161849,3
6620.61666667,0.00006516,0.00005674,5
6620.62500000,0.00006570,0.00005644,5
6621.10000000,0.00000000,0.00001422,1
6621.30000000,0.00000000,0.00001409,1
6624.20000000,0.00000000,0.00001241,1
6625.00000000,0.00041710,0.00025137,3
6625.54166667,0.00003481,0.00000000,0
6630.00000000,0.00049594,0.00027224,3
6630.75833333,0.00002905,0.00015184,9
6630.83333333,0.00003324,0.00007415,8
6631.75833333,0.00002160,0.00005837,8
6633.03333333,0.00000000,0.00001809,1
6637.45833333,0.00002239,0.00007684,8
6638.46666667,0.00003448,0.00010434,8
6638.47500000,0.00003436,0.00010503,8
6640.00000000,0.00192269,0.00153859,5
6640.62500000,0.00036704,0.00030557,5
6645.00000000,0.00003565,0.00004872,6
6645.19166667,0.00000000,0.00001195,1
6650.00000000,0.00065118,0.00113151,7
6650.39166667,0.00000000,0.00001528,1
6655.30000000,0.00002103,0.00000000,0
6655.33333333,0.00000000,0.00001273,1
6656.25000000,0.00000000,0.00002601,1
6656.58333333,0.00000000,0.00004308,1
6656.91666667,0.00015457,0.00000000,0
6656.94166667,0.00016870,0.00000000,0
6660.00000000,0.00264962,0.00183822,3
6664.03333333,0.00009457,0.00000000,0
6665.00833333,0.00018155,0.00002788,0
6668.35000000,0.00003235,0.00002213,3
6668.96666667,0.00003556,0.00003230,5
6668.97500000,0.00003551,0.00003259,5
6670.00000000,0.00078905,0.00021953,4
6672.13333333,0.00002693,0.00000000,0
6672.25000000,0.00004281,0.00000000,0
6673.85833333,0.00002246,0.00000000,0
6674.17500000,0.00005625,0.00000000,0
6675.00000000,0.00140886,0.00116698,5
6676.85000000,0.00000000,0.00012992,1
6679.66666667,0.00004584,0.00003342,3
6679.68333333,0.00004970,0.00003071,3
6680.00000000,0.00336636,0.00241442,3
6681.25833333,0.00000000,0.00001340,1
6681.88333333,0.00006569,0.00000000,0
6684.44166667,0.00000000,0.00002574,1
6684.99166667,0.00002828,0.00003758,6
6685.60833333,0.00000000,0.00003198,1
6685.83333333,0.00000000,0.00001960,1
6689.45000000,0.00012853,0.00011289,5
6690.00000000,0.00064156,0.00052475,5
6690.86666667,0.00000000,0.00001654,1
6697.74166667,0.00001991,0.00000000,0
6699.21666667,0.00003252,0.00002045,3
6699.23333333,0.00003135,0.00002184,3
6700.00000000,0.00317631,0.00279282,5
6704.61666667,0.00008165,0.00000000,0
6705.00000000,0.00012784,0.00004501,2
6705.22500000,0.00000000,0.00003542,1
6705.45833333,0.00000000,0.00001522,1
6705.55000000,0.00000000,0.00003925,1
6706.39166667,0.00000000,0.00002300,1
6706.52500000,0.00000000,0.00001262,1
6707.25833333,0.00000000,0.00001574,1
6707.40000000,0.00000000,0.00004543,1
6708.66666667,0.00000000,0.00001257,1
6710.00000000,0.00089467,0.00049324,3
6710.82500000,0.00000000,0.00003182,1
6711.39166667,0.00000000,0.00006661,1
6713.68333333,0.00000000,0.00001477,1
6713.84166667,0.00002624,0.00001946,3
6715.00000000,0.00003948,0.00000000,0
6716.16666667,0.00004617,0.00001445,4
6716.17500000,0.00004787,0.00001439,4
6716.25833333,0.00006826,0.00001543,4
6716.27500000,0.00006296,0.00001710,4
6718.75000000,0.00005245,0.00003776,3
6720.00000000,0.00207963,0.00137185,3
6725.00000000,0.00015620,0.00015857,5
6725.84166667,0.00006687,0.00002974,2
6726.10833333,0.00000000,0.00002564,1
6726.16666667,0.00000000,0.00001384,1
6728.46666667,0.00000000,0.00001354,1
6730.00000000,0.00043871,0.00015880,2
6730.42500000,0.00000000,0.00002101,1
6731.95833333,0.00006422,0.00002242,2
6732.04166667,0.00009424,0.00002783,4
6735.00833333,0.00007291,0.00001874,4
6735.86666667,0.00002324,0.00002484,6
6738.01666667,0.00002821,0.00000000,0
6738.27500000,0.00015642,0.00014074,5
6738.74166667,0.00006992,0.00006790,5
6739.47500000,0.00008668,0.00008744,5
6740.00000000,0.00211512,0.00144056,3
6740.62500000,0.00004184,0.00000000,0
6743.16666667,0.00004845,0.00000000,0
6743.66666667,0.00026141,0.00009606,2
6743.67500000,0.00027646,0.00009595,2
6743.73333333,0.00032858,0.00008264,4
6745.02500000,0.00005775,0.00000000,0
6746.49166667,0.00000000,0.00001722,1
6746.53333333,0.00000000,0.00002722,1
6746.85000000,0.00002556,0.00000000,0
6747.95833333,0.00010308,0.00001947,4
6748.03333333,0.00004793,0.00003423,3
6748.87500000,0.00025379,0.00027568,6
6749.72500000,0.00000000,0.00001663,1
6749.99166667,0.00120953,0.00097769,5
6750.15833333,0.00002080,0.00002186,5
6750.17500000,0.00002133,0.00002047,5
6754.99166667,0.00003213,0.00000000,0
6757.92500000,0.00002114,0.00000000,0
6758.03333333,0.00003029,0.00000000,0
6760.00000000,0.00246109,0.00206030,5
6760.86666667,0.00000000,0.00001978,1
6761.73333333,0.00000000,0.00002187,1
6762.67500000,0.00000000,0.00001492,1
6764.12500000,0.00000000,0.00001907,1
6765.00000000,0.00005459,0.00007572,6
6767.25000000,0.00000000,0.00001182,1
6767.28333333,0.00000000,0.00001380,1
6768.30833333,0.00024269,0.00005101,4
6770.00000000,0.00029152,0.00026456,5
6770.40000000,0.00000000,0.00002786,1
6770.52500000,0.00002661,0.00001323,2
6771.60833333,0.00012568,0.00002267,4
6774.87500000,0.00002000,0.00000000,0
6775.00000000,0.00004607,0.00020865,9
6777.18333333,0.00002708,0.00000000,0
6777.34166667,0.00002052,0.00002603,6
6780.00000000,0.00218182,0.00176124,5
6780.34166667,0.00000000,0.00002125,1
6783.05833333,0.00004422,0.00000000,0
6783.21666667,0.00003945,0.00003426,5
6783.25833333,0.00004851,0.00004063,5
6785.00000000,0.00004350,0.00002144,2
6786.17500000,0.00008984,0.00000000,0
6787.10833333,0.00017737,0.00013914,5
6790.00000000,0.00022526,0.00014732,3
6790.23333333,0.00002929,0.00000000,0
6791.08333333,0.00002997,0.00000000,0
6791.26666667,0.00004418,0.00000000,0
6792.07500000,0.00000000,0.00001705,1
6793.34166667,0.00000000,0.00001176,1
6793.48333333,0.00003337,0.00000000,0
6793.95833333,0.00000000,0.00001295,1
6794.59166667,0.00008627,0.00000000,0
6795.00833333,0.00000000,0.00001392,1
6796.87500000,0.00007087,0.00006345,5
6797.65000000,0.00000000,0.00007694,1
6798.08333333,0.00007084,0.00003330,2
6799.85000000,0.00000000,0.00001756,1
6800.00000000,0.00150063,0.00092944,3
6804.63333333,0.00005036,0.00000000,0
6805.00000000,0.00008579,0.00000000,0
6809.33333333,0.00000000,0.00002349,1
6809.75000000,0.00006418,0.00004473,3
6810.00000000,0.00008986,0.00012092,6
6815.00000000,0.00002878,0.00002484,5
6815.30833333,0.00005225,0.00000000,0
6818.10000000,0.00002420,0.00000000,0
6818.79166667,0.00002107,0.00000000,0
6820.00000000,0.00063596,0.00065444,5
6823.63333333,0.00015330,0.00012474,5
6823.88333333,0.00000000,0.00001337,1
6825.00000000,0.00015396,0.00003148,4
6826.17500000,0.00002927,0.00003594,6
6830.00000000,0.00011426,0.00014765,6
6831.60000000,0.00002863,0.00008457,8
6835.01666667,0.00004211,0.00001484,2
6835.71666667,0.00003895,0.00004560,6
6835.72500000,0.00004046,0.00004667,6
6835.93333333,0.00153552,0.00147411,5
6836.93333333,0.00002649,0.00008316,8
6840.00000000,0.00050475,0.00045743,5
6841.26666667,0.00002571,0.00002630,5
6842.91666667,0.00002376,0.00002902,6
6845.00000000,0.00007310,0.00004373,3
6845.03333333,0.00006095,0.00005044,5
6846.61666667,0.00002835,0.00000000,0
6848.87500000,0.00002949,0.00000000,0
6850.00000000,0.00051903,0.00070433,6
6853.20000000,0.00009145,0.00006518,3
6854.94166667,0.00034273,0.00042474,6
6855.18333333,0.00002953,0.00001187,2
6855.50833333,0.00000000,0.00001638,1
6857.61666667,0.00000000,0.00001158,1
6858.57500000,0.00008668,0.00002298,4
6858.64166667,0.00003248,0.00003409,5
6860.00000000,0.00051134,0.00046426,5
6860.43333333,0.00613718,0.00188888,4
6860.71666667,0.00000000,0.00004594,1
6861.41666667,0.00000000,0.00017601,1
6862.34166667,0.00010080,0.00008238,5
6863.75000000,0.00005198,0.00001616,4
6865.00000000,0.00009745,0.00005719,3
6867.43333333,0.00000000,0.00002662,1
6869.29166667,0.00000000,0.00002935,1
6870.00000000,0.00027340,0.00012514,2
6870.66666667,0.00003615,0.00003624,5
6870.67500000,0.00003511,0.00003540,5
6872.89166667,0.00000000,0.00007462,1
6875.00000000,0.00135673,0.00022570,4
6879.22500000,0.00000000,0.00001220,1
6879.77500000,0.00002118,0.00001403,3
6880.00000000,0.00089667,0.00099212,6
6881.56666667,0.00000000,0.00002386,1
6884.76666667,0.00010020,0.00008485,5
6884.77500000,0.00009992,0.00008454,5
6884.98333333,0.00000000,0.00001659,1
6890.00000000,0.00030620,0.00016539,3
6893.01666667,0.00002062,0.00003036,7
6893.03333333,0.00002129,0.00003125,7
6894.71666667,0.00002300,0.00000000,0
6895.00000000,0.00000000,0.00002370,1
6895.90000000,0.00002324,0.00000000,0
6898.75000000,0.00000000,0.00001483,1
6898.87500000,0.00000000,0.00001997,1
6899.03333333,0.00006692,0.00005860,5
6899.73333333,0.00004542,0.00005573,6
6899.81666667,0.00009007,0.00007133,5
6899.86666667,0.00014930,0.00005249,2
6900.00000000,0.00082869,0.00240932,8
6903.49166667,0.00000000,0.00003709,1
6905.00000000,0.00000000,0.00002093,1
6906.93333333,0.00002740,0.00000000,0
6907.20833333,0.00002986,0.00001515,2
6907.70833333,0.00000000,0.00003359,1
6908.86666667,0.00000000,0.00001254,1
6909.78333333,0.00011040,0.00010220,5
6910.00000000,0.00026757,0.00014939,3
6910.29166667,0.00008769,0.00004737,3
6911.23333333,0.00000000,0.00002102,1
6911.95000000,0.00002926,0.00000000,0
6915.00000000,0.00000000,0.00001249,1
6916.20000000,0.00000000,0.00003049,1
6916.75833333,0.00002900,0.00000000,0
6919.11666667,0.00006295,0.00004849,5
6919.12500000,0.00006489,0.00004922,3
6919.24166667,0.00002121,0.00001686,5
6920.00000000,0.00156186,0.00167131,6
6923.83333333,0.00000000,0.00002231,1
6925.00000000,0.00018944,0.00033430,7
6930.00000000,0.00010947,0.00003936,2
6932.20000000,0.00000000,0.00002023,1
6932.36666667,0.00932515,0.00853352,5
6933.60000000,0.00014561,0.00011903,5
6935.00000000,0.00002998,0.00000000,0
6937.38333333,0.00000000,0.00001340,1
6937.57500000,0.00000000,0.00001275,1
6938.32500000,0.00003713,0.00003880,5
6938.35000000,0.00003216,0.00004143,6
6939.69166667,0.00002701,0.00000000,0
6940.00000000,0.00081346,0.00101580,6
6943.25833333,0.00002611,0.00003186,6
6944.32500000,0.00003618,0.00000000,0
6945.02500000,0.00003360,0.00002234,3
6945.92500000,0.00000000,0.00001884,1
6946.17500000,0.00011401,0.00008466,3
6947.35833333,0.00004676,0.00002691,3
6948.15000000,0.00002249,0.00000000,0
6948.46666667,0.00002954,0.00000000,0
6948.70000000,0.00041830,0.00000000,0
6948.72500000,0.00044646,0.00000000,0
6949.21666667,0.00020381,0.00052528,8
6949.25000000,0.00025929,0.00067333,8
6949.80000000,0.00002632,0.00000000,0
6950.00000000,0.00256825,0.00372874,6
6950.73333333,0.00000000,0.00002832,1
6951.21666667,0.00000000,0.00005141,1
6952.39166667,0.00000000,0.00002822,1
6952.86666667,0.00010709,0.00000000,0
6953.12500000,0.00005968,0.00004183,3
6954.16666667,0.00004226,0.00000000,0
6954.17500000,0.00004270,0.00000000,0
6954.98333333,0.00002741,0.00004535,7
6955.85000000,0.00002285,0.00000000,0
6957.55833333,0.00002155,0.00001350,3
6957.67500000,0.00003261,0.00000000,0
6957.99166667,0.00000000,0.00001963,1
6958.06666667,0.00002281,0.00000000,0
6958.96666667,0.00005225,0.00000000,0
6960.00000000,0.00075622,0.00094555,6
6961.81666667,0.00000000,0.00006594,1
6962.00833333,0.00000000,0.00004019,1
6962.88333333,0.00000000,0.00001468,1
6965.00000000,0.00009137,0.00003028,2
6969.08333333,0.00653775,0.00146623,4
6969.61666667,0.00024523,0.00022787,5
6970.00000000,0.00012427,0.00004967,2
6970.35833333,0.00000000,0.00001836,1
6970.39166667,0.00000000,0.00001560,1
6971.46666667,0.00003108,0.00001343,2
6971.48333333,0.00003280,0.00001192,2
6971.90000000,0.00066615,0.00014253,4
6972.65833333,0.00000000,0.00001264,1
6974.20000000,0.00000000,0.00001896,1
6974.22500000,0.00002198,0.00001654,3
6975.00000000,0.00026989,0.00016783,3
6975.60000000,0.00002394,0.00000000,0
6976.11666667,0.00005020,0.00004318,5
6976.12500000,0.00005044,0.00004230,5
6976.41666667,0.00027991,0.00002007,0
6977.45833333,0.00000000,0.00001179,1
6977.62500000,0.00000000,0.00001396,1
6977.94166667,0.00000000,0.00001321,1
6980.00000000,0.00063287,0.00083409,6
6982.42500000,0.00009958,0.00009511,5
6983.32500000,0.00002735,0.00001816,3
6985.00833333,0.00002800,0.00001553,3
6985.22500000,0.00006240,0.00000000,0
6986.34166667,0.00000000,0.00002222,1
6987.40833333,0.00004434,0.00000000,0
6988.42500000,0.00002130,0.00001410,3
6990.00833333,0.00008495,0.00008099,5
6990.88333333,0.00003625,0.00000000,0
6992.53333333,0.00005518,0.00053819,1
6993.82500000,0.00002875,0.00000000,0
6995.32500000,0.00000000,0.00001177,1
6996.90000000,0.00002703,0.00000000,0
6997.05000000,0.00018688,0.00022695,6
7000.00000000,0.00096524,0.00073972,5
7001.70833333,0.00004027,0.00000000,0
7001.95000000,0.00000000,0.00001239,1
7002.70000000,0.00002788,0.00000000,0
7005.00000000,0.00008132,0.00003407,2
7006.83333333,0.00000000,0.00001757,1
7010.00000000,0.00008597,0.00010733,6
7011.15000000,0.00000000,0.00001359,1
7011.41666667,0.00007404,0.00007175,5
7011.71666667,0.00000000,0.00002419,1
7012.01666667,0.00021183,0.00000000,0
7012.20000000,0.00013194,0.00013211,5
7012.49166667,0.00000000,0.00004448,1
7012.61666667,0.00000000,0.00001995,1
7013.90833333,0.00008935,0.00001447,4
7014.62500000,0.00010806,0.00011003,5
7019.07500000,0.00000000,0.00001159,1
7020.00833333,0.00026131,0.00027320,5
7020.33333333,0.00000000,0.00001267,1
7020.89166667,0.00012264,0.00005060,2
7021.49166667,0.00003824,0.00002655,3
7023.52500000,0.00005370,0.00000000,0
7025.00000000,0.00040700,0.00024117,3
7025.13333333,0.00004012,0.00002840,3
7026.36666667,0.00002836,0.00001464,2
7029.10000000,0.00004352,0.00004082,5
7030.00000000,0.00015486,0.00032889,7
7030.15000000,0.00007120,0.00000000,0
7031.25000000,0.00103417,0.00112012,6
7032.29166667,0.00006112,0.00000000,0
7034.60833333,0.00004893,0.00000000,0
7040.00000000,0.00024698,0.00009625,2
7043.66666667,0.00002274,0.00006975,8
7044.97500000,0.00004211,0.00002639,3
7045.36666667,0.00000000,0.00003064,1
7045.66666667,0.00005306,0.00005447,5
7045.67500000,0.00005237,0.00005482,5
7046.48333333,0.00005695,0.00000000,0
7046.96666667,0.00000000,0.00001604,1
7047.71666667,0.00000000,0.00001769,1
7050.00000000,0.00045415,0.00105264,8
7051.95833333,0.00013551,0.00002176,0
7058.40000000,0.00003997,0.00000000,0
7060.00000000,0.00023168,0.00029711,6
7060.55000000,0.00000000,0.00003599,1
7065.00000000,0.00000000,0.00002276,1
7065.20833333,0.00003126,0.00000000,0
7070.00000000,0.00007804,0.00012267,7
7070.32500000,0.00003533,0.00003060,5
7073.77500000,0.00002445,0.00003751,7
7074.43333333,0.00002192,0.00000000,0
7075.00000000,0.00017117,0.00018746,6
7075.40000000,0.00000000,0.00001587,1
7078.30000000,0.00000000,0.00004553,1
7078.85833333,0.00000000,0.00001216,1
7079.45000000,0.00003365,0.00000000,0
7080.00000000,0.00033778,0.00044186,6
7082.34166667,0.00003952,0.00000000,0
7084.27500000,0.00203788,0.00107881,10
7085.00833333,0.00005753,0.00005504,5
7087.16666667,0.00005195,0.00000000,0
7090.00000000,0.00010681,0.00015310,6
7090.86666667,0.00004493,0.00003580,5
7091.61666667,0.00003519,0.00001208,2
7092.31666667,0.00006248,0.00000000,0
7093.23333333,0.00003784,0.00000000,0
7094.99166667,0.00005797,0.00007208,6
7095.61666667,0.00008572,0.00006978,5
7095.62500000,0.00008538,0.00007025,5
7097.30000000,0.00029115,0.00027309,5
7100.00000000,0.00286261,0.00100712,2
7103.20833333,0.00000000,0.00002885,1
7103.75000000,0.00007933,0.00050276,9
7104.49166667,0.00002288,0.00001319,3
7104.99166667,0.00000000,0.00001643,1
7105.38333333,0.00002719,0.00002194,5
7106.95000000,0.00000000,0.00004406,1
7108.25833333,0.00006840,0.00000000,0
7108.35833333,0.00009036,0.00000000,0
7108.50833333,0.00005780,0.00000000,0
7108.90833333,0.00002217,0.00006103,8
7109.37500000,0.00014203,0.00019682,6
7110.00000000,0.00007589,0.00018575,8
7114.80000000,0.00002720,0.00000000,0
7114.83333333,0.00002029,0.00000000,0
7115.00000000,0.00000000,0.00001527,1
7115.20833333,0.00000000,0.00001305,1
7116.07500000,0.00005439,0.00000000,0
7116.65833333,0.00000000,0.00002019,1
7119.14166667,0.00002918,0.00002401,5
7120.00000000,0.00049283,0.00078879,7
7122.00000000,0.00000000,0.00006024,1
7122.19166667,0.00008316,0.00000000,0
7122.57500000,0.00008963,0.00008290,5
7124.30000000,0.00000000,0.00001701,1
7124.62500000,0.00000000,0.00001523,1
7124.73333333,0.00000000,0.00003978,1
7124.99166667,0.00059426,0.00097545,7
7125.16666667,0.00014809,0.00001942,0
7125.17500000,0.00014619,0.00002014,0
7125.37500000,0.00000000,0.00001767,1
7125.67500000,0.00000000,0.00001271,1
7126.32500000,0.00007011,0.00006072,5
7126.34166667,0.00007211,0.00005824,5
7127.25000000,0.00029139,0.00038594,6
7127.85000000,0.00002465,0.00000000,0
7128.91666667,0.00003421,0.00001461,2
7129.77500000,0.00008815,0.00000000,0
7130.00000000,0.00006355,0.00020674,8
7133.09166667,0.00002886,0.00000000,0
7133.18333333,0.00000000,0.00001630,1
7134.08333333,0.00041982,0.00046080,6
7134.76666667,0.00003490,0.00000000,0
7135.00833333,0.00003422,0.00001380,2
7135.03333333,0.00003004,0.00001489,2
7136.78333333,0.00002224,0.00000000,0
7137.66666667,0.00000000,0.00001555,1
7139.04166667,0.00002809,0.00000000,0
7140.00000000,0.00064137,0.00089430,6
7142.25833333,0.00000000,0.00003976,1
7143.12500000,0.00000000,0.00002908,1
7144.04166667,0.00000000,0.00004681,1
7144.09166667,0.00002901,0.00002792,5
7145.00000000,0.00000000,0.00004013,1
7145.63333333,0.00009214,0.00005539,3
7150.00000000,0.00048360,0.00144299,8
7150.25833333,0.00002484,0.00000000,0
7153.22500000,0.00004592,0.00000000,0
7153.31666667,0.00003880,0.00001765,2
7154.76666667,0.00000000,0.00002316,1
7156.55833333,0.00002314,0.00000000,0
7156.74166667,0.00002795,0.00002565,5
7157.08333333,0.00000000,0.00001405,1
7158.95000000,0.00004070,0.00000000,0
7159.01666667,0.00000000,0.00003421,1
7160.00000000,0.00072230,0.00100419,6
7160.16666667,0.00003432,0.00004225,6
7160.17500000,0.00003479,0.00004033,6
7161.40000000,0.00007390,0.00001242,4
7162.31666667,0.00000000,0.00010420,1
7163.29166667,0.00003487,0.00002130,3
7164.22500000,0.00000000,0.00001596,1
7165.00000000,0.00003057,0.00004405,6
7165.03333333,0.00003879,0.00003331,5
7166.23333333,0.00000000,0.00001542,1
7167.95000000,0.00000000,0.00001922,1
7168.22500000,0.00000000,0.00001373,1
7169.51666667,0.00003023,0.00003195,6
7170.00000000,0.00004601,0.00015154,8
7174.00000000,0.00002141,0.00006432,8
7175.00000000,0.00011221,0.00018243,7
7176.34166667,0.00000000,0.00002201,1
7177.72500000,0.00003183,0.00003060,5
7179.17500000,0.00004093,0.00000000,0
7179.81666667,0.00000000,0.00001509,1
7180.00000000,0.00100672,0.00144724,6
7180.71666667,0.00000000,0.00004926,1
7180.82500000,0.00000000,0.00002115,1
7181.15000000,0.00000000,0.00002299,1
7185.00000000,0.00000000,0.00004653,1
7187.26666667,0.00004940,0.00004445,5
7187.31666667,0.00003152,0.00002573,5
7188.00833333,0.00312795,0.00259173,5
7188.30000000,0.00002654,0.00000000,0
7188.84166667,0.00000000,0.00001279,1
7190.00000000,0.00009604,0.00013990,6
7191.49166667,0.00000000,0.00001213,1
7191.65833333,0.00000000,0.00002317,1
7194.11666667,0.00004268,0.00004978,6
7194.33333333,0.00002328,0.00000000,0
7194.45833333,0.00002111,0.00000000,0
7195.00000000,0.00002844,0.00001794,3
7195.90000000,0.00014476,0.00000000,0
7196.08333333,0.00001996,0.00000000,0
7198.78333333,0.00055222,0.00045239,5
7199.82500000,0.00000000,0.00002355,1
7200.00000000,0.00101141,0.00233394,8
7201.34166667,0.00039603,0.00090348,8
7202.15833333,0.00002889,0.00002475,5
7202.45833333,0.00004454,0.00000000,0
7203.49166667,0.00000000,0.00001901,1
7205.00833333,0.00003435,0.00007795,8
7207.70833333,0.00004415,0.00000000,0
7208.29166667,0.00041830,0.00002818,0
7210.00000000,0.00011485,0.00026118,8
7210.28333333,0.00035044,0.00025981,3
7210.66666667,0.00004972,0.00000000,0
7211.18333333,0.00004355,0.00000000,0
7211.85000000,0.00004158,0.00003854,5
7212.20000000,0.00002797,0.00000000,0
7213.85833333,0.00004414,0.00000000,0
7214.99166667,0.00000000,0.00002549,1
7216.78333333,0.00000000,0.00001481,1
7218.42500000,0.00000000,0.00004191,1
7219.15000000,0.00000000,0.00001388,1
7220.00000000,0.00097200,0.00164268,7
7221.02500000,0.00002472,0.00001929,5
7221.03333333,0.00002375,0.00001961,5
7223.15833333,0.00000000,0.00001831,1
7225.00000000,0.00029160,0.00004489,0
7226.55833333,0.00018261,0.00029152,7
7228.45000000,0.00000000,0.00007618,1
7230.00000000,0.00006491,0.00015626,8
7231.00833333,0.00013284,0.00013024,5
7231.33333333,0.00012929,0.00012735,5
7233.10833333,0.00003930,0.00003818,5
7233.14166667,0.00005126,0.00004744,5
7235.00000000,0.00000000,0.00002111,1
7239.10833333,0.00003408,0.00000000,0
7240.00000000,0.00091110,0.00170110,7
7243.63333333,0.00003096,0.00000000,0
7245.00833333,0.00005123,0.00004928,5
7248.41666667,0.00000000,0.00001631,1
7248.52500000,0.00012470,0.00000000,0
7248.55000000,0.00014022,0.00000000,0
7248.61666667,0.00009831,0.00000000,0
7250.00000000,0.00123755,0.00105144,5
7252.33333333,0.00002344,0.00006019,8
7255.00000000,0.00002429,0.00002190,5
7256.74166667,0.00003303,0.00000000,0
7260.00000000,0.00094453,0.00177945,7
7265.00833333,0.00002822,0.00004343,7
7265.62500000,0.00004902,0.00009803,7
7265.75000000,0.00002238,0.00001507,3
7269.00833333,0.00804184,0.00665609,5
7270.00000000,0.00019613,0.00015978,5
7270.19166667,0.00007586,0.00000000,0
7273.89166667,0.00000000,0.00001891,1
7275.00000000,0.00024114,0.00023700,5
7275.39166667,0.00002243,0.00002197,5
7276.98333333,0.00071601,0.00004794,0
7278.17500000,0.00007385,0.00000000,0
7280.00000000,0.00107047,0.00211420,7
7282.11666667,0.00002169,0.00000000,0
7284.91666667,0.00003508,0.00000000,0
7285.00000000,0.00002385,0.00004810,7
7285.38333333,0.00002566,0.00000000,0
7290.00000000,0.00010529,0.00034472,8
7293.16666667,0.00000000,0.00001387,1
7293.98333333,0.00006896,0.00000000,0
7294.95833333,0.00002104,0.00002006,5
7295.00000000,0.00000000,0.00003214,1
7295.94166667,0.00000000,0.00002704,1
7297.52500000,0.00039117,0.00001790,0
7297.53333333,0.00038883,0.00001985,0
7297.84166667,0.00093995,0.00002105,0
7299.79166667,0.00002401,0.00002472,5
7300.00000000,0.00134868,0.00117377,5
7305.00000000,0.00002607,0.00004068,7
7305.93333333,0.00002623,0.00006323,8
7306.04166667,0.00000000,0.00001240,1
7310.00000000,0.00012789,0.00017137,6
7310.42500000,0.00000000,0.00001262,1
7311.85833333,0.00003405,0.00002618,5
7311.88333333,0.00003212,0.00003008,5
7314.99166667,0.00000000,0.00002649,1
7317.10000000,0.00000000,0.00014690,1
7317.59166667,0.00000000,0.00003247,1
7317.68333333,0.00000000,0.00002193,1
7317.96666667,0.00003448,0.00000000,0
7319.10000000,0.00002034,0.00001905,5
7319.13333333,0.00002125,0.00001556,3
7319.70833333,0.00003101,0.00002162,3
7319.72500000,0.00002990,0.00001946,3
7320.00000000,0.00066742,0.00167398,8
7320.35000000,0.00003094,0.00002109,3
7320.76666667,0.00002326,0.00001569,3
7321.13333333,0.00004543,0.00000000,0
7321.98333333,0.00006485,0.00010063,7
7324.19166667,0.00000000,0.00003125,1
7325.00000000,0.00006969,0.00013411,7
7326.80833333,0.00000000,0.00001589,1
7328.92500000,0.00012912,0.00008606,3
7330.00000000,0.00003956,0.00032092,1
7333.62500000,0.00005016,0.00004942,5
7333.91666667,0.00006342,0.00001535,4
7333.92500000,0.00006470,0.00001516,4
7337.37500000,0.00007341,0.00000000,0
7340.00000000,0.00077616,0.00185711,8
7340.94166667,0.00000000,0.00001467,1
7342.40833333,0.00023812,0.00027292,6
7343.75833333,0.00000000,0.00002544,1
7348.46666667,0.00002090,0.00002581,6
7348.64166667,0.00002028,0.00001555,5
7348.75000000,0.00002210,0.00000000,0
7349.55833333,0.00005467,0.00005368,5
7350.00000000,0.00028068,0.00087138,8
7351.70833333,0.00003672,0.00000000,0
7352.43333333,0.00004407,0.00000000,0
7353.26666667,0.00000000,0.00001590,1
7353.28333333,0.00000000,0.00001508,1
7354.85833333,0.00088275,0.00000000,0
7355.00833333,0.00007929,0.00002145,4
7355.36666667,0.00003353,0.00008660,8
7355.86666667,0.00007041,0.00000000,0
7355.87500000,0.00007069,0.00000000,0
7356.05833333,0.00000000,0.00001950,1
7360.00000000,0.00065152,0.00178081,8
7361.75833333,0.00065639,0.00067710,5
7364.51666667,0.00000000,0.00003325,1
7365.02500000,0.00000000,0.00001946,1
7370.00000000,0.00000000,0.00024446,1
7372.19166667,0.00017859,0.00014718,5
7372.85000000,0.00003102,0.00000000,0
7373.04166667,0.00002206,0.00000000,0
7373.27500000,0.00479760,0.00475303,5
7373.88333333,0.00004322,0.00000000,0
7375.00000000,0.00156751,0.00016985,0
7375.65000000,0.00000000,0.00001227,1
7376.34166667,0.00016624,0.00003060,4
7377.90833333,0.00004932,0.00001272,4
7379.00833333,0.00000000,0.00001663,1
7380.00000000,0.00059698,0.00162871,8
7380.12500000,0.00004200,0.00004791,6
7380.88333333,0.00007705,0.00001460,4
7381.35833333,0.00000000,0.00001390,1
7382.82500000,0.00000000,0.00001634,1
7385.00000000,0.00000000,0.00004228,1
7390.00000000,0.00007948,0.00026697,8
7391.77500000,0.00004735,0.00000000,0
7393.65000000,0.00005511,0.00000000,0
7394.45000000,0.00000000,0.00002412,1
7394.86666667,0.00000000,0.00001184,1
7396.90833333,0.00003977,0.00000000,0
7397.45833333,0.00002274,0.00002490,6
7400.00000000,0.00105777,0.00115501,6
7400.29166667,0.00002622,0.00000000,0
7401.34166667,0.00002317,0.00000000,0
7402.82500000,0.00002691,0.00005379,7
7402.87500000,0.00002248,0.00004780,7
7402.94166667,0.00000000,0.00004230,1
7405.00833333,0.00000000,0.00003335,1
7405.52500000,0.00003970,0.00003011,3
7406.90833333,0.00000000,0.00001279,1
7408.74166667,0.00003897,0.00001979,2
7410.00000000,0.00005866,0.00026544,9
7412.79166667,0.00025244,0.00011807,2
7414.96666667,0.00005831,0.00001956,2
7414.99166667,0.00005377,0.00002327,2
7415.92500000,0.00000000,0.00006783,1
7418.75000000,0.00061931,0.00176434,8
7420.00000000,0.00044569,0.00133796,8
7421.87500000,0.00012012,0.00031456,8
7422.14166667,0.00023140,0.00023853,5
7422.18333333,0.00019919,0.00019874,5
7425.00000000,0.00008047,0.00009025,6
7425.33333333,0.00006882,0.00005970,5
7427.46666667,0.00000000,0.00001964,1
7428.57500000,0.00000000,0.00003415,1
7429.90833333,0.00003892,0.00002544,3
7430.00000000,0.00000000,0.00018666,1
7430.46666667,0.00016219,0.00002630,4
7430.47500000,0.00016181,0.00002634,4
7431.19166667,0.00007439,0.00001400,4
7432.55833333,0.00143345,0.00126770,5
7432.85833333,0.00013892,0.00000000,0
7433.69166667,0.00000000,0.00001364,1
7433.97500000,0.00005588,0.00000000,0
7434.30833333,0.00000000,0.00002227,1
7434.75000000,0.00004599,0.00014380,8
7439.05833333,0.00000000,0.00001533,1
7439.66666667,0.00002462,0.00000000,0
7439.78333333,0.00004501,0.00003526,5
7440.00000000,0.00030550,0.00106684,8
7442.28333333,0.00002907,0.00003231,6
7445.00000000,0.00000000,0.00004391,1
7446.30833333,0.00000000,0.00001711,1
7450.00000000,0.00017426,0.00071992,9
7450.69166667,0.00000000,0.00003787,1
7450.98333333,0.00008977,0.00007862,5
7451.55000000,0.00098330,0.00119783,6
7451.76666667,0.00007102,0.00000000,0
7451.77500000,0.00007267,0.00000000,0
7453.53333333,0.00005310,0.00000000,0
7453.67500000,0.00003091,0.00000000,0
7454.85000000,0.00008354,0.00005224,3
7455.00000000,0.00000000,0.00002695,1
7455.73333333,0.00000000,0.00003597,1
7457.09166667,0.00003097,0.00004233,6
7458.36666667,0.00005252,0.00003331,3
7458.37500000,0.00005368,0.00003320,3
7460.00000000,0.00021286,0.00095732,9
7460.50833333,0.00007606,0.00000000,0
7460.93333333,0.00000000,0.00001246,1
7461.20000000,0.00000000,0.00002300,1
7461.84166667,0.00005378,0.00004866,5
7462.75000000,0.00002866,0.00001160,2
7462.80833333,0.00004447,0.00000000,0
7463.63333333,0.00004971,0.00002440,2
7465.58333333,0.00002625,0.00002548,5
7466.96666667,0.00000000,0.00005045,1
7468.07500000,0.00000000,0.00001249,1
7469.35833333,0.00000000,0.00001940,1
7469.94166667,0.00009171,0.00011026,6
7470.00000000,0.00005010,0.00011300,8
7470.46666667,0.00002180,0.00006626,8
7470.69166667,0.00002109,0.00001212,3
7470.85833333,0.00000000,0.00001525,1
7472.88333333,0.00006353,0.00005364,5
7473.75833333,0.00000000,0.00003195,1
7473.81666667,0.00000000,0.00002819,1
7475.00000000,0.00002753,0.00052126,1
7475.30000000,0.00000000,0.00001663,1
7477.01666667,0.00012468,0.00011159,5
7480.00000000,0.00022015,0.00076252,8
7482.56666667,0.00003357,0.00009716,8
7483.58333333,0.00000000,0.00005219,1
7484.92500000,0.00000000,0.00002200,1
7485.51666667,0.00000000,0.00001783,1
7485.56666667,0.00000000,0.00002320,1
7485.74166667,0.00003521,0.00011542,8
7487.05833333,0.00000000,0.00005923,1
7487.08333333,0.00000000,0.00005310,1
7489.21666667,0.00006078,0.00003106,2
7489.29166667,0.00003468,0.00001968,3
7489.60833333,0.09961848,0.06650864,3
7489.80833333,0.00007764,0.00004539,3
7489.90833333,0.00002328,0.00003159,6
7490.00000000,0.00002428,0.00012687,9
7490.08333333,0.00000000,0.00003646,1
7490.94166667,0.00003821,0.00004038,6
7491.24166667,0.00000000,0.00001962,1
7491.88333333,0.00002426,0.00000000,0
7492.27500000,0.00005344,0.00000000,0
7493.19166667,0.00367033,0.00325411,5
7493.91666667,0.00006028,0.00005963,5
7494.26666667,0.00007357,0.00007666,5
7495.10000000,0.00002024,0.00001411,3
7495.43333333,0.00006041,0.00000000,0
7495.60000000,0.00004730,0.00003297,3
7498.09166667,0.00002283,0.00000000,0
7498.40000000,0.00011388,0.00000000,0
7498.58333333,0.00000000,0.00001581,1
7499.20833333,0.00000000,0.00001375,1
7499.30833333,0.00000000,0.00004246,1
7499.69166667,0.00002989,0.00003778,6
7499.72500000,0.00002406,0.00005101,7
7499.85833333,0.00000000,0.00002726,1
7500.00000000,0.00149605,0.00344519,8
7500.36666667,0.00019408,0.00010852,3
7500.37500000,0.00019217,0.00010912,3
7500.51666667,0.00010067,0.00007195,3
7500.75000000,0.00091102,0.00069075,3
7501.41666667,0.00008587,0.00000000,0
7503.14166667,0.00002327,0.00000000,0
7504.05000000,0.00000000,0.00003897,1
7505.00000000,0.00000000,0.00002862,1
7506.25000000,0.00002131,0.00000000,0
7507.01666667,0.00236929,0.00017870,0
7508.82500000,0.00014304,0.00008912,3
7509.15833333,0.00002416,0.00005365,8
7510.00000000,0.00000000,0.00019971,1
7510.30000000,0.00002062,0.00000000,0
7511.89166667,0.00000000,0.00001611,1
7512.36666667,0.00000000,0.00001703,1
7514.67500000,0.01013197,0.00876622,5
7515.76666667,0.00002897,0.00000000,0
7517.58333333,0.00005211,0.00005091,5
7519.52500000,0.00002291,0.00001723,3
7519.65000000,0.00008469,0.00002341,4
7520.00000000,0.00011472,0.00083271,1
7525.00000000,0.00016180,0.00016955,5
7526.38333333,0.00000000,0.00001622,1
7530.00000000,0.00000000,0.00021400,1
7532.31666667,0.00012124,0.00000000,0
7532.59166667,0.00044456,0.00001480,0
7533.00000000,0.00220311,0.00177604,5
7533.73333333,0.00004003,0.00003245,5
7535.32500000,0.00021340,0.00015146,3
7535.33333333,0.00021193,0.00015159,3
7535.49166667,0.00009166,0.00006739,3
7537.05000000,0.00956615,0.00846195,5
7537.94166667,0.00002254,0.00001837,5
7538.55000000,0.00000000,0.00002029,1
7539.05000000,0.00003825,0.00007287,7
7539.58333333,0.00000000,0.00002861,1
7540.00000000,0.00009801,0.00094994,1
7542.93333333,0.00000000,0.00001441,1
7543.57500000,0.00000000,0.00001477,1
7544.70000000,0.00007989,0.00004357,3
7544.74166667,0.00003935,0.00006654,7
7544.81666667,0.00005895,0.00002382,2
7545.02500000,0.00000000,0.00002503,1
7546.62500000,0.00002585,0.00000000,0
7548.82500000,0.00000000,0.00001240,1
7550.00000000,0.00005968,0.00082620,1
7550.97500000,0.00043249,0.00053669,6
7556.41666667,0.00000000,0.00002596,1
7559.01666667,0.00006840,0.00010626,7
7559.04166667,0.00005912,0.00010108,7
7560.00000000,0.00018732,0.00125745,1
7560.35833333,0.00011209,0.00009222,5
7562.21666667,0.00004759,0.00000000,0
7564.07500000,0.00000000,0.00001791,1
7565.00833333,0.00000000,0.00003985,1
7566.11666667,0.00000000,0.00001194,1
7566.35833333,0.00042735,0.00006281,0
7566.37500000,0.00041505,0.00006486,0
7566.82500000,0.00000000,0.00003104,1
7566.89166667,0.00000000,0.00001509,1
7567.54166667,0.00000000,0.00002042,1
7567.86666667,0.00006447,0.00005897,5
7568.35833333,0.00002085,0.00000000,0
7568.65000000,0.00000000,0.00002735,1
7570.00000000,0.00000000,0.00026952,1
7570.61666667,0.00000000,0.00001567,1
7570.75833333,0.00000000,0.00002654,1
7570.97500000,0.00000000,0.00001200,1
7571.27500000,0.00000000,0.00001211,1
7571.35833333,0.00000000,0.00001207,1
7571.44166667,0.00000000,0.00001943,1
7571.52500000,0.00000000,0.00001445,1
7571.64166667,0.00000000,0.00001639,1
7571.72500000,0.00000000,0.00001530,1
7571.79166667,0.00000000,0.00001712,1
7571.83333333,0.00000000,0.00002159,1
7571.92500000,0.00000000,0.00002953,1
7572.01666667,0.00002289,0.00003862,7
7572.04166667,0.00000000,0.00004465,1
7572.29166667,0.12728025,0.19752848,7
7572.49166667,0.00007777,0.00014778,7
7572.55000000,0.00004712,0.00005613,6
7572.60833333,0.00000000,0.00004430,1
7572.65000000,0.00002275,0.00002757,6
7572.69166667,0.00000000,0.00002781,1
7572.77500000,0.00000000,0.00002042,1
7572.83333333,0.00000000,0.00001401,1
7572.88333333,0.00000000,0.00001716,1
7573.08333333,0.00507774,0.00516550,5
7573.27500000,0.00002290,0.00004779,7
7573.35000000,0.00005511,0.00000000,0
7573.38333333,0.00004547,0.00001794,2
7573.46666667,0.00000000,0.00001254,1
7573.67500000,0.00000000,0.00001350,1
7574.32500000,0.00003137,0.00003739,6
7574.51666667,0.00007703,0.00005559,3
7574.53333333,0.00007267,0.00005902,5
7574.66666667,0.00013395,0.00017466,6
7574.72500000,0.00015024,0.00031629,7
7574.89166667,0.00682582,0.00718963,6
7575.05833333,0.00005741,0.00007199,6
7575.25833333,0.00003425,0.00000000,0
7575.35000000,0.00003082,0.00002604,5
7575.52500000,0.00002566,0.00002727,6
7575.53333333,0.00002540,0.00002729,6
7575.57500000,0.00000000,0.00001483,1
7575.97500000,0.00115147,0.00117611,5
7578.12500000,0.00000000,0.00002175,1
7579.26666667,0.00014248,0.00009280,3
7579.51666667,0.00004332,0.00003442,5
7579.53333333,0.00004185,0.00003510,5
7580.00000000,0.00012889,0.00130017,1
7580.34166667,0.00000000,0.00001315,1
7580.47500000,0.00021902,0.00023389,6
7580.81666667,0.00000000,0.00001853,1
7581.25833333,0.00004641,0.00003865,5
7581.98333333,0.00000000,0.00004115,1
7583.59166667,0.00003093,0.00000000,0
7584.61666667,0.00002092,0.00000000,0
7584.63333333,0.00002212,0.00000000,0
7585.00000000,0.00000000,0.00003726,1
7586.44166667,0.00000000,0.00001197,1
7586.56666667,0.00000000,0.00001410,1
7587.74166667,0.00002642,0.00000000,0
7590.00000000,0.00000000,0.00019379,1
7590.47500000,0.00006834,0.00005482,5
7591.38333333,0.00000000,0.00001618,1
7591.60000000,0.00002924,0.00001817,3
7591.68333333,0.00002822,0.00002376,5
7592.26666667,0.00007027,0.00002752,2
7592.27500000,0.00007291,0.00002768,2
7592.88333333,0.00003040,0.00000000,0
7593.14166667,0.00000000,0.00001387,1
7593.45000000,0.00002705,0.00000000,0
7594.70833333,0.00017383,0.00012508,3
7594.99166667,0.00002490,0.00001975,5
7595.04166667,0.00001972,0.00003077,7
7595.63333333,0.00000000,0.00002526,1
7596.30833333,0.00004239,0.00000000,0
7596.49166667,0.00000000,0.00001482,1
7597.04166667,0.00000000,0.00001170,1
7597.26666667,0.00000000,0.00001385,1
7598.18333333,0.00000000,0.00001899,1
7598.61666667,0.00001995,0.00000000,0
7598.81666667,0.00000000,0.00001896,1
7598.96666667,0.00002678,0.00000000,0
7599.52500000,0.00000000,0.00001314,1
7599.61666667,0.00002182,0.00001527,3
7599.63333333,0.00002019,0.00001618,5
7600.00000000,0.00014605,0.00067607,9
7601.70000000,0.00000000,0.00001175,1
7602.00833333,0.00003025,0.00001624,3
7603.08333333,0.00002429,0.00000000,0
7604.21666667,0.00003174,0.00000000,0
7604.99166667,0.00000000,0.00001246,1
7607.16666667,0.00002236,0.00004296,7
7607.21666667,0.00002886,0.00003209,6
7607.24166667,0.00002759,0.00002215,5
7607.36666667,0.00002307,0.00001168,2
7607.37500000,0.00002208,0.00000000,0
7610.00000000,0.00000000,0.00019686,1
7610.21666667,0.00002758,0.00007543,8
7610.22500000,0.00002683,0.00007546,8
7610.40000000,0.00002743,0.00001894,3
7610.44166667,0.00003161,0.00001859,3
7613.42500000,0.00005150,0.00003539,3
7615.61666667,0.00000000,0.00005188,1
7616.00833333,0.00012219,0.00009002,3
7616.90833333,0.00222027,0.00226389,5
7617.19166667,0.00000000,0.00015870,1
7618.95000000,0.00002900,0.00000000,0
7619.20833333,0.00003848,0.00003660,5
7619.37500000,0.01493203,0.01484148,5
7620.00000000,0.00006033,0.00160729,1
7621.05833333,0.00002821,0.00000000,0
7621.55000000,0.00002465,0.00001492,3
7621.58333333,0.00002047,0.00002272,6
7621.80000000,0.00007553,0.00003393,2
7622.10000000,0.00002350,0.00000000,0
7625.00000000,0.00113025,0.00026866,4
7629.22500000,0.00020246,0.00012116,3
7629.99166667,0.00000000,0.00017738,1
7630.26666667,0.00010190,0.00007346,3
7630.27500000,0.00010118,0.00007282,3
7630.42500000,0.00035301,0.00028046,5
7631.67500000,0.00000000,0.00004699,1
7634.99166667,0.00000000,0.00001739,1
7636.09166667,0.00003973,0.00012495,8
7636.71666667,0.00009153,0.00007897,5
7638.43333333,0.00000000,0.00004912,1
7640.00000000,0.00014084,0.00143971,1
7641.65833333,0.00002247,0.00001619,3
7641.72500000,0.00000000,0.00002057,1
7643.46666667,0.00000000,0.00002293,1
7643.47500000,0.00000000,0.00002297,1
7644.99166667,0.00000000,0.00001403,1
7648.07500000,0.00000000,0.00001551,1
7648.52500000,0.00003713,0.00002342,3
7648.55000000,0.00003908,0.00001887,2
7650.00000000,0.00013671,0.00127668,1
7650.40833333,0.00005752,0.00000000,0
7653.18333333,0.00000000,0.00001279,1
7653.30833333,0.00000000,0.00002116,1
7654.95000000,0.00000000,0.00004509,1
7654.97500000,0.00000000,0.00005121,1
7655.76666667,0.00010725,0.00035645,8
7656.25000000,0.00000000,0.00001483,1
7657.01666667,0.00002211,0.00000000,0
7657.21666667,0.00000000,0.00001409,1
7657.24166667,0.00000000,0.00001220,1
7657.50833333,0.04246311,0.06684932,7
7657.71666667,0.00002614,0.00004772,7
7657.80833333,0.00000000,0.00001320,1
7658.20833333,0.00000000,0.00001182,1
7658.75833333,0.00002322,0.00000000,0
7658.78333333,0.00002102,0.00000000,0
7660.00000000,0.00012899,0.00124406,1
7661.25000000,0.00003310,0.00000000,0
7661.27500000,0.00002809,0.00000000,0
7664.50833333,0.00002990,0.00011379,9
7664.98333333,0.00012925,0.00012752,5
7666.00833333,0.00000000,0.00001468,1
7666.91666667,0.00007515,0.00004838,3
7667.40833333,0.00004990,0.00000000,0
7668.24166667,0.00002211,0.00000000,0
7668.80000000,0.00002544,0.00001967,5
7669.64166667,0.00014815,0.00004804,4
7670.00000000,0.00000000,0.00004493,1
7670.82500000,0.00019831,0.00006356,4
7670.83333333,0.00019928,0.00006344,4
7672.24166667,0.00000000,0.00001244,1
7675.00000000,0.00002918,0.00013562,9
7676.00833333,0.00000000,0.00001702,1
7676.40833333,0.00000000,0.00002102,1
7676.76666667,0.00004470,0.00006296,6
7676.80000000,0.00003896,0.00004865,6
7677.89166667,0.00002240,0.00000000,0
7680.00000000,0.00017011,0.00126500,1
7680.93333333,0.00004179,0.00001658,2
7682.38333333,0.00002556,0.00000000,0
7684.08333333,0.00000000,0.00001218,1
7685.55000000,0.00002807,0.00002883,5
7685.85000000,0.00000000,0.00001198,1
7686.19166667,0.00000000,0.00001172,1
7687.47500000,0.00002046,0.00001506,3
7688.17500000,0.00002316,0.00000000,0
7688.30000000,0.00000000,0.00002090,1
7689.45833333,0.00000000,0.00001742,1
7690.00000000,0.00000000,0.00013692,1
7690.63333333,0.00005774,0.00000000,0
7690.74166667,0.00004070,0.00000000,0
7692.19166667,0.00000000,0.00005608,1
7692.48333333,0.00002396,0.00003765,7
7695.00833333,0.00000000,0.00001255,1
7695.58333333,0.00004687,0.00004912,5
7696.61666667,0.00003013,0.00002162,3
7696.62500000,0.00003073,0.00002132,3
7699.72500000,0.00004750,0.00000000,0
7700.00000000,0.00041775,0.00120254,8
7700.50833333,0.00005491,0.00015144,8
7703.10833333,0.00005040,0.00013373,8
7703.59166667,0.00000000,0.00001320,1
7705.00000000,0.00000000,0.00002127,1
7709.24166667,0.00010490,0.00035149,8
7709.99166667,0.00000000,0.00014551,1
7710.87500000,0.00000000,0.00001382,1
7712.50000000,0.00000000,0.00001905,1
7714.07500000,0.00000000,0.00001226,1
7714.83333333,0.00000000,0.00001298,1
7715.00833333,0.00000000,0.00001713,1
7718.76666667,0.00000000,0.00001366,1
7719.35833333,0.00000000,0.00001240,1
7720.00000000,0.00019197,0.00113325,9
7725.00000000,0.00011939,0.00006710,3
7726.70000000,0.00022106,0.00079194,8
7730.00000000,0.00000000,0.00014006,1
7733.11666667,0.00023643,0.00000000,0
7735.33333333,0.00000000,0.00001184,1
7738.39166667,0.00000000,0.00002698,1
7738.46666667,0.00000000,0.00002655,1
7738.49166667,0.00000000,0.00002980,1
7739.49166667,0.00000000,0.00002166,1
7739.65833333,0.00000000,0.00001576,1
7740.00000000,0.00026526,0.00110982,9
7740.19166667,0.00000000,0.00002255,1
7741.53333333,0.00000000,0.00003412,1
7742.53333333,0.00002234,0.00004936,8
7742.74166667,0.00000000,0.00001501,1
7742.95000000,0.00003582,0.00000000,0
7745.00833333,0.00000000,0.00002508,1
7746.84166667,0.00000000,0.00001684,1
7749.55000000,0.00000000,0.00005690,1
7750.00000000,0.00073264,0.00237872,8
7750.76666667,0.00003327,0.00000000,0
7753.15000000,0.00003373,0.00000000,0
7753.91666667,0.00004775,0.00000000,0
7753.92500000,0.00004882,0.00000000,0
7755.65833333,0.00057028,0.00084911,7
7757.47500000,0.00008143,0.00021511,8
7760.00000000,0.00024088,0.00093677,9
7760.94166667,0.00000000,0.00004356,1
7763.95000000,0.00007146,0.00000000,0
7764.71666667,0.00006517,0.00006052,5
7764.94166667,0.00005525,0.00002173,2
7764.99166667,0.00002977,0.00004406,7
7765.47500000,0.00003161,0.00000000,0
7766.35000000,0.00007514,0.00006443,5
7767.41666667,0.00004782,0.00000000,0
7768.38333333,0.00003373,0.00000000,0
7768.78333333,0.00003683,0.00003598,5
7770.00833333,0.00002740,0.00010376,9
7770.60833333,0.00021786,0.00000000,0
7773.67500000,0.00002608,0.00000000,0
7775.00000000,0.00008819,0.00015742,7
7779.28333333,0.00000000,0.00001173,1
7780.00000000,0.00019260,0.00087741,9
7780.33333333,0.00002406,0.00000000,0
7781.89166667,0.00002868,0.00012160,9
7782.78333333,0.00000000,0.00001487,1
7783.15000000,0.00003950,0.00012137,8
7784.25833333,0.00000000,0.00001201,1
7785.00000000,0.00000000,0.00003521,1
7786.96666667,0.00034412,0.00003128,0
7786.97500000,0.00034246,0.00003180,0
7790.00000000,0.00004042,0.00011017,8
7790.29166667,0.00012863,0.00017764,6
7790.35833333,0.00010368,0.00005737,3
7791.11666667,0.00000000,0.00001158,1
7792.90833333,0.00000000,0.00001286,1
7793.53333333,0.00002293,0.00000000,0
7794.34166667,0.00003336,0.00001499,2
7794.37500000,0.00002720,0.00001948,3
7794.50833333,0.00003144,0.00000000,0
7798.55000000,0.00019886,0.00014874,3
7800.00000000,0.00006008,0.00104366,1
7800.55000000,0.00023913,0.00000000,0
7800.70833333,0.00052648,0.00000000,0
7800.72500000,0.00054432,0.00000000,0
7803.35833333,0.00002007,0.00002207,6
7803.37500000,0.00000000,0.00002296,1
7804.99166667,0.00000000,0.00004085,1
7805.12500000,0.00000000,0.00004380,1
7807.19166667,0.00000000,0.00001316,1
7809.66666667,0.00000000,0.00001823,1
7809.73333333,0.00002254,0.00001462,3
7810.00000000,0.00004747,0.00011300,8
7812.50000000,0.00053642,0.00009675,4
7815.00000000,0.00000000,0.00001575,1
7817.62500000,0.00004851,0.00006405,6
7817.80833333,0.00082868,0.00122636,7
7819.42500000,0.00007685,0.00000000,0
7820.00000000,0.00018582,0.00058974,8
7821.91666667,0.00015323,0.00031739,7
7822.22500000,0.00002287,0.00001701,3
7822.71666667,0.00000000,0.00002785,1
7824.72500000,0.00002249,0.00000000,0
7825.00000000,0.00009208,0.00004329,2
7827.32500000,0.00003637,0.00000000,0
7829.15000000,0.00029632,0.00001294,0
7829.17500000,0.00026571,0.00001393,0
7830.00000000,0.00003166,0.00005866,7
7832.68333333,0.00000000,0.00001276,1
7834.25000000,0.00061670,0.00050652,5
7834.63333333,0.00006597,0.00008760,6
7834.73333333,0.00007029,0.00007644,6
7836.05000000,0.00002507,0.00000000,0
7840.00000000,0.00016371,0.00052948,8
7841.78333333,0.00000000,0.00001958,1
7844.32500000,0.00000000,0.00001157,1
7845.00000000,0.00000000,0.00005597,1
7845.41666667,0.00013574,0.00035603,8
7847.09166667,0.00000000,0.00001913,1
7848.66666667,0.00003119,0.00000000,0
7848.79166667,0.00004004,0.00004060,5
7850.00000000,0.00029744,0.00092108,8
7856.01666667,0.00000000,0.00001891,1
7856.13333333,0.00000000,0.00001259,1
7858.39166667,0.00000000,0.00001810,1
7860.00000000,0.00016677,0.00055021,8
7860.85833333,0.00002470,0.00000000,0
7861.18333333,0.00003036,0.00000000,0
7865.00000000,0.00000000,0.00004920,1
7866.34166667,0.00004785,0.00000000,0
7866.59166667,0.00000000,0.00002212,1
7866.89166667,0.00003781,0.00000000,0
7868.10833333,0.00000000,0.00001312,1
7868.44166667,0.00002540,0.00002081,5
7868.96666667,0.00000000,0.00001827,1
7870.00000000,0.00000000,0.00010905,1
7871.77500000,0.00002096,0.00000000,0
7872.65000000,0.00002728,0.00000000,0
7874.32500000,0.00006393,0.00003002,2
7874.36666667,0.00004245,0.00003937,5
7874.62500000,0.00000000,0.00004607,1
7874.73333333,0.00000000,0.00004228,1
7874.79166667,0.00000000,0.00003783,1
7874.99166667,0.00062894,0.00031060,2
7875.25833333,0.00000000,0.00002799,1
7875.36666667,0.00000000,0.00002515,1
7875.70000000,0.00000000,0.00002091,1
7875.96666667,0.00012774,0.00000000,0
7876.36666667,0.00000000,0.00001625,1
7877.67500000,0.00002535,0.00000000,0
7880.00000000,0.00026490,0.00060550,8
7882.48333333,0.00002245,0.00000000,0
7882.59166667,0.00004861,0.00000000,0
7883.00833333,0.00003762,0.00000000,0
7885.00000000,0.00000000,0.00002026,1
7886.29166667,0.00000000,0.00002126,1
7886.56666667,0.00000000,0.00002710,1
7890.00000000,0.00005073,0.00008650,7
7890.62500000,0.00000000,0.00006424,1
7891.42500000,0.00006985,0.00000000,0
7895.00000000,0.00000000,0.00001503,1
7896.63333333,0.00012504,0.00035290,8
7899.63333333,0.00009066,0.00000000,0
7900.00000000,0.00038390,0.00017854,2
7901.50833333,0.00003958,0.00010298,8
7903.65000000,0.00000000,0.00001320,1
7905.00000000,0.00002873,0.00004907,7
7910.00000000,0.00003387,0.00015437,9
7912.41666667,0.00000000,0.00001300,1
7912.51666667,0.00000000,0.00001434,1
7914.12500000,0.00055561,0.00047039,5
7915.11666667,0.00003907,0.00019228,9
7918.53333333,0.00000000,0.00001456,1
7920.00000000,0.00025075,0.00052168,7
7920.82500000,0.00000000,0.00001170,1
7925.00000000,0.00007639,0.00006544,5
7928.68333333,0.00000000,0.00004408,1
7929.67500000,0.00001975,0.00002047,5
7930.00000000,0.00003869,0.00013769,8
7932.51666667,0.00002725,0.00001283,2
7932.54166667,0.00002492,0.00001442,3
7934.25833333,0.00003051,0.00000000,0
7934.37500000,0.00004258,0.00000000,0
7935.00000000,0.00000000,0.00001405,1
7935.36666667,0.00006679,0.00024472,9
7935.49166667,0.00011854,0.00109089,1
7936.26666667,0.00000000,0.00002161,1
7938.54166667,0.00000000,0.00002115,1
7939.44166667,0.00000000,0.00004515,1
7940.00000000,0.00029713,0.00050450,7
7941.16666667,0.00000000,0.00001450,1
7941.60000000,0.00005912,0.00000000,0
7945.00000000,0.00004282,0.00009081,7
7947.20833333,0.00006632,0.00006724,5
7948.14166667,0.00002875,0.00004957,7
7949.51666667,0.00000000,0.00002309,1
7950.00000000,0.00031852,0.00022452,3
7951.91666667,0.00009616,0.00000000,0
7951.92500000,0.00009670,0.00000000,0
7952.50000000,0.00000000,0.00003644,1
7953.18333333,0.00016225,0.00000000,0
7953.55000000,0.00002095,0.00000000,0
7954.16666667,0.00024882,0.00005604,4
7954.17500000,0.00024884,0.00005539,4
7955.00000000,0.00000000,0.00001874,1
7955.34166667,0.00014423,0.00003749,4
7957.85000000,0.00000000,0.00003145,1
7958.00000000,0.00000000,0.00002378,1
7958.99166667,0.00000000,0.00001477,1
7959.46666667,0.00000000,0.00001577,1
7960.00000000,0.00030244,0.00052521,7
7960.91666667,0.00000000,0.00002300,1
7963.67500000,0.00000000,0.00001426,1
7965.00000000,0.00003215,0.00006615,7
7965.13333333,0.00003334,0.00002245,3
7965.36666667,0.00007644,0.00000000,0
7967.49166667,0.00202210,0.00157341,5
7968.15833333,0.00000000,0.00005201,1
7968.69166667,0.00000000,0.00001860,1
7969.09166667,0.00000000,0.00001453,1
7970.00000000,0.00000000,0.00014919,1
7971.41666667,0.00003636,0.00001861,2
7972.08333333,0.00002296,0.00000000,0
7974.40833333,0.00004497,0.00003673,5
7975.00000000,0.00008603,0.00006125,3
7975.16666667,0.00006719,0.00005901,5
7975.17500000,0.00006742,0.00005870,5
7976.45833333,0.00004854,0.00000000,0
7980.00000000,0.00028504,0.00065175,8
7983.18333333,0.00000000,0.00001513,1
7984.76666667,0.00000000,0.00002212,1
7985.00000000,0.00006652,0.00012349,7
7985.91666667,0.00000000,0.00004281,1
7988.30000000,0.00009581,0.00012026,6
7988.95000000,0.00004063,0.00000000,0
7990.00000000,0.00004430,0.00019076,9
7995.88333333,0.00000000,0.00005623,1
7998.05000000,0.00002283,0.00001721,3
8000.00000000,0.00054429,0.00049390,5
8005.00000000,0.00010109,0.00016859,7
8005.34166667,0.00003171,0.00000000,0
8005.39166667,0.00005597,0.00000000,0
8005.62500000,0.00023457,0.00004005,4
8007.80833333,0.00005157,0.00008769,7
8008.10000000,0.00003456,0.00000000,0
8010.00000000,0.00005191,0.00011363,8
8011.40833333,0.00000000,0.00003435,1
8013.47500000,0.00000000,0.00004259,1
8015.69166667,0.00003654,0.00008119,8
8016.65833333,0.00000000,0.00001761,1
8020.00000000,0.00031528,0.00060743,7
8025.00000000,0.00014593,0.00020520,6
8026.35833333,0.00004684,0.00000000,0
8026.89166667,0.00003492,0.00003125,5
8027.17500000,0.00007901,0.00000000,0
8027.33333333,0.00000000,0.00002048,1
8030.00000000,0.00005513,0.00016728,8
8031.79166667,0.00003721,0.00000000,0
8033.11666667,0.00004677,0.00002693,3
8033.12500000,0.00004417,0.00002691,3
8033.36666667,0.00000000,0.00001495,1
8034.97500000,0.00004989,0.00007440,7
8035.70000000,0.00003400,0.00000000,0
8038.29166667,0.00000000,0.00001178,1
8040.00000000,0.00044634,0.00070659,7
8040.85833333,0.00000000,0.00003898,1
8043.18333333,0.00000000,0.00001555,1
8045.00000000,0.00010290,0.00013582,6
8046.98333333,0.00000000,0.00002356,1
8050.00000000,0.00070114,0.00079604,6
8050.32500000,0.00002236,0.00000000,0
8051.52500000,0.00000000,0.00001641,1
8052.70833333,0.00042372,0.00060667,6
8053.29166667,0.00003116,0.00000000,0
8055.00833333,0.00000000,0.00002261,1
8056.64166667,0.00002458,0.00000000,0
8058.64166667,0.00020181,0.00004034,4
8060.00000000,0.00059192,0.00087230,7
8065.00000000,0.00006675,0.00008481,6
8065.95833333,0.00000000,0.00001250,1
8068.20000000,0.00017964,0.00000000,0
8068.46666667,0.00011866,0.00014578,6
8068.48333333,0.00011555,0.00014363,6
8068.99166667,0.00002677,0.00008359,8
8069.35833333,0.00000000,0.00002441,1
8070.00000000,0.00006914,0.00019397,8
8070.13333333,0.00039822,0.00127233,8
8074.54166667,0.00000000,0.00007027,1
8075.00000000,0.00006114,0.00014023,8
8080.00000000,0.00068723,0.00093157,6
8080.20000000,0.00012861,0.00000000,0
8080.29166667,0.00009461,0.00000000,0
8080.39166667,0.00006714,0.00008201,6
8081.37500000,0.00000000,0.00005296,1
8081.58333333,0.00000000,0.00002855,1
8082.62500000,0.00003213,0.00000000,0
8084.20833333,0.00003791,0.00002231,3
8085.00000000,0.00005976,0.00007177,6
8087.95000000,0.00012561,0.00002128,4
8090.00000000,0.00004673,0.00018820,9
8091.75833333,0.00002110,0.00001638,5
8092.00000000,0.00003394,0.00001249,2
8093.69166667,0.00002597,0.00004426,7
8093.81666667,0.00002115,0.00002984,6
8095.91666667,0.00071266,0.00000000,0
8095.92500000,0.00072624,0.00000000,0
8096.28333333,0.00124557,0.00003386,0
8096.77500000,0.00000000,0.00001488,1
8098.26666667,0.00000000,0.00001161,1
8099.85833333,0.00007274,0.00003620,2
8100.00000000,0.00082084,0.00066559,5
8104.99166667,0.00004497,0.00004529,5
8105.35833333,0.00003328,0.00002518,3
8105.45833333,0.00003165,0.00001192,2
8105.55833333,0.00002177,0.00000000,0
8105.66666667,0.00002056,0.00000000,0
8106.83333333,0.00020868,0.00004039,4
8110.00000000,0.00002985,0.00015943,9
8110.32500000,0.00020800,0.00002654,0
8112.16666667,0.00017229,0.00010796,3
8112.17500000,0.00017217,0.00010910,3
8113.38333333,0.00000000,0.00001644,1
8114.37500000,0.00005730,0.00001650,4
8114.65833333,0.00000000,0.00002336,1
8114.70833333,0.00002786,0.00001528,3
8114.76666667,0.00000000,0.00001571,1
8116.61666667,0.00002131,0.00001528,3
8116.64166667,0.00002018,0.00000000,0
8117.98333333,0.00004033,0.00000000,0
8119.10833333,0.00000000,0.00004164,1
8120.00000000,0.00080465,0.00096058,6
8125.00000000,0.00051032,0.00069890,6
8125.85833333,0.00000000,0.00001311,1
8129.88333333,0.00002104,0.00001279,3
8130.02500000,0.00004691,0.00020024,9
8131.78333333,0.00011010,0.00009368,5
8134.42500000,0.00035266,0.00002034,0
8134.78333333,0.00000000,0.00001526,1
8135.39166667,0.00240279,0.00099703,2
8136.95000000,0.00005820,0.00011343,7
8140.00000000,0.00087126,0.00089315,5
8141.79166667,0.00030759,0.00003282,0
8144.99166667,0.00003207,0.00003068,5
8150.00000000,0.00070110,0.00138062,7
8158.22500000,0.00000000,0.00001359,1
8160.00000000,0.00091985,0.00096138,5
8160.61666667,0.00089138,0.00257430,8
8162.17500000,0.00003563,0.00003568,5
8162.25000000,0.00000000,0.00002283,1
8163.35000000,0.00010066,0.00000000,0
8165.01666667,0.00002857,0.00002254,5
8166.60833333,0.00004998,0.00007109,6
8166.62500000,0.00005173,0.00006895,6
8167.10833333,0.00084129,0.00003600,0
8167.23333333,0.00005267,0.00000000,0
8167.63333333,0.00004844,0.00003846,5
8170.00000000,0.00005621,0.00018580,8
8170.73333333,0.00002007,0.00000000,0
8171.32500000,0.00005984,0.00000000,0
8171.46666667,0.00006889,0.00000000,0
8171.54166667,0.00003372,0.00000000,0
8171.79166667,0.00001982,0.00000000,0
8172.38333333,0.00005070,0.00014354,8
8173.81666667,0.00000000,0.00002110,1
8174.01666667,0.00033952,0.00045994,6
8174.86666667,0.00013459,0.00010526,5
8175.00833333,0.00009596,0.00007836,5
8175.50833333,0.00003087,0.00003526,6
8177.23333333,0.00007303,0.00007733,6
8178.72500000,0.00000000,0.00002487,1
8178.87500000,0.00012571,0.00011700,5
8180.00000000,0.00090271,0.00086800,5
8181.37500000,0.00000000,0.00002067,1
8183.32500000,0.00002709,0.00001521,3
8183.60000000,0.00000000,0.00001705,1
8184.99166667,0.00004223,0.00004709,6
8185.20833333,0.00002051,0.00001977,5
8185.25833333,0.00000000,0.00002419,1
8187.80000000,0.00002981,0.00003030,5
8188.41666667,0.00000000,0.00001316,1
8189.65833333,0.00001977,0.00001302,3
8189.68333333,0.00000000,0.00001504,1
8189.80833333,0.00002300,0.00001268,3
8190.00000000,0.00003869,0.00018210,9
8193.76666667,0.00007741,0.00004300,3
8193.80000000,0.00009278,0.00004686,2
8197.24166667,0.00000000,0.00001317,1
8199.65000000,0.00003941,0.00003364,5
8200.00000000,0.00084244,0.00120059,6
8200.45000000,0.00013761,0.00000000,0
8203.12500000,0.00007329,0.00007601,5
8203.91666667,0.00007986,0.00000000,0
8205.00000000,0.00005704,0.00004327,3
8206.56666667,0.00004593,0.00005047,6
8208.25833333,0.00001976,0.00000000,0
8209.85833333,0.00004020,0.00006248,7
8210.00000000,0.00005036,0.00014493,8
8211.44166667,0.00021128,0.00023708,6
8212.84166667,0.00012806,0.00000000,0
8212.90000000,0.00008094,0.00001188,0
8213.30833333,0.00000000,0.00003632,1
8214.28333333,0.00075113,0.00002407,0
8216.64166667,0.00002592,0.00000000,0
8219.48333333,0.00220092,0.00214597,5
8220.00000000,0.00067334,0.00068102,5
8224.50833333,0.00082720,0.00000000,0
8224.52500000,0.00084883,0.00000000,0
8224.70000000,0.00002447,0.00000000,0
8225.00000000,0.00018011,0.00018550,5
8227.90000000,0.00000000,0.00002632,1
8230.00000000,0.00006565,0.00015352,8
8232.77500000,0.00000000,0.00001402,1
8233.05000000,0.00002270,0.00001525,3
8238.80000000,0.00002587,0.00002012,5
8240.00000000,0.00061662,0.00060076,5
8240.35833333,0.00003054,0.00000000,0
8241.15000000,0.00000000,0.00001490,1
8241.70833333,0.00042807,0.00000000,0
8244.29166667,0.00002276,0.00000000,0
8244.55000000,0.00005302,0.00003496,3
8245.00000000,0.00000000,0.00002114,1
8245.02500000,0.00002156,0.00001804,5
8245.95833333,0.00014396,0.00010862,3
8246.54166667,0.00016963,0.00013865,5
8247.15000000,0.00000000,0.00001303,1
8248.66666667,0.00007743,0.00002308,4
8248.68333333,0.00007514,0.00002118,4
8249.74166667,0.00000000,0.00003197,1
8250.00000000,0.00038490,0.00067353,7
8250.17500000,0.00004683,0.00000000,0
8250.30000000,0.00000000,0.00003416,1
8251.35000000,0.00000000,0.00001612,1
8258.96666667,0.00000000,0.00004523,1
8260.00000000,0.00063265,0.00066787,6
8261.72500000,0.00002454,0.00001568,3
8262.54166667,0.00014739,0.00000000,0
8262.88333333,0.00000000,0.00001693,1
8265.00000000,0.00002647,0.00005029,7
8270.00000000,0.00007212,0.00011329,7
8270.69166667,0.00000000,0.00002742,1
8270.80833333,0.00000000,0.00003655,1
8270.85000000,0.00000000,0.00002187,1
8270.90833333,0.00000000,0.00001366,1
8271.48333333,0.00000000,0.00001381,1
8272.56666667,0.00001989,0.00000000,0
8273.34166667,0.00000000,0.00001155,1
8275.00000000,0.00010482,0.00011097,6
8275.88333333,0.00002130,0.00000000,0
8280.00000000,0.00069286,0.00078016,6
8285.00833333,0.00007197,0.00007933,6
8289.79166667,0.00000000,0.00001360,1
8290.00000000,0.00009946,0.00014350,6
8290.30833333,0.00000000,0.00004013,1
8291.38333333,0.00003353,0.00002232,3
8295.00833333,0.00000000,0.00001765,1
8296.53333333,0.00000000,0.00002236,1
8297.96666667,0.00003309,0.00003008,5
8297.97500000,0.00003257,0.00002999,5
8300.00000000,0.00087241,0.00197993,8
8300.62500000,0.00000000,0.00002916,1
8302.55000000,0.00028581,0.00000000,0
8305.00000000,0.00010910,0.00010599,5
8307.76666667,0.00000000,0.00003303,1
8310.00000000,0.00012190,0.00018469,7
8310.54166667,0.00002826,0.00000000,0
8310.70833333,0.00014923,0.00008538,3
8312.56666667,0.00000000,0.00001649,1
8313.09166667,0.00003083,0.00003984,6
8313.12500000,0.00002867,0.00004535,7
8315.00000000,0.00000000,0.00002052,1
8316.05833333,0.00000000,0.00001886,1
8316.08333333,0.00000000,0.00002229,1
8317.24166667,0.00002378,0.00000000,0
8320.00000000,0.00098317,0.00093876,5
8325.00000000,0.00022339,0.00014633,3
8325.95000000,0.00066952,0.00000000,0
8326.14166667,0.00000000,0.00002859,1
8327.00833333,0.00000000,0.00005447,1
8327.45833333,0.00005844,0.00003789,3
8327.58333333,0.00005676,0.00001740,4
8330.00000000,0.00016212,0.00017737,6
8330.56666667,0.00013280,0.00021387,7
8334.99166667,0.00000000,0.00001745,1
8338.32500000,0.00000000,0.00004836,1
8340.00000000,0.00114631,0.00103835,5
8342.33333333,0.00002440,0.00000000,0
8342.78333333,0.00000000,0.00001873,1
8344.13333333,0.00003199,0.00003478,6
8344.18333333,0.00002095,0.00006041,8
8344.53333333,0.00034148,0.00000000,0
8344.64166667,0.00017507,0.00000000,0
8345.00000000,0.00014153,0.00013067,5
8347.12500000,0.00000000,0.00001266,1
8350.00000000,0.00114599,0.00055692,2
8355.00000000,0.00002174,0.00000000,0
8355.99166667,0.00007503,0.00001941,4
8359.38333333,0.00005826,0.00005142,5
8360.00000000,0.00117321,0.00100732,5
8365.00000000,0.00014493,0.00012167,5
8370.00000000,0.00015208,0.00009678,3
8372.40000000,0.00003951,0.00000000,0
8373.26666667,0.00002875,0.00001541,3
8373.30000000,0.00003332,0.00001157,2
8374.07500000,0.00000000,0.00004943,1
8374.51666667,0.00002503,0.00000000,0
8375.00000000,0.00013345,0.00012793,5
8375.87500000,0.00001994,0.00003850,7
8376.41666667,0.00004639,0.00002883,3
8379.45833333,0.00002375,0.00008072,8
8379.60000000,0.00000000,0.00002373,1
8380.00000000,0.00118890,0.00095840,5
8380.45000000,0.00000000,0.00002885,1
8380.52500000,0.00000000,0.00004145,1
8380.60000000,0.00005499,0.00015506,8
8381.81666667,0.00000000,0.00008252,1
8383.09166667,0.00006402,0.00042848,1
8383.15000000,0.00008977,0.00026752,8
8385.00833333,0.00013395,0.00010036,3
8388.08333333,0.00010435,0.00000000,0
8389.10833333,0.00000000,0.00003745,1
8390.00000000,0.00017753,0.00012159,3
8390.20000000,0.00003386,0.00007861,8
8395.10833333,0.00007752,0.00000000,0
8395.41666667,0.00004808,0.00000000,0
8397.65833333,0.00000000,0.00002687,1
8398.43333333,0.00031680,0.00023817,3
8399.37500000,0.00004703,0.00000000,0
8399.84166667,0.00004053,0.00000000,0
8400.00000000,0.00063099,0.00152098,8
8400.34166667,0.00004305,0.00000000,0
8402.39166667,0.00000000,0.00001783,1
8403.45833333,0.00002441,0.00000000,0
8404.10000000,0.00000000,0.00001421,1
8405.00000000,0.00008870,0.00006999,5
8405.56666667,0.00006522,0.00000000,0
8406.59166667,0.00005052,0.00000000,0
8410.00000000,0.00015147,0.00014965,5
8416.51666667,0.00013105,0.00098308,1
8420.00000000,0.00092438,0.00076143,5
8425.00000000,0.00008855,0.00000000,0
8429.51666667,0.00010432,0.00008322,5
8430.00000000,0.00015036,0.00012954,5
8430.17500000,0.00004936,0.00003821,5
8431.24166667,0.00005373,0.00000000,0
8431.93333333,0.00077676,0.00000000,0
8432.20833333,0.00000000,0.00001168,1
8432.39166667,0.00021082,0.00017860,5
8432.95833333,0.00000000,0.00002131,1
8433.13333333,0.00005564,0.00000000,0
8433.28333333,0.00009958,0.00008396,5
8433.52500000,0.00002018,0.00001414,3
8435.20000000,0.00002475,0.00000000,0
8435.60000000,0.00002865,0.00000000,0
8439.22500000,0.00148952,0.00143153,5
8439.33333333,0.00056531,0.00056858,5
8439.51666667,0.00004945,0.00005422,6
8439.52500000,0.00004973,0.00005477,6
8440.00000000,0.00099058,0.00073713,3
8440.28333333,0.00002100,0.00000000,0
8443.74166667,0.00000000,0.00002994,1
8445.00000000,0.00005239,0.00004476,5
8447.26666667,0.00002304,0.00000000,0
8447.85000000,0.00002994,0.00000000,0
8450.00000000,0.00117626,0.00046249,2
8451.00833333,0.00002358,0.00000000,0
8453.50833333,0.00002410,0.00000000,0
8456.50000000,0.00004404,0.00000000,0
8457.35833333,0.00002092,0.00000000,0
8458.45833333,0.00000000,0.00037261,1
8460.00000000,0.00099100,0.00075135,3
8461.16666667,0.00004952,0.00000000,0
8461.60833333,0.00015000,0.00011498,5
8462.10833333,0.00014734,0.00000000,0
8464.70000000,0.00000000,0.00001690,1
8465.00833333,0.00004700,0.00004416,5
8466.03333333,0.00003545,0.00001319,2
8468.45000000,0.00003639,0.00000000,0
8470.00000000,0.00018969,0.00005366,4
8470.18333333,0.00010044,0.00000000,0
8470.53333333,0.00007517,0.00000000,0
8471.78333333,0.00003908,0.00000000,0
8475.00000000,0.00003100,0.00005961,7
8479.20000000,0.00000000,0.00001669,1
8479.36666667,0.00461203,0.00637487,6
8479.37500000,0.00462141,0.00636741,6
8480.00000000,0.00103494,0.00075756,3
8481.86666667,0.00004313,0.00000000,0
8484.98333333,0.00002251,0.00002326,5
8485.14166667,0.00000000,0.00001506,1
8487.32500000,0.00011576,0.00000000,0
8487.37500000,0.00007344,0.00001488,4
8490.00000000,0.00017123,0.00010310,3
8492.52500000,0.00004611,0.00037019,1
8493.22500000,0.00000000,0.00009467,1
8494.22500000,0.00000000,0.00001608,1
8496.11666667,0.00003223,0.00001432,2
8496.39166667,0.00020130,0.00000000,0
8496.42500000,0.00023326,0.00000000,0
8497.15000000,0.00004583,0.00000000,0
8497.34166667,0.00000000,0.00004007,1
8497.65833333,0.00004094,0.00000000,0
8497.67500000,0.00003752,0.00000000,0
8497.80000000,0.00000000,0.00004620,1
8500.00000000,0.00078554,0.00071519,5
8502.65833333,0.00012351,0.00000000,0
8506.60833333,0.00005069,0.00000000,0
8510.00000000,0.00016079,0.00008261,2
8510.64166667,0.00001984,0.00000000,0
8515.41666667,0.00015766,0.00002245,0
8515.42500000,0.00015435,0.00002276,0
8515.62500000,0.00007545,0.00005563,3
8516.64166667,0.00020184,0.00001786,0
8516.74166667,0.00019140,0.00001180,0
8517.20000000,0.00000000,0.00004111,1
8518.16666667,0.00000000,0.00004126,1
8518.45833333,0.00009221,0.00000000,0
8518.60833333,0.00002443,0.00000000,0
8519.56666667,0.00003466,0.00000000,0
8519.73333333,0.00012503,0.00000000,0
8520.00000000,0.00088805,0.00059758,3
8521.36666667,0.00004322,0.00006503,7
8521.38333333,0.00004030,0.00006788,7
8522.73333333,0.00007408,0.00000000,0
8523.20000000,0.00004981,0.00003500,3
8525.00833333,0.00000000,0.00009381,1
8527.56666667,0.00002295,0.00000000,0
8530.00000000,0.00020489,0.00011288,3
8531.32500000,0.00003623,0.00000000,0
8532.39166667,0.00000000,0.00002997,1
8540.00000000,0.00077104,0.00044525,3
8540.41666667,0.00003050,0.00002273,3
8540.72500000,0.00194414,0.00078432,2
8542.55833333,0.00002953,0.00000000,0
8544.90833333,0.00002960,0.00000000,0
8545.00833333,0.00000000,0.00002725,1
8546.13333333,0.00002309,0.00000000,0
8546.60833333,0.00007576,0.00000000,0
8550.00000000,0.00069371,0.00028739,2
8550.90833333,0.00000000,0.00001614,1
8551.26666667,0.00000000,0.00001333,1
8554.68333333,0.00002115,0.00000000,0
8560.00000000,0.00068474,0.00040130,3
8561.27500000,0.00000000,0.00008595,1
8562.60833333,0.00000000,0.00003807,1
8564.44166667,0.00000000,0.00001396,1
8564.80833333,0.00004542,0.00014284,8
8564.99166667,0.00003381,0.00002479,3
8567.57500000,0.00003776,0.00000000,0
8568.05833333,0.00004551,0.00003021,3
8568.85833333,0.00007468,0.00003424,2
8569.23333333,0.00002341,0.00002478,6
8569.31666667,0.00007513,0.00000000,0
8570.00000000,0.00025971,0.00009121,2
8570.65833333,0.00002012,0.00053538,1
8571.30833333,0.00010226,0.00000000,0
8575.00000000,0.00011776,0.00014914,6
8577.72500000,0.00010546,0.00000000,0
8577.92500000,0.00006045,0.00008235,6
8578.40833333,0.00006733,0.00000000,0
8578.55833333,0.00002434,0.00000000,0
8579.66666667,0.00005829,0.00000000,0
8580.00000000,0.00063034,0.00030735,2
8583.80833333,0.00005970,0.00000000,0
8584.08333333,0.00003389,0.00000000,0
8585.00000000,0.00004009,0.00002590,3
8586.75833333,0.00002063,0.00000000,0
8588.32500000,0.00004551,0.00031791,1
8589.78333333,0.00015281,0.00002168,0
8589.90000000,0.00037452,0.00003579,0
8589.98333333,0.00036730,0.00006409,4
8590.85000000,0.00000000,0.00005927,1
8593.75000000,0.00046239,0.00030362,3
8594.09166667,0.00002222,0.00000000,0
8595.00000000,0.00002767,0.00001475,3
8595.80000000,0.00007636,0.00000000,0
8599.00833333,0.00000000,0.00008817,1
8600.00000000,0.00075789,0.00020218,4
8602.71666667,0.00007378,0.00000000,0
8604.10833333,0.00647332,0.00438077,3
8604.58333333,0.00005103,0.00000000,0
8605.00000000,0.00004219,0.00001653,2
8610.00000000,0.00033913,0.00009257,4
8610.75833333,0.00000000,0.00001155,1
8611.09166667,0.00002799,0.00001182,2
8611.20000000,0.00000000,0.00001922,1
8612.04166667,0.00003167,0.00002172,3
8612.33333333,0.00000000,0.00001239,1
8612.75833333,0.00008885,0.00000000,0
8613.01666667,0.00006334,0.00009547,7
8613.23333333,0.00000000,0.00002069,1
8615.67500000,0.00000000,0.00001246,1
8616.06666667,0.00002649,0.00000000,0
8616.16666667,0.00000000,0.00003685,1
8617.20000000,0.00002222,0.00000000,0
8619.78333333,0.00000000,0.00013264,1
8620.00000000,0.00070471,0.00028171,2
8620.92500000,0.00003845,0.00009026,8
8620.93333333,0.00003866,0.00009020,8
8623.40000000,0.00002147,0.00000000,0
8624.28333333,0.00000000,0.00001253,1
8624.59166667,0.00000000,0.00001391,1
8624.99166667,0.00031176,0.00035443,6
8625.34166667,0.00002082,0.00001194,3
8626.05833333,0.00000000,0.00013143,1
8626.40833333,0.00002711,0.00000000,0
8626.51666667,0.00003677,0.00000000,0
8629.72500000,0.00007922,0.00000000,0
8630.00000000,0.00046569,0.00005764,0
8631.95833333,0.00003768,0.00000000,0
8632.76666667,0.00003299,0.00003488,6
8633.45833333,0.00034146,0.00031357,5
8633.91666667,0.00001985,0.00004580,8
8635.31666667,0.00040070,0.00034734,5
8635.78333333,0.00106319,0.00016335,0
8635.93333333,0.00000000,0.00001261,1
8636.55000000,0.00002852,0.00002322,5
8636.76666667,0.00002740,0.00000000,0
8637.00000000,0.00000000,0.00001372,1
8637.84166667,0.00002412,0.00000000,0
8638.05000000,0.00005723,0.00001814,4
8638.11666667,0.00010852,0.00000000,0
8640.00000000,0.00062656,0.00027204,2
8641.75000000,0.00000000,0.00010299,1
8642.50833333,0.00003212,0.00001740,3
8643.21666667,0.00002445,0.00000000,0
8643.65833333,0.00003776,0.00000000,0
8644.99166667,0.00007987,0.00002287,4
8646.53333333,0.00011781,0.00000000,0
8647.80000000,0.00005720,0.00000000,0
8648.23333333,0.00000000,0.00004442,1
8648.51666667,0.00004403,0.00002764,3
8648.70833333,0.00025765,0.00014054,3
8650.00000000,0.00137841,0.00067631,2
8651.72500000,0.00003291,0.00002099,3
8651.74166667,0.00003181,0.00002066,3
8652.66666667,0.00115280,0.00092219,5
8652.67500000,0.00115094,0.00092227,5
8653.10000000,0.00022864,0.00000000,0
8653.45833333,0.00008360,0.00005595,3
8653.70833333,0.00000000,0.00002583,1
8654.62500000,0.00002914,0.00003606,6
8655.45833333,0.00003624,0.00000000,0
8655.91666667,0.00216284,0.00012272,0
8656.11666667,0.00003618,0.00001818,2
8656.36666667,0.00014536,0.00000000,0
8656.38333333,0.00015331,0.00000000,0
8657.01666667,0.00011922,0.00008555,3
8657.15833333,0.00005837,0.00000000,0
8657.36666667,0.00000000,0.00002774,1
8657.60833333,0.00002569,0.00001632,3
8657.76666667,0.00004602,0.00002694,3
8658.09166667,0.00004599,0.00000000,0
8659.52500000,0.00002254,0.00000000,0
8659.54166667,0.00002314,0.00000000,0
8660.00000000,0.00062469,0.00029551,2
8661.60833333,0.00015724,0.00010279,3
8662.12500000,0.00002164,0.00007884,9
8662.35833333,0.00005260,0.00002686,2
8662.50000000,0.00005869,0.00002971,2
8662.58333333,0.00008048,0.00006181,5
8663.14166667,0.00017039,0.00021370,6
8663.37500000,0.00003716,0.00000000,0
8665.00000000,0.00006916,0.00004646,3
8665.35833333,0.00007859,0.00006229,5
8666.25000000,0.00005482,0.00004537,5
8666.97500000,0.00002204,0.00000000,0
8668.05833333,0.00002463,0.00001414,3
8668.57500000,0.00002754,0.00000000,0
8668.89166667,0.00000000,0.00002202,1
8669.15000000,0.00364907,0.00245270,3
8670.00000000,0.00047492,0.00006499,0
8670.71666667,0.00000000,0.00002748,1
8671.96666667,0.00009892,0.00007955,5
8673.76666667,0.00007489,0.00000000,0
8675.00000000,0.00011846,0.00005347,2
8676.27500000,0.00022873,0.00000000,0
8676.64166667,0.00004868,0.00000000,0
8680.00000000,0.00074101,0.00037614,2
8681.06666667,0.00003120,0.00000000,0
8682.81666667,0.00016805,0.00009785,3
8685.00000000,0.00003027,0.00003060,5
8685.24166667,0.00006912,0.00000000,0
8685.64166667,0.00002738,0.00000000,0
8685.72500000,0.00002138,0.00000000,0
8685.74166667,0.00002228,0.00000000,0
8686.57500000,0.00009356,0.00010352,6
8686.82500000,0.00003272,0.00001370,2
8686.85000000,0.00003636,0.00001241,2
8687.77500000,0.00003677,0.00000000,0
8688.45000000,0.00003138,0.00000000,0
8688.62500000,0.00007044,0.00003978,3
8688.64166667,0.00006922,0.00003746,3
8690.00000000,0.00049391,0.00009240,4
8691.16666667,0.00000000,0.00001457,1
8691.18333333,0.00000000,0.00001565,1
8691.31666667,0.00002620,0.00001202,2
8692.63333333,0.00010914,0.00000000,0
8694.15833333,0.00046403,0.00000000,0
8694.35833333,0.00018223,0.00000000,0
8694.50833333,0.00002296,0.00000000,0
8695.23333333,0.00000000,0.00010231,1
8695.62500000,0.00001988,0.00000000,0
8698.05833333,0.00002214,0.00000000,0
8698.29166667,0.00002594,0.00000000,0
8699.20000000,0.00005646,0.00000000,0
8699.44166667,0.00003503,0.00022330,9
8700.00000000,0.00096032,0.00051097,3
8700.78333333,0.00083426,0.00048169,3
8702.05833333,0.00007550,0.00005604,3
8702.07500000,0.00007182,0.00005882,5
8702.70000000,0.00002426,0.00000000,0
8705.00000000,0.00004416,0.00002155,2
8705.86666667,0.00539927,0.00335530,3
8705.87500000,0.00539833,0.00339832,3
8707.10833333,0.00003326,0.00000000,0
8707.50833333,0.00009164,0.00000000,0
8708.16666667,0.00000000,0.00001302,1
8708.94166667,0.00000000,0.00006190,1
8709.05000000,0.00000000,0.00006274,1
8709.07500000,0.00000000,0.00005695,1
8709.71666667,0.00003624,0.00000000,0
8710.00000000,0.00046382,0.00009570,4
8710.18333333,0.00000000,0.00001699,1
8714.70833333,0.00956116,0.00563310,3
8717.39166667,0.00000000,0.00001660,1
8717.79166667,0.00298063,0.00189201,3
8718.14166667,0.00000000,0.00026342,1
8718.21666667,0.00004055,0.00010547,8
8719.80000000,0.00043179,0.00013235,4
8719.99166667,0.00083900,0.00048859,3
8722.50833333,0.00037580,0.00027675,3
8723.08333333,0.00000000,0.00002231,1
8723.45000000,0.00000000,0.00003688,1
8725.10000000,0.00039352,0.00020817,10
8725.20000000,0.00029362,0.00011791,2
8727.82500000,0.00004038,0.00000000,0
8730.00000000,0.00049727,0.00016417,2
8730.80833333,0.00003342,0.00000000,0
8734.28333333,0.00000000,0.00001393,1
8735.36666667,0.00000000,0.00003139,1
8735.56666667,0.00003298,0.00001236,2
8735.58333333,0.00003163,0.00001316,2
8736.95833333,0.00011188,0.00000000,0
8737.24166667,0.00003569,0.00000000,0
8738.25000000,0.00003199,0.00000000,0
8739.08333333,0.00002069,0.00000000,0
8740.00000000,0.00088087,0.00042479,2
8742.86666667,0.00004970,0.00002241,2
8743.61666667,0.00109442,0.00000000,0
8743.87500000,0.00013643,0.00011341,5
8744.41666667,0.00000000,0.00001862,1
8744.51666667,0.00000000,0.00002208,1
8745.00000000,0.00008189,0.00004262,10
8745.23333333,0.00005699,0.00006116,6
8745.82500000,0.00003232,0.00002677,5
8745.83333333,0.00003143,0.00002695,5
8746.34166667,0.00002300,0.00001310,3
8746.72500000,0.00007579,0.00000000,0
8746.74166667,0.00008056,0.00000000,0
8748.62500000,0.00003167,0.00003908,6
8748.63333333,0.00003182,0.00003874,6
8748.70000000,0.00002354,0.00002382,5
8748.90833333,0.00003328,0.00000000,0
8749.67500000,0.00003802,0.00000000,0
8750.00000000,0.00119524,0.00074632,3
8751.21666667,0.00003833,0.00000000,0
8752.01666667,0.00000000,0.00001249,1
8752.29166667,0.00000000,0.00002908,1
8753.15000000,0.00019290,0.00000000,0
8754.26666667,0.00000000,0.00003894,1
8754.98333333,0.00002152,0.00000000,0
8755.82500000,0.00005187,0.00000000,0
8756.52500000,0.00020769,0.00000000,0
8756.55000000,0.00023010,0.00000000,0
8756.63333333,0.00011807,0.00000000,0
8757.12500000,0.00003113,0.00000000,0
8757.44166667,0.00005407,0.00000000,0
8760.00000000,0.00090743,0.00045367,2
8761.25833333,0.00002093,0.00000000,0
8762.55833333,0.00007282,0.00002407,2
8762.57500000,0.00006950,0.00002328,2
8762.95000000,0.00005303,0.00000000,0
8764.55833333,0.00198871,0.00035991,4
8764.99166667,0.00002511,0.00000000,0
8765.16666667,0.00009179,0.00000000,0
8765.52500000,0.00000000,0.00001549,1
8765.53333333,0.00000000,0.00001534,1
8766.25833333,0.00004625,0.00010322,8
8766.39166667,0.00016152,0.00028772,7
8766.62500000,0.00000000,0.00003428,1
8766.67500000,0.00000000,0.00005032,1
8767.13333333,0.00003005,0.00000000,0
8767.36666667,0.00004020,0.00006658,7
8767.37500000,0.00003948,0.00006635,7
8767.43333333,0.00004536,0.00005342,6
8767.82500000,0.00005504,0.00000000,0
8768.08333333,0.00003044,0.00000000,0
8769.07500000,0.00005393,0.00027783,9
8769.45000000,0.00005205,0.00000000,0
8769.50000000,0.00003490,0.00000000,0
8769.82500000,0.00008670,0.00007656,5
8770.00000000,0.00050416,0.00022475,2
8771.80000000,0.00005783,0.00005173,5
8774.55833333,0.00002429,0.00000000,0
8775.00000000,0.00014712,0.00008328,3
8776.22500000,0.00002391,0.00000000,0
8776.24166667,0.00002509,0.00000000,0
8779.09166667,0.00000000,0.00001952,1
8780.00000000,0.00075702,0.00033208,2
8781.61666667,0.00002449,0.00000000,0
8782.74166667,0.00003603,0.00001191,2
8782.83333333,0.00002792,0.00005478,7
8784.17500000,0.00003214,0.00000000,0
8784.35000000,0.00005476,0.00000000,0
8784.45833333,0.00006544,0.00000000,0
8784.47500000,0.00006706,0.00000000,0
8784.72500000,0.00011827,0.00017070,6
8785.00000000,0.00006580,0.00004095,3
8785.16666667,0.00000000,0.00001391,1
8787.22500000,0.00003456,0.00001464,2
8787.23333333,0.00003435,0.00001507,2
8787.90833333,0.00003480,0.00000000,0
8788.52500000,0.00004842,0.00000000,0
8789.05833333,0.00076426,0.00041356,3
8790.00000000,0.00052287,0.00023564,2
8790.69166667,0.00000000,0.00002226,1
8790.90833333,0.00000000,0.00001746,1
8791.05833333,0.00002493,0.00001569,3
8791.07500000,0.00002393,0.00001374,3
8791.25000000,0.00004209,0.00000000,0
8791.45833333,0.00004106,0.00000000,0
8794.62500000,0.00002811,0.00000000,0
8798.61666667,0.00002129,0.00000000,0
8800.00000000,0.00106053,0.00067519,3
8800.32500000,0.00000000,0.00001578,1
8801.11666667,0.00002866,0.00005988,7
8801.14166667,0.00002937,0.00006422,8
8801.76666667,0.00004066,0.00006180,7
8801.77500000,0.00004011,0.00006190,7
8804.48333333,0.00042441,0.00000000,0
8804.66666667,0.00016614,0.00000000,0
8805.00000000,0.00004916,0.00002530,2
8805.60000000,0.00000000,0.00002426,1
8806.59166667,0.00000000,0.00001961,1
8810.00000000,0.00051158,0.00029609,3
8810.21666667,0.00002479,0.00000000,0
8810.51666667,0.00002487,0.00000000,0
8811.00000000,0.00009335,0.00000000,0
8811.42500000,0.00003853,0.00000000,0
8813.58333333,0.00002109,0.00000000,0
8814.20833333,0.00003554,0.00000000,0
8819.66666667,0.00002062,0.00000000,0
8820.00000000,0.00038971,0.00019352,2
8822.51666667,0.00000000,0.00001535,1
8823.00833333,0.00048436,0.00002682,0
8824.02500000,0.00002088,0.00007482,8
8824.03333333,0.00002072,0.00007540,9
8825.00000000,0.00007582,0.00003697,2
8827.36666667,0.00002035,0.00000000,0
8828.12500000,0.00002186,0.00000000,0
8829.78333333,0.00005153,0.00000000,0
8830.00000000,0.00052450,0.00027146,2
8830.80833333,0.00009782,0.00000000,0
8831.03333333,0.00004541,0.00000000,0
8835.00000000,0.00002019,0.00000000,0
8835.83333333,0.00009517,0.00000000,0
8836.12500000,0.00003374,0.00000000,0
8836.52500000,0.00013132,0.00000000,0
8836.74166667,0.00008552,0.00000000,0
8837.89166667,0.00002380,0.00000000,0
8840.00000000,0.00038859,0.00011573,4
8840.49166667,0.00006831,0.00004172,3
8841.17500000,0.00002029,0.00000000,0
8842.18333333,0.00008494,0.00000000,0
8843.12500000,0.00003403,0.00000000,0
8845.00000000,0.00018154,0.00009801,3
8847.77500000,0.00004778,0.00006200,6
8850.00000000,0.00024678,0.00028410,6
8851.29166667,0.00004553,0.00000000,0
8851.54166667,0.00002252,0.00000000,0
8853.40000000,0.00008602,0.00000000,0
8854.46666667,0.00008209,0.00005828,3
8854.47500000,0.00008237,0.00005903,3
8855.00833333,0.00002930,0.00001914,3
8856.69166667,0.00009939,0.00001436,0
8859.18333333,0.00003194,0.00000000,0
8860.00000000,0.00043152,0.00016135,2
8861.02500000,0.00008271,0.00000000,0
8862.30833333,0.00002069,0.00000000,0
8862.54166667,0.00010330,0.00005108,2
8862.82500000,0.00010930,0.00006241,3
8863.02500000,0.00002087,0.00000000,0
8865.00000000,0.00021427,0.00011569,3
8865.82500000,0.00003541,0.00000000,0
8868.35833333,0.00002701,0.00000000,0
8870.00000000,0.00069586,0.00026622,2
8875.00000000,0.00210425,0.00253892,6
8877.55833333,0.00000000,0.00001224,1
8878.49166667,0.00000000,0.00001886,1
8880.00000000,0.00051502,0.00017836,2
8881.24166667,0.00027338,0.00020176,3
8881.27500000,0.00029795,0.00016790,3
8881.33333333,0.00025541,0.00018751,3
8884.78333333,0.00031522,0.00000000,0
8885.00000000,0.00011593,0.00008444,3
8885.70833333,0.00003403,0.00000000,0
8885.73333333,0.00003025,0.00000000,0
8886.25833333,0.00002598,0.00001250,2
8886.54166667,0.00007565,0.00000000,0
8886.71666667,0.00002794,0.00001368,2
8886.73333333,0.00002951,0.00001270,2
8886.99166667,0.00013608,0.00022397,7
8889.33333333,0.00002783,0.00007599,8
8890.00000000,0.00067707,0.00029646,2
8892.94166667,0.00008507,0.00007771,5
8893.05833333,0.00007072,0.00004699,3
8894.58333333,0.00002787,0.00000000,0
8894.85833333,0.00000000,0.00001693,1
8894.87500000,0.00000000,0.00001652,1
8895.11666667,0.00002348,0.00001154,2
8895.13333333,0.00002580,0.00001188,2
8896.08333333,0.00002009,0.00000000,0
8896.81666667,0.00003010,0.00000000,0
8898.25000000,0.00008745,0.00000000,0
8898.64166667,0.00003989,0.00000000,0
8899.15833333,0.00020870,0.00001927,0
8900.00000000,0.00145491,0.00027371,4
8900.26666667,0.00006232,0.00019124,8
8900.61666667,0.00000000,0.00002021,1
8900.63333333,0.00000000,0.00002111,1
8902.20833333,0.00002172,0.00000000,0
8904.36666667,0.00007845,0.00000000,0
8905.00000000,0.00010591,0.00006005,3
8905.49166667,0.00009316,0.00000000,0
8906.24166667,0.00000000,0.00001336,1
8907.73333333,0.00009956,0.00000000,0
8907.88333333,0.00009205,0.00000000,0
8908.72500000,0.00008335,0.00007853,5
8908.73333333,0.00008942,0.00007970,5
8908.84166667,0.00007276,0.00004737,3
8909.49166667,0.00000000,0.00001301,1
8910.00000000,0.00065145,0.00025622,2
8911.13333333,0.00002064,0.00000000,0
8911.21666667,0.00002051,0.00008555,9
8911.32500000,0.00000000,0.00005647,1
8911.45833333,0.00000000,0.00002186,1
8911.82500000,0.00002092,0.00000000,0
8912.86666667,0.00004305,0.00000000,0
8913.10833333,0.00002438,0.00000000,0
8914.12500000,0.00002760,0.00000000,0
8916.32500000,0.00004192,0.00003493,5
8920.00000000,0.00064225,0.00020244,4
8920.37500000,0.00003647,0.00000000,0
8922.91666667,0.00003500,0.00000000,0
8924.80833333,0.00000000,0.00003441,1
8925.00000000,0.00031386,0.00015371,2
8925.27500000,0.00010741,0.00000000,0
8925.90833333,0.00009556,0.00000000,0
8926.40000000,0.00002260,0.00000000,0
8927.42500000,0.00020742,0.00000000,0
8929.78333333,0.00004710,0.00000000,0
8930.00000000,0.00052015,0.00028498,3
8930.31666667,0.00004267,0.00002141,2
8930.96666667,0.00050986,0.00016562,4
8931.55833333,0.00010790,0.00000000,0
8931.59166667,0.00012751,0.00000000,0
8931.64166667,0.00007867,0.00000000,0
8933.17500000,0.00013463,0.00000000,0
8935.00000000,0.00000000,0.00001798,1
8936.97500000,0.00073988,0.00009081,0
8939.86666667,0.00003054,0.00001556,2
8940.00000000,0.00064678,0.00031128,2
8941.00000000,0.00002687,0.00000000,0
8943.59166667,0.00002565,0.00005544,11
8944.57500000,0.00000000,0.00001345,1
8945.00000000,0.00021674,0.00009555,2
8945.85000000,0.00002640,0.00000000,0
8946.75000000,0.00000000,0.00001415,1
8946.86666667,0.00000000,0.00001385,1
8950.00000000,0.00063269,0.00047265,3
8950.25000000,0.00075901,0.00107248,6
8950.55000000,0.00010026,0.00004136,2
8951.83333333,0.00000000,0.00001494,1
8952.23333333,0.00007033,0.00000000,0
8952.50000000,0.00003527,0.00000000,0
8952.75000000,0.00007067,0.00001763,4
8952.90833333,0.00003407,0.00007428,8
8953.76666667,0.00002267,0.00000000,0
8954.13333333,0.00002621,0.00000000,0
8954.70000000,0.00002231,0.00000000,0
8954.99166667,0.00002751,0.00000000,0
8956.22500000,0.00000000,0.00004815,1
8957.76666667,0.00002180,0.00000000,0
8958.65000000,0.00005112,0.00001188,4
8959.32500000,0.00003487,0.00000000,0
8960.00000000,0.00064263,0.00034758,3
8960.20833333,0.00042198,0.00000000,0
8962.90000000,0.00000000,0.00002038,1
8964.88333333,0.00007395,0.00000000,0
8965.00833333,0.00007153,0.00003380,2
8965.67500000,0.00002445,0.00000000,0
8965.89166667,0.00004704,0.00000000,0
8968.06666667,0.00005241,0.00000000,0
8968.35833333,0.00000000,0.00001155,1
8969.66666667,0.00000000,0.00002888,1
8970.00000000,0.00023614,0.00019184,5
8971.20000000,0.00002444,0.00004266,7
8974.32500000,0.00007640,0.00003680,2
8974.33333333,0.00007637,0.00003711,2
8974.99166667,0.00004636,0.00002800,3
8977.27500000,0.00007506,0.00002771,2
8977.60000000,0.00002324,0.00000000,0
8977.82500000,0.00006209,0.00000000,0
8979.80000000,0.00003577,0.00002261,3
8980.00000000,0.00070112,0.00038316,3
8980.18333333,0.00002882,0.00002059,3
8982.45833333,0.00004859,0.00001292,4
8983.09166667,0.00002035,0.00000000,0
8984.07500000,0.00002399,0.00000000,0
8984.37500000,0.00045149,0.00021761,2
8985.00000000,0.00006940,0.00003472,2
8986.00000000,0.00000000,0.00003431,1
8986.15000000,0.00002911,0.00000000,0
8987.08333333,0.00005989,0.00000000,0
8987.53333333,0.00003213,0.00000000,0
8988.32500000,0.00003293,0.00000000,0
8990.00000000,0.00013570,0.00014520,6
8993.64166667,0.00112866,0.00046469,2
8993.75833333,0.00013129,0.00010077,5
8995.00000000,0.00002390,0.00000000,0
8996.98333333,0.00002623,0.00004038,7
8997.20000000,0.00002968,0.00000000,0
8998.46666667,0.00003324,0.00000000,0
8999.61666667,0.00000000,0.00001276,1
8999.72500000,0.00000000,0.00001306,1
9000.00000000,0.01154911,0.00599383,10
9000.33333333,0.00000000,0.00001214,1
9000.80000000,0.00015557,0.00041732,8
9001.38333333,0.00018247,0.00000000,0
9001.60833333,0.00002186,0.00000000,0
9004.37500000,0.00485630,0.00248935,2
9005.00000000,0.00012353,0.00006279,2
9005.36666667,0.00009335,0.00000000,0
9005.37500000,0.00009428,0.00000000,0
9008.64166667,0.00002606,0.00002895,6
9008.71666667,0.00002546,0.00000000,0
9010.00000000,0.00012282,0.00020920,7
9010.12500000,0.00000000,0.00002451,1
9010.35000000,0.00000000,0.00003154,1
9012.00833333,0.00003257,0.00000000,0
9012.10833333,0.00004486,0.00004451,5
9015.00833333,0.00002508,0.00001401,3
9015.18333333,0.00012496,0.00000000,0
9015.45833333,0.00004729,0.00000000,0
9017.78333333,0.00002666,0.00000000,0
9018.60833333,0.00002653,0.00000000,0
9019.80833333,0.00008896,0.00011502,6
9020.00000000,0.00069525,0.00041099,3
9020.97500000,0.00004564,0.00000000,0
9022.65000000,0.00002245,0.00000000,0
9023.80000000,0.00000000,0.00001244,1
9025.00833333,0.00025135,0.00007553,4
9025.50000000,0.00002065,0.00004032,7
9030.00000000,0.00012102,0.00018165,7
9030.65000000,0.00000000,0.00001189,1
9031.99166667,0.00003891,0.00000000,0
9032.41666667,0.00003287,0.00000000,0
9032.51666667,0.00000000,0.00004766,1
9033.97500000,0.00000000,0.00002817,1
9035.23333333,0.00020073,0.00001369,0
9040.00000000,0.00065580,0.00045215,3
9042.25000000,0.00003794,0.00000000,0
9043.82500000,0.00004648,0.00000000,0
9044.85000000,0.00003251,0.00000000,0
9045.00000000,0.00018311,0.00005410,4
9045.75000000,0.00000000,0.00001517,1
9049.49166667,0.00109303,0.00004072,0
9050.00000000,0.00052365,0.00009205,4
9050.40833333,0.00002887,0.00000000,0
9053.13333333,0.00003562,0.00000000,0
9055.00000000,0.00003637,0.00002777,5
9055.59166667,0.00007610,0.00005319,3
9055.92500000,0.00011070,0.00006455,3
9055.93333333,0.00010935,0.00006488,3
9057.16666667,0.00000000,0.00002558,1
9057.25833333,0.00002848,0.00000000,0
9058.71666667,0.00002588,0.00004643,7
9060.00000000,0.00061684,0.00038475,3
9060.67500000,0.00016400,0.00018163,6
9060.78333333,0.00015902,0.00012949,5
9062.19166667,0.00006074,0.00000000,0
9063.65833333,0.00000000,0.00001327,1
9065.00000000,0.00003872,0.00002110,3
9065.03333333,0.00002981,0.00001825,3
9069.10000000,0.00000000,0.00001369,1
9070.00000000,0.00012414,0.00025041,7
9075.00000000,0.00007086,0.00008401,6
9076.13333333,0.00010421,0.00007561,3
9077.12500000,0.00047347,0.00000000,0
9077.32500000,0.00014794,0.00008943,3
9077.50833333,0.00099934,0.00000000,0
9077.53333333,0.00114665,0.00000000,0
9078.20833333,0.00010095,0.00000000,0
9080.00000000,0.00073297,0.00040849,3
9082.02500000,0.00004856,0.00001470,4
9082.03333333,0.00004913,0.00001507,4
9085.00000000,0.00016587,0.00008485,2
9086.10833333,0.00002355,0.00001933,5
9086.13333333,0.00002701,0.00001979,3
9090.00000000,0.00020976,0.00023115,6
9091.38333333,0.00145885,0.00129595,5
9091.46666667,0.00121558,0.00056276,2
9091.48333333,0.00117120,0.00060831,10
9091.74166667,0.00002139,0.00000000,0
9093.42500000,0.00002892,0.00000000,0
9093.80000000,0.00000000,0.00003501,1
9095.00000000,0.00005557,0.00002784,2
9095.91666667,0.00015287,0.00000000,0
9096.25000000,0.00002718,0.00005924,8
9096.67500000,0.00002958,0.00000000,0
9097.11666667,0.00014933,0.00008910,3
9097.13333333,0.00013920,0.00009145,3
9097.21666667,0.00006001,0.00006871,6
9099.11666667,0.00003645,0.00000000,0
9100.00000000,0.00150059,0.00013455,0
9105.00000000,0.00028257,0.00014310,2
9105.71666667,0.00002742,0.00000000,0
9108.26666667,0.00111450,0.00180104,7
9108.27500000,0.00110911,0.00180593,7
9109.07500000,0.00002407,0.00000000,0
9110.00000000,0.00016825,0.00021607,6
9110.97500000,0.00002062,0.00000000,0
9112.04166667,0.00169277,0.00248117,7
9112.50833333,0.00631755,0.00391502,3
9113.95000000,0.00004974,0.00000000,0
9114.57500000,0.00047476,0.00018103,2
9119.81666667,0.00002350,0.00000000,0
9120.00000000,0.00079206,0.00047192,3
9120.42500000,0.00004759,0.00001447,4
9120.44166667,0.00005093,0.00001362,4
9122.75833333,0.00004486,0.00000000,0
9122.78333333,0.00003818,0.00000000,0
9123.40000000,0.00000000,0.00002052,1
9124.16666667,0.00073692,0.00002417,0
9125.00000000,0.00024690,0.00019573,5
9125.85833333,0.00005460,0.00000000,0
9127.19166667,0.00002253,0.00000000,0
9127.78333333,0.00019335,0.00026052,6
9130.00000000,0.00013823,0.00023733,7
9135.00000000,0.00010858,0.00005234,2
9136.70000000,0.00003864,0.00002290,3
9136.76666667,0.00010014,0.00000000,0
9136.78333333,0.00010304,0.00000000,0
9137.02500000,0.00004816,0.00000000,0
9137.04166667,0.00005118,0.00000000,0
9137.40833333,0.00003556,0.00000000,0
9139.17500000,0.00000000,0.00001210,1
9139.41666667,0.00004784,0.00000000,0
9139.44166667,0.00004307,0.00001157,4
9139.79166667,0.00005190,0.00000000,0
9140.00000000,0.00090091,0.00052342,3
9140.62500000,0.00000000,0.00001203,1
9143.55833333,0.00015101,0.00092753,9
9145.00000000,0.00012159,0.00005097,2
9145.87500000,0.00002647,0.00000000,0
9147.86666667,0.00002093,0.00000000,0
9149.70833333,0.00002888,0.00000000,0
9150.00000000,0.00050019,0.00059569,6
9151.15000000,0.00003697,0.00001576,2
9155.00000000,0.00012355,0.00006080,2
9155.27500000,0.00002136,0.00000000,0
9160.00000000,0.00089791,0.00048812,3
9160.38333333,0.00001986,0.00000000,0
9163.99166667,0.00003256,0.00000000,0
9165.00000000,0.00021561,0.00010546,2
9170.00000000,0.00008966,0.00011293,6
9175.00000000,0.00024151,0.00002422,0
9177.90000000,0.00005014,0.00000000,0
9178.95833333,0.00000000,0.00002801,1
9179.68333333,0.00037366,0.00020021,3
9180.00000000,0.00086620,0.00051339,3
9180.63333333,0.00000000,0.00001741,1
9182.35833333,0.00002032,0.00006388,8
9183.50000000,0.00003474,0.00006988,7
9183.56666667,0.00007262,0.00015392,7
9185.00000000,0.00020566,0.00010488,2
9187.20833333,0.00003565,0.00001627,2
9187.46666667,0.00002281,0.00000000,0
9187.85833333,0.00010321,0.00001308,0
9187.88333333,0.00011350,0.00001308,0
9189.45833333,0.00000000,0.00001676,1
9189.76666667,0.00000000,0.00001362,1
9190.00000000,0.00006948,0.00017582,8
9190.45833333,0.00000000,0.00001177,1
9190.80833333,0.00033402,0.00000000,0
9191.12500000,0.00002656,0.00000000,0
9198.55000000,0.00010360,0.00001533,0
9200.00000000,0.00092703,0.00035549,2
9200.83333333,0.00010999,0.00000000,0
9200.87500000,0.00013837,0.00000000,0
9205.00000000,0.00013659,0.00007581,3
9205.64166667,0.00008102,0.00000000,0
9205.94166667,0.00013478,0.00007473,3
9206.18333333,0.00005750,0.00000000,0
9210.00000000,0.00009919,0.00012792,6
9213.85833333,0.00002663,0.00004156,7
9215.00000000,0.00002185,0.00000000,0
9215.30833333,0.00002300,0.00000000,0
9217.71666667,0.00002924,0.00000000,0
9218.55000000,0.00000000,0.00001240,1
9219.68333333,0.00007605,0.00000000,0
9220.00000000,0.00056775,0.00038564,3
9225.00000000,0.00028513,0.00016702,3
9225.54166667,0.00003484,0.00002420,3
9225.82500000,0.00171516,0.00005457,0
9225.83333333,0.00170749,0.00005547,0
9226.20833333,0.00006954,0.00000000,0
9226.32500000,0.00017529,0.00001174,0
9226.33333333,0.00017268,0.00001175,0
9228.26666667,0.00027510,0.00027959,5
9230.00000000,0.00009492,0.00012699,6
9238.27500000,0.00000000,0.00001298,1
9240.00000000,0.00057300,0.00034244,3
9241.76666667,0.00000000,0.00001841,1
9244.64166667,0.00015350,0.00006551,2
9245.00000000,0.00005295,0.00002220,2
9245.71666667,0.00008134,0.00002832,2
9245.75000000,0.00009119,0.00002694,4
9246.79166667,0.00050744,0.00030030,3
9250.00000000,0.00057620,0.00019838,2
9252.93333333,0.00003112,0.00000000,0
9254.71666667,0.00004020,0.00000000,0
9254.77500000,0.00006273,0.00001866,4
9257.75000000,0.00006251,0.00010777,7
9257.77500000,0.00006220,0.00009803,7
9258.53333333,0.00016766,0.00003845,4
9259.81666667,0.00002743,0.00000000,0
9260.00000000,0.00037719,0.00026844,3
9260.97500000,0.00009026,0.00003465,2
9261.10833333,0.00041289,0.00019556,2
9261.42500000,0.00090834,0.00000000,0
9264.99166667,0.00006992,0.00003366,2
9266.35000000,0.00006964,0.00003666,10
9270.00000000,0.00009264,0.00009097,5
9270.26666667,0.00001985,0.00003873,7
9272.38333333,0.00012283,0.00000000,0
9272.48333333,0.00008200,0.00000000,0
9272.72500000,0.00005709,0.00000000,0
9272.75833333,0.00006886,0.00000000,0
9272.81666667,0.00004531,0.00002215,2
9275.00000000,0.00003891,0.00005942,7
9277.22500000,0.00014972,0.00008969,3
9277.35000000,0.00003651,0.00001520,2
9278.27500000,0.00002501,0.00000000,0
9278.41666667,0.00000000,0.00005246,1
9278.60000000,0.00000000,0.00001728,1
9280.00833333,0.00046880,0.00018509,2
9280.32500000,0.00010755,0.00002491,4
9280.33333333,0.00010842,0.00002354,4
9282.55833333,0.00003097,0.00000000,0
9284.99166667,0.00005299,0.00002546,2
9285.47500000,0.00014117,0.00008352,3
9289.78333333,0.00003115,0.00003367,6
9290.00000000,0.00010477,0.00010096,5
9292.31666667,0.00000000,0.00002333,1
9294.95833333,0.00000000,0.00002991,1
9295.10000000,0.00000000,0.00001379,1
9295.15833333,0.00017489,0.00002301,0
9295.30000000,0.00208391,0.00011450,0
9296.08333333,0.00000000,0.00001348,1
9296.79166667,0.00024898,0.00002192,0
9300.00000000,0.00089802,0.00017267,4
9303.70000000,0.00002299,0.00000000,0
9304.04166667,0.00002989,0.00000000,0
9305.00833333,0.00004484,0.00002675,3
9305.42500000,0.00007470,0.00000000,0
9306.29166667,0.00000000,0.00002790,1
9307.45833333,0.00002182,0.00000000,0
9310.00000000,0.00012316,0.00008099,3
9312.10000000,0.00003522,0.00000000,0
9312.41666667,0.00004780,0.00000000,0
9314.62500000,0.00002779,0.00006867,8
9314.64166667,0.00002677,0.00007271,8
9316.21666667,0.00000000,0.00001408,1
9316.24166667,0.00000000,0.00001551,1
9316.45000000,0.00006879,0.00000000,0
9320.00000000,0.00019253,0.00011681,3
9321.29166667,0.00004572,0.00004111,5
9324.20000000,0.00018184,0.00017248,5
9325.00000000,0.00016459,0.00010026,3
9326.05000000,0.00003511,0.00002903,5
9326.16666667,0.00003379,0.00000000,0
9327.07500000,0.00005430,0.00004663,5
9327.32500000,0.00000000,0.00001311,1
9330.00000000,0.00010933,0.00011452,5
9331.01666667,0.00008046,0.00005177,3
9337.34166667,0.00002412,0.00000000,0
9340.00000000,0.00016771,0.00015580,5
9345.26666667,0.00003491,0.00000000,0
9345.42500000,0.00011851,0.00000000,0
9346.76666667,0.00004895,0.00009773,7
9346.77500000,0.00004912,0.00009630,7
9347.51666667,0.00015191,0.00046995,8
9350.00000000,0.00026506,0.00011774,2
9350.61666667,0.00002267,0.00000000,0
9355.65833333,0.00144780,0.00053911,2
9355.68333333,0.00136967,0.00049391,2
9357.43333333,0.00002453,0.00000000,0
9360.00000000,0.00024769,0.00012394,2
9363.02500000,0.00000000,0.00001391,1
9364.90833333,0.00000000,0.00001280,1
9365.00000000,0.00000000,0.00001912,1
9365.20833333,0.00000000,0.00002782,1
9365.32500000,0.00044620,0.00102566,8
9365.46666667,0.01570103,0.03768621,8
9365.47500000,0.01570818,0.03764415,8
9365.68333333,0.00000000,0.00004665,1
9366.76666667,0.00003030,0.00001461,2
9366.79166667,0.00002858,0.00001666,3
9370.00000000,0.00009774,0.00006259,3
9372.10000000,0.00000000,0.00001309,1
9374.45833333,0.00000000,0.00001320,1
9374.50833333,0.00002248,0.00000000,0
9374.60000000,0.00002959,0.00000000,0
9374.65000000,0.00003018,0.00001508,2
9374.69166667,0.00003245,0.00002207,3
9374.73333333,0.00004913,0.00001915,2
9374.80833333,0.00007885,0.00002540,4
9374.84166667,0.00017228,0.00010268,3
9375.00000000,0.28384696,0.16364909,3
9375.15833333,0.00015512,0.00007890,2
9375.19166667,0.00008184,0.00004164,2
9375.26666667,0.00005344,0.00001970,2
9375.30833333,0.00000000,0.00002086,1
9375.35000000,0.00004429,0.00000000,0
9375.40000000,0.00000000,0.00001398,1
9375.45000000,0.00002616,0.00000000,0
9375.50000000,0.00000000,0.00001413,1
9375.54166667,0.00002061,0.00000000,0
9375.64166667,0.00000000,0.00001245,1
9376.58333333,0.00000000,0.00003714,1
9379.98333333,0.00045892,0.00009767,4
9384.53333333,0.00019432,0.00005203,4
9388.20833333,0.00008874,0.00000000,0
9390.00000000,0.00000000,0.00007866,1
9392.04166667,0.00004142,0.00001729,2
9394.32500000,0.00043323,0.00018200,2
9394.34166667,0.00044815,0.00017908,2
9395.37500000,0.00002719,0.00000000,0
9397.21666667,0.00000000,0.00004345,1
9399.45833333,0.00002580,0.00001232,2
9399.47500000,0.00002618,0.00001176,2
9400.00000000,0.00085662,0.00042599,2
9406.28333333,0.00000000,0.00001254,1
9410.00000000,0.00000000,0.00013871,1
9415.12500000,0.00013357,0.00000000,0
9418.26666667,0.00003675,0.00003261,5
9420.00000000,0.00018444,0.00015081,5
9420.26666667,0.00008370,0.00005720,3
9420.91666667,0.00006890,0.00003222,2
9424.85833333,0.00002877,0.00004314,7
9425.00000000,0.00008713,0.00002491,4
9426.30833333,0.00000000,0.00003585,1
9426.57500000,0.00020031,0.00000000,0
9426.96666667,0.00003266,0.00001829,3
9426.98333333,0.00003764,0.00001779,2
9427.05833333,0.00005761,0.00000000,0
9428.36666667,0.00004409,0.00010115,8
9428.97500000,0.00002375,0.00000000,0
9430.00000000,0.00004131,0.00013442,8
9435.03333333,0.00002781,0.00007161,8
9440.00000000,0.00014556,0.00018073,6
9444.52500000,0.00000000,0.00002712,1
9445.00000000,0.00003158,0.00001526,2
9450.00000000,0.00036818,0.00042170,6
9457.66666667,0.00000000,0.00001804,1
9457.67500000,0.00002076,0.00001784,5
9460.00000000,0.00013049,0.00014443,6
9460.21666667,0.00004573,0.00004818,6
9460.91666667,0.00029703,0.00033199,6
9461.30000000,0.00000000,0.00001298,1
9466.54166667,0.00007078,0.00000000,0
9468.10000000,0.00000000,0.00002338,1
9469.66666667,0.00693517,0.00504585,3
9470.00000000,0.00024306,0.00019414,5
9472.22500000,0.00002977,0.00001479,2
9475.00000000,0.00012509,0.00006359,2
9475.77500000,0.00026069,0.00024314,5
9478.24166667,0.00000000,0.00001291,1
9479.03333333,0.00007305,0.00006129,5
9479.15000000,0.00006432,0.00005938,5
9480.00000000,0.00018421,0.00018160,5
9481.15833333,0.00007088,0.00000000,0
9484.03333333,0.00004373,0.00000000,0
9484.08333333,0.00006618,0.00000000,0
9484.76666667,0.00002919,0.00001759,3
9484.77500000,0.00002889,0.00001726,3
9485.00000000,0.00005010,0.00002710,3
9487.53333333,0.00000000,0.00006076,1
9487.87500000,0.00004362,0.00012983,8
9488.86666667,0.00144176,0.00013858,0
9488.91666667,0.00176622,0.00012371,0
9488.95833333,0.00126379,0.00016342,0
9490.00000000,0.00035180,0.00020919,3
9490.20000000,0.00004456,0.00003036,3
9491.27500000,0.00005331,0.00000000,0
9492.20833333,0.00010144,0.00011201,6
9493.16666667,0.00002404,0.00000000,0
9495.20000000,0.00019644,0.00005798,4
9495.28333333,0.00015568,0.00005621,2
9495.64166667,0.00002138,0.00000000,0
9497.20000000,0.00009814,0.00005527,3
9500.00000000,0.00059768,0.00008115,0
9500.23333333,0.00002888,0.00000000,0
9500.27500000,0.00004507,0.00000000,0
9501.25000000,0.00002618,0.00000000,0
9504.23333333,0.00029001,0.00009548,2
9504.30833333,0.00022330,0.00008061,2
9505.00000000,0.00008758,0.00004163,2
9505.75833333,0.00002918,0.00001366,2
9505.88333333,0.00042930,0.00000000,0
9508.15833333,0.00002387,0.00001218,2
9510.00000000,0.00036998,0.00024282,3
9513.81666667,0.00002882,0.00001380,2
9513.83333333,0.00002967,0.00001301,2
9514.35833333,0.00000000,0.00001915,1
9520.00000000,0.00018252,0.00013230,3
9521.48333333,0.00002843,0.00003067,6
9521.60000000,0.00000000,0.00003645,1
9525.00000000,0.00010899,0.00009065,5
9530.00000000,0.00037665,0.00028073,3
9531.11666667,0.00000000,0.00001167,1
9531.24166667,0.00003035,0.00001468,2
9536.12500000,0.00004084,0.00004033,5
9536.13333333,0.00004095,0.00003994,5
9538.12500000,0.00005740,0.00004215,3
9538.13333333,0.00005773,0.00004154,3
9540.00000000,0.00018342,0.00015818,5
9540.95000000,0.00000000,0.00001257,1
9542.04166667,0.00000000,0.00003754,1
9542.50833333,0.00014025,0.00000000,0
9544.35000000,0.00003343,0.00000000,0
9545.00000000,0.00009482,0.00005198,3
9549.77500000,0.00062430,0.00000000,0
9550.00000000,0.00077666,0.00059528,5
9550.78333333,0.00003009,0.00001230,2
9554.19166667,0.00004909,0.00000000,0
9555.30000000,0.00016485,0.00000000,0
9555.77500000,0.00009118,0.00000000,0
9557.26666667,0.00000000,0.00001246,1
9559.19166667,0.02788587,0.00123235,0
9560.00000000,0.00021380,0.00010463,2
9560.56666667,0.00002642,0.00001446,3
9561.11666667,0.00003701,0.00001474,2
9561.13333333,0.00003626,0.00001547,2
9565.00000000,0.00018180,0.00009690,3
9565.45833333,0.00024797,0.00020683,5
9570.00000000,0.00043535,0.00033193,5
9570.32500000,0.00033127,0.00016137,2
9570.43333333,0.00003562,0.00002562,3
9571.69166667,0.00009981,0.00000000,0
9572.10000000,0.00306498,0.00014362,0
9573.34166667,0.00003543,0.00000000,0
9575.00000000,0.00042548,0.00026588,3
9575.26666667,0.00008653,0.00006572,12
9575.27500000,0.00008642,0.00006800,5
9580.00000000,0.00014682,0.00014920,5
9581.40833333,0.00004468,0.00000000,0
9583.06666667,0.00012145,0.00000000,0
9585.00000000,0.00013936,0.00007847,3
9585.75833333,0.00000000,0.00001545,1
9585.89166667,0.00000000,0.00001717,1
9589.32500000,0.00003335,0.00010234,8
9589.33333333,0.00003308,0.00010306,8
9590.00000000,0.00046497,0.00028435,3
9593.00000000,0.00000000,0.00001181,1
9594.72500000,0.00002983,0.00001398,2
9594.73333333,0.00002945,0.00001427,2
9595.00000000,0.00010683,0.00005912,3
9595.55000000,0.00000000,0.00001484,1
9598.55833333,0.00004622,0.00000000,0
9600.00000000,0.00078038,0.00059923,5
9601.29166667,0.00027820,0.00000000,0
9601.79166667,0.00008813,0.00000000,0
9605.00000000,0.00008528,0.00005142,3
9607.36666667,0.00000000,0.00002549,1
9608.15833333,0.00038566,0.00066563,7
9609.37500000,0.00004855,0.00002429,2
9610.00000000,0.00040839,0.00030906,3
9611.82500000,0.00010397,0.00007317,3
9615.00000000,0.00008234,0.00003619,2
9618.37500000,0.00026976,0.00000000,0
9619.14166667,0.00007025,0.00003327,2
9620.00000000,0.00013226,0.00011653,5
9624.63333333,0.00000000,0.00002559,1
9624.98333333,0.00122061,0.00266361,8
9625.11666667,0.00016525,0.00038702,8
9625.72500000,0.00002157,0.00006643,8
9625.73333333,0.00002185,0.00006552,8
9626.51666667,0.00002554,0.00006148,8
9626.53333333,0.00002605,0.00006023,8
9626.89166667,0.00007575,0.00006723,5
9629.55833333,0.00762318,0.00554528,3
9630.00000000,0.00041835,0.00030222,3
9632.02500000,0.00011746,0.00000000,0
9635.00000000,0.00004816,0.00001298,4
9635.40000000,0.00126105,0.00019483,0
9635.43333333,0.00113785,0.00010440,0
9637.49166667,0.00008420,0.00000000,0
9640.00000000,0.00011727,0.00013051,6
9643.07500000,0.00002691,0.00000000,0
9643.25833333,0.00012593,0.00000000,0
9643.55000000,0.00002851,0.00001645,3
9644.35000000,0.00000000,0.00002247,1
9645.00000000,0.00016593,0.00009929,3
9645.98333333,0.00010124,0.00000000,0
9650.00000000,0.00067731,0.00031727,2
9653.22500000,0.00006930,0.00004659,3
9653.24166667,0.00006823,0.00004419,3
9654.72500000,0.00002512,0.00008400,8
9654.75000000,0.00002834,0.00007418,8
9655.00000000,0.00006238,0.00002754,2
9658.21666667,0.00000000,0.00001640,1
9660.00000000,0.00012620,0.00004852,2
9665.00000000,0.00007213,0.00003310,2
9667.96666667,0.00002459,0.00001438,3
9667.97500000,0.00002399,0.00001462,3
9670.00000000,0.00032035,0.00022469,3
9671.37500000,0.00002065,0.00000000,0
9675.00000000,0.00017227,0.00009697,3
9678.85833333,0.00003707,0.00000000,0
9679.95833333,0.00053057,0.00008096,0
9680.00000000,0.00049147,0.00011661,4
9680.39166667,0.00000000,0.00001246,1
9680.71666667,0.00000000,0.00003045,1
9684.99166667,0.00003446,0.00002720,5
9689.21666667,0.00007295,0.00004836,3
9689.31666667,0.00008980,0.00005602,3
9689.33333333,0.00007439,0.00005323,3
9690.02500000,0.00065614,0.00007532,0
9692.25000000,0.00000000,0.00001167,1
9692.35833333,0.00002275,0.00000000,0
9692.39166667,0.00000000,0.00001475,1
9692.45833333,0.00000000,0.00001512,1
9692.67500000,0.00000000,0.00002502,1
9692.83333333,0.00094169,0.00736306,1
9693.85833333,0.00000000,0.00002714,1
9695.00000000,0.00002370,0.00000000,0
9695.58333333,0.00002437,0.00000000,0
9697.24166667,0.00003621,0.00007914,8
9699.24166667,0.00000000,0.00001471,1
9700.00000000,0.00206759,0.00116987,3
9705.00000000,0.00011866,0.00004910,2
9709.43333333,0.00008553,0.00000000,0
9709.65833333,0.00008211,0.00000000,0
9709.70000000,0.00010792,0.00000000,0
9709.76666667,0.00004597,0.00000000,0
9710.00000000,0.00032956,0.00027511,5
9716.81666667,0.00003163,0.00001618,2
9719.45000000,0.00053544,0.00036961,3
9720.00000000,0.00017867,0.00015310,5
9724.94166667,0.00006183,0.00001984,4
9724.97500000,0.00007780,0.00004043,10
9725.05000000,0.00005660,0.00001270,4
9726.38333333,0.00000000,0.00001237,1
9726.60000000,0.00002810,0.00001769,3
9726.65833333,0.00002877,0.00001316,2
9728.41666667,0.00003657,0.00000000,0
9730.00000000,0.00022249,0.00008895,2
9734.51666667,0.00004129,0.00000000,0
9734.55000000,0.00004929,0.00000000,0
9734.98333333,0.00005874,0.00000000,0
9735.09166667,0.00003158,0.00000000,0
9740.00000000,0.00014205,0.00015340,6
9745.00000000,0.00004611,0.00003629,5
9745.61666667,0.00008661,0.00003557,2
9749.70000000,0.00002562,0.00000000,0
9749.80000000,0.00003710,0.00000000,0
9750.00000000,0.00049274,0.00047140,5
9750.70000000,0.00000000,0.00006468,1
9753.15000000,0.00003080,0.00000000,0
9754.98333333,0.00004516,0.00001606,2
9760.00000000,0.00010579,0.00012204,6
9763.75833333,0.00002505,0.00000000,0
9764.25833333,0.00003207,0.00006828,7
9764.91666667,0.00009731,0.00003863,2
9765.01666667,0.00002249,0.00001566,3
9765.35833333,0.00003217,0.00000000,0
9765.62500000,0.00032509,0.00019049,3
9767.11666667,0.00002849,0.00000000,0
9770.00000000,0.00017561,0.00016244,5
9770.19166667,0.00002301,0.00020040,1
9771.05833333,0.00002297,0.00000000,0
9771.07500000,0.00002238,0.00000000,0
9772.03333333,0.00000000,0.00004681,1
9774.47500000,0.00000000,0.00001791,1
9774.71666667,0.00002322,0.00005939,8
9774.73333333,0.00002222,0.00006044,8
9775.01666667,0.00029824,0.00030325,5
9776.06666667,0.00000000,0.00001285,1
9780.00000000,0.00019839,0.00018677,5
9780.50000000,0.00002350,0.00006271,8
9781.43333333,0.00000000,0.00001174,1
9781.58333333,0.00021598,0.00224789,1
9781.91666667,0.00580476,0.00002719,0
9781.94166667,0.00622187,0.00003429,0
9782.03333333,0.00292045,0.00001269,0
9784.00000000,0.00004161,0.00000000,0
9785.00000000,0.00011265,0.00005306,2
9788.61666667,0.00082521,0.00049719,3
9789.32500000,0.00003618,0.00013114,9
9789.39166667,0.00013892,0.00028280,7
9790.00000000,0.00009941,0.00000000,0
9795.00000000,0.00005216,0.00000000,0
9796.03333333,0.00009679,0.00000000,0
9797.25000000,0.00002129,0.00000000,0
9800.00000000,0.00087199,0.00045873,10
9800.39166667,0.00003537,0.00000000,0
9802.35000000,0.00002006,0.00000000,0
9804.68333333,0.00002341,0.00000000,0
9805.00000000,0.00017788,0.00010129,3
9805.95000000,0.00003181,0.00000000,0
9810.00000000,0.00010465,0.00010972,5
9811.92500000,0.00004935,0.00000000,0
9813.05833333,0.00006832,0.00000000,0
9813.31666667,0.00002972,0.00000000,0
9814.44166667,0.00007690,0.00003608,2
9815.00000000,0.00005104,0.00002731,3
9817.61666667,0.00004113,0.00000000,0
9817.95000000,0.00002515,0.00000000,0
9818.07500000,0.00002051,0.00002468,6
9820.00000000,0.00026440,0.00026106,5
9823.32500000,0.00000000,0.00001391,1
9823.67500000,0.00003999,0.00000000,0
9824.50833333,0.00000000,0.00001205,1
9825.00000000,0.00004047,0.00004605,6
9826.89166667,0.00003591,0.00000000,0
9827.20833333,0.00014111,0.00010669,3
9828.02500000,0.00007883,0.00000000,0
9829.61666667,0.00350050,0.00010468,0
9830.00000000,0.00010689,0.00011028,5
9831.95000000,0.00008278,0.00017052,7
9832.10833333,0.00000000,0.00003120,1
9833.32500000,0.00016652,0.00001266,0
9833.37500000,0.00011479,0.00002125,4
9833.65833333,0.00004365,0.00001280,4
9833.67500000,0.00004511,0.00001399,4
9834.25833333,0.00023691,0.00022095,5
9835.00000000,0.00005345,0.00002461,2
9836.36666667,0.00003408,0.00002500,3
9836.38333333,0.00003280,0.00002237,3
9837.50000000,0.00002761,0.00001566,3
9838.03333333,0.00000000,0.00001581,1
9838.14166667,0.00000000,0.00001869,1
9838.80000000,0.00000000,0.00002004,1
9840.00000000,0.00030461,0.00015257,2
9840.55833333,0.00009009,0.00004897,3
9841.15833333,0.00000000,0.00003524,1
9841.17500000,0.00002099,0.00003322,7
9841.26666667,0.00003152,0.00001338,2
9841.27500000,0.00002970,0.00001402,2
9843.73333333,0.00000000,0.00002249,1
9844.22500000,0.00003337,0.00002661,5
9844.23333333,0.00003443,0.00002656,5
9845.00000000,0.00011664,0.00005109,2
9845.73333333,0.00004996,0.00000000,0
9847.77500000,0.00006718,0.00004636,3
9850.00000000,0.00120837,0.00074245,3
9850.70000000,0.00016249,0.00005861,2
9850.82500000,0.00306625,0.00166938,3
9850.83333333,0.00306098,0.00169609,3
9852.15000000,0.00000000,0.00001689,1
9852.40000000,0.00002170,0.00000000,0
9852.87500000,0.00000000,0.00001234,1
9853.51666667,0.00000000,0.00001499,1
9853.69166667,0.00028623,0.00000000,0
9853.81666667,0.00002672,0.00002489,5
9853.85833333,0.00004487,0.00002127,2
9854.09166667,0.00004032,0.00000000,0
9855.00833333,0.00002203,0.00000000,0
9855.41666667,0.00000000,0.00002663,1
9856.31666667,0.00003721,0.00000000,0
9856.95000000,0.00002604,0.00001418,3
9857.05833333,0.00003485,0.00000000,0
9857.79166667,0.00002397,0.00001539,3
9860.00000000,0.00031727,0.00024180,5
9862.30000000,0.00003177,0.00000000,0
9863.01666667,0.00004515,0.00003265,3
9863.28333333,0.00003256,0.00001757,3
9865.00000000,0.00012510,0.00006809,3
9865.47500000,0.00004827,0.00001301,4
9866.08333333,0.00007037,0.00000000,0
9866.20833333,0.00010591,0.00000000,0
9866.24166667,0.00012929,0.00000000,0
9868.67500000,0.00013943,0.00009787,3
9868.79166667,0.00033859,0.00045452,6
9869.75833333,0.00005919,0.00033831,9
9869.77500000,0.00006221,0.00032611,9
9870.00000000,0.00008771,0.00009836,6
9870.22500000,0.00004231,0.00001484,2
9870.23333333,0.00004257,0.00001434,2
9870.76666667,0.00011322,0.00000000,0
9871.50000000,0.00005460,0.00001415,4
9871.53333333,0.00006234,0.00001207,4
9872.45833333,0.00003585,0.00000000,0
9873.04166667,0.00000000,0.00001485,1
9875.00000000,0.00047726,0.00012031,4
9876.81666667,0.00000000,0.00001275,1
9880.00000000,0.00037117,0.00017378,2
9883.04166667,0.00141450,0.00052803,2
9885.00000000,0.00012197,0.00008341,3
9885.35833333,0.00005236,0.00000000,0
9887.87500000,0.00002456,0.00000000,0
9889.27500000,0.00002581,0.00003275,6
9889.59166667,0.00000000,0.00001628,1
9890.00000000,0.00031501,0.00006696,4
9891.50833333,0.00021246,0.00008936,2
9891.67500000,0.00006212,0.00000000,0
9892.30833333,0.00002172,0.00000000,0
9893.14166667,0.00004145,0.00003826,5
9893.30833333,0.01053290,0.00425540,2
9895.00833333,0.00002021,0.00000000,0
9895.12500000,0.00002526,0.00000000,0
9895.52500000,0.00003900,0.00000000,0
9896.60833333,0.00464769,0.00166941,2
9897.10000000,0.00002366,0.00000000,0
9898.16666667,0.00002317,0.00003803,7
9898.17500000,0.00002361,0.00003772,7
9898.40833333,0.00075923,0.00028755,2
9898.75000000,0.00005759,0.00003214,3
9900.00000000,0.00140398,0.00030871,4
9900.20833333,0.00002004,0.00001939,5
9902.75000000,0.00002414,0.00001513,3
9903.68333333,0.00000000,0.00003400,1
9903.82500000,0.00006761,0.00000000,0
9905.00000000,0.00011982,0.00006456,3
9905.52500000,0.00000000,0.00001755,1
9909.44166667,0.00008894,0.00000000,0
9910.00000000,0.00038268,0.00005119,0
9910.15000000,0.00002178,0.00000000,0
9914.09166667,0.00003197,0.00000000,0
9917.48333333,0.00018133,0.00001852,0
9918.46666667,0.00000000,0.00001672,1
9919.23333333,0.00021725,0.00012386,3
9919.35000000,0.00008953,0.00008660,5
9920.00000000,0.00023436,0.00016789,3
9922.05000000,0.00004770,0.00001404,4
9924.25000000,0.00003264,0.00000000,0
9924.28333333,0.00004155,0.00000000,0
9925.00000000,0.00005365,0.00007575,6
9930.00000000,0.00038892,0.00018223,2
9930.90833333,0.00004135,0.00000000,0
9933.64166667,0.00003579,0.00000000,0
9934.70833333,0.00020824,0.00016975,5
9935.00000000,0.00000000,0.00001438,1
9936.51666667,0.00002649,0.00000000,0
9936.62500000,0.00000000,0.00001165,1
9938.09166667,0.00000000,0.00001865,1
9939.05000000,0.00002167,0.00000000,0
9939.29166667,0.00005438,0.00001284,4
9939.56666667,0.00007801,0.00003268,2
9939.58333333,0.00007260,0.00002835,2
9940.00000000,0.00033288,0.00019726,3
9940.54166667,0.00002671,0.00000000,0
9941.02500000,0.00002594,0.00000000,0
9944.20833333,0.00003932,0.00000000,0
9945.00000000,0.00012224,0.00008002,3
9948.40000000,0.00003177,0.00000000,0
9948.87500000,0.00002280,0.00000000,0
9950.00000000,0.00035142,0.00072194,7
9952.55000000,0.00003026,0.00000000,0
9952.68333333,0.00009943,0.00000000,0
9955.00833333,0.00000000,0.00001643,1
9958.75833333,0.00004364,0.00000000,0
9960.00000000,0.00029229,0.00017614,3
9960.80833333,0.00000000,0.00001414,1
9960.94166667,0.00029626,0.00016858,3
9961.44166667,0.00002189,0.00000000,0
9961.60000000,0.00000000,0.00001890,1
9962.11666667,0.00003354,0.00000000,0
9962.14166667,0.00003779,0.00000000,0
9962.22500000,0.00002222,0.00000000,0
9962.95000000,0.00003801,0.00001663,2
9965.00833333,0.00011906,0.00008240,3
9966.10000000,0.00000000,0.00001427,1
9967.75000000,0.00003542,0.00001304,2
9967.77500000,0.00004225,0.00001431,2
9968.55000000,0.00007748,0.00000000,0
9970.00000000,0.00042533,0.00021247,2
9974.80833333,0.00002567,0.00001158,2
9975.00000000,0.00006056,0.00002187,2
9976.82500000,0.00002707,0.00000000,0
9976.93333333,0.00000000,0.00001286,1
9977.87500000,0.00002454,0.00000000,0
9978.20833333,0.00005342,0.00002844,3
9978.87500000,0.00002810,0.00000000,0
9978.99166667,0.00010341,0.00000000,0
9980.00000000,0.00029602,0.00024072,5
9980.18333333,0.00006057,0.00002088,2
9982.62500000,0.00000000,0.00001408,1
9982.68333333,0.00000000,0.00001177,1
9983.55833333,0.00274553,0.00120392,2
9983.57500000,0.00285867,0.00116748,2
9984.34166667,0.00000000,0.00001472,1
9984.39166667,0.00003742,0.00000000,0
9984.76666667,0.00003435,0.00002059,3
9984.78333333,0.00003952,0.00001649,2
9984.85000000,0.00002179,0.00002777,6
9984.90833333,0.00005152,0.00001459,4
9984.95000000,0.00005654,0.00002702,2
9985.02500000,0.00009542,0.00002412,4
9985.05833333,0.00002374,0.00004576,7
9985.10000000,0.00003800,0.00001815,2
9985.15833333,0.00005582,0.00003055,3
9985.18333333,0.00005265,0.00003623,3
9985.43333333,0.20464162,0.10402306,2
9985.64166667,0.00021170,0.00010668,2
9985.76666667,0.00006504,0.00003719,3
9985.77500000,0.00006324,0.00003743,3
9985.85833333,0.00003054,0.00002302,3
9985.88333333,0.00003029,0.00001904,3
9985.96666667,0.00002181,0.00000000,0
9986.00833333,0.00002137,0.00002671,6
9986.10000000,0.00000000,0.00001606,1
9986.27500000,0.00000000,0.00001395,1
9988.74166667,0.00180286,0.00091459,2
9990.00000000,0.00046896,0.00018145,2
9991.35833333,0.00004772,0.00000000,0
9991.86666667,0.00003937,0.00000000,0
9994.99166667,0.00000000,0.00001804,1
9995.61666667,0.00024378,0.00008850,2
9997.60833333,0.00003479,0.00000000,0
10000.00000000,0.00061370,0.00166942,8
10002.40000000,0.00000000,0.00001806,1
10004.75833333,0.00004938,0.00002256,2
10004.77500000,0.00005108,0.00002426,2
10005.00000000,0.00010080,0.00007198,3
10005.32500000,0.00004178,0.00000000,0
10006.43333333,0.00000000,0.00001889,1
10008.87500000,0.00003054,0.00002398,5
10010.00000000,0.00045099,0.00021030,2
10010.87500000,0.00000000,0.00005852,1
10011.50000000,0.00003178,0.00000000,0
10016.60000000,0.00002317,0.00000000,0
10017.28333333,0.00007407,0.00000000,0
10020.00000000,0.00013329,0.00003608,4
10020.16666667,0.00004039,0.00004381,6
10024.80000000,0.00010884,0.00005754,10
10024.90000000,0.00015815,0.00005893,2
10025.01666667,0.00004825,0.00007829,7
10028.68333333,0.00005785,0.00000000,0
10030.00000000,0.00034627,0.00023383,3
10032.20833333,0.00006248,0.00001833,4
10034.95833333,0.00000000,0.00002211,1
10035.30000000,0.00019045,0.00005384,4
10037.08333333,0.00002562,0.00000000,0
10040.00000000,0.00019770,0.00009914,2
10040.99166667,0.00005792,0.00000000,0
10041.76666667,0.00108576,0.00020103,4
10042.61666667,0.00020342,0.00008747,2
10043.72500000,0.00052351,0.00019338,2
10043.98333333,0.00003195,0.00000000,0
10044.12500000,0.00014683,0.00007341,2
10044.14166667,0.00014364,0.00006998,2
10044.45000000,0.00026667,0.00006153,4
10045.01666667,0.00003530,0.00001281,2
10048.82500000,0.00015564,0.00006109,2
10048.84166667,0.00015129,0.00006264,2
10050.00000000,0.00055105,0.00031020,3
10050.50000000,0.00007608,0.00000000,0
10053.97500000,0.00003068,0.00000000,0
10054.73333333,0.00000000,0.00001337,1
10055.11666667,0.00000000,0.00001519,1
10057.30000000,0.00007512,0.00007559,5
10057.36666667,0.00020320,0.00018544,5
10057.60000000,0.00011103,0.00000000,0
10057.70000000,0.00002073,0.00000000,0
10058.09166667,0.00004040,0.00000000,0
10059.53333333,0.00000000,0.00010524,1
10060.00000000,0.00021935,0.00003597,4
10061.90833333,0.00008705,0.00000000,0
10061.94166667,0.00010356,0.00000000,0
10063.25833333,0.00003138,0.00000000,0
10063.40833333,0.00003152,0.00000000,0
10063.44166667,0.00002667,0.00000000,0
10064.20833333,0.00056026,0.00021781,2
10064.71666667,0.00002916,0.00000000,0
10065.00833333,0.00004424,0.00003586,5
10065.46666667,0.00002218,0.00001476,3
10065.49166667,0.00000000,0.00001227,1
10065.67500000,0.00026039,0.00008795,2
10065.78333333,0.00002198,0.00001191,3
10068.75833333,0.00003908,0.00002715,3
10068.77500000,0.00003785,0.00002827,3
10070.00000000,0.00036977,0.00021959,3
10072.54166667,0.00002453,0.00000000,0
10073.51666667,0.00003116,0.00006126,7
10073.72500000,0.01712843,0.00020636,0
10073.77500000,0.01133064,0.00013328,0
10073.92500000,0.00002132,0.00000000,0
10074.26666667,0.00000000,0.00001332,1
10074.62500000,0.00007553,0.00006159,5
10074.63333333,0.00007413,0.00006071,5
10075.00000000,0.00014080,0.00006838,2
10076.10833333,0.00026375,0.00004251,0
10078.10833333,0.00000000,0.00001491,1
10078.13333333,0.00000000,0.00001275,1
10079.42500000,0.00003406,0.00000000,0
10079.76666667,0.00004314,0.00000000,0
10080.00000000,0.00017556,0.00000000,0
10080.85000000,0.00004168,0.00000000,0
10081.00000000,0.00000000,0.00001586,1
10081.11666667,0.00000000,0.00001258,1
10083.40833333,0.00003022,0.00000000,0
10085.00000000,0.00002864,0.00003584,6
10086.82500000,0.00004723,0.00002377,2
10086.85833333,0.00005587,0.00002765,2
10088.36666667,0.00005159,0.00001791,2
10088.38333333,0.00005279,0.00001681,4
10090.00000000,0.00037821,0.00023032,3
10090.65833333,0.00003299,0.00000000,0
10091.22500000,0.00003856,0.00000000,0
10092.78333333,0.00002696,0.00000000,0
10093.04166667,0.00000000,0.00001244,1
10093.24166667,0.00000000,0.00001276,1
10093.44166667,0.00002562,0.00001222,2
10093.60000000,0.00003079,0.00000000,0
10093.71666667,0.00006109,0.00001747,4
10093.80833333,0.00007177,0.00002878,2
10094.08333333,0.23543621,0.08137284,2
10094.28333333,0.00028033,0.00009526,2
10094.42500000,0.00005381,0.00002447,2
10094.49166667,0.00004450,0.00001352,4
10094.55833333,0.00003088,0.00001467,2
10094.58333333,0.00003784,0.00000000,0
10094.66666667,0.00003906,0.00001559,2
10094.75833333,0.00002895,0.00000000,0
10094.95000000,0.00002452,0.00000000,0
10095.25000000,0.00000000,0.00001390,1
10095.37500000,0.00004761,0.00001347,4
10095.56666667,0.00072126,0.00036954,2
10095.57500000,0.00072819,0.00036844,2
10096.23333333,0.00002876,0.00000000,0
10096.35000000,0.00017237,0.00011875,3
10096.47500000,0.00142704,0.00061764,2
10096.65833333,0.00002110,0.00004623,8
10096.71666667,0.00009108,0.00003279,2
10096.90000000,0.02415978,0.00814467,2
10097.09166667,0.00007744,0.00004187,3
10097.15000000,0.00008049,0.00001818,4
10097.32500000,0.00003007,0.00001396,2
10097.34166667,0.00003266,0.00001284,2
10098.11666667,0.00010499,0.00005835,3
10099.21666667,0.00103399,0.00114590,6
10099.34166667,0.00012831,0.00017972,6
10099.69166667,0.00002610,0.00000000,0
10100.00000000,0.00074512,0.00072266,5
10100.60000000,0.00104843,0.00027836,4
10101.20833333,0.00002502,0.00001480,3
10101.24166667,0.00006920,0.00002033,4
10101.41666667,0.01034883,0.00208310,4
10101.61666667,0.00002222,0.00000000,0
10102.16666667,0.00003689,0.00001620,2
10102.17500000,0.00003777,0.00001563,2
10102.78333333,0.00002657,0.00000000,0
10107.22500000,0.00004231,0.00001916,2
10107.46666667,0.00002555,0.00000000,0
10109.01666667,0.00054568,0.00011522,4
10110.00000000,0.00045200,0.00027144,3
10111.57500000,0.00042201,0.00001593,0
10113.38333333,0.00003684,0.00001163,4
10114.20833333,0.00005826,0.00000000,0
10118.82500000,0.00092720,0.00023808,4
10120.00000000,0.00014432,0.00005219,2
10121.42500000,0.00002326,0.00000000,0
10123.39166667,0.00004213,0.00000000,0
10123.55833333,0.00003030,0.00000000,0
10124.47500000,0.00004637,0.00000000,0
10125.00000000,0.00012071,0.00036257,8
10125.18333333,0.00000000,0.00001193,1
10128.10833333,0.00003471,0.00004927,6
10128.15833333,0.00004515,0.00003910,5
10128.19166667,0.00003875,0.00003932,5
10130.00000000,0.00047716,0.00021537,2
10131.21666667,0.00004333,0.00000000,0
10131.57500000,0.00000000,0.00001273,1
10136.85000000,0.00020610,0.00000000,0
10137.01666667,0.00615169,0.00022632,0
10138.51666667,0.00008776,0.00002808,4
10138.53333333,0.00009020,0.00002674,4
10138.90000000,0.00251463,0.00101472,2
10140.00000000,0.00013687,0.00002739,4
10140.20000000,0.00005010,0.00000000,0
10140.26666667,0.00002367,0.00000000,0
10144.31666667,0.00003382,0.00000000,0
10145.00000000,0.00000000,0.00001443,1
10145.88333333,0.00006667,0.00001817,4
10146.12500000,0.00003525,0.00000000,0
10146.48333333,0.00000000,0.00001154,1
10150.00000000,0.00077078,0.00188761,8
10155.15000000,0.00212368,0.00056575,4
10156.25000000,0.00022517,0.00016341,3
10159.31666667,0.00002651,0.00000000,0
10160.00000000,0.00013508,0.00002701,4
10161.66666667,0.00005590,0.00000000,0
10161.67500000,0.00005501,0.00000000,0
10165.83333333,0.00002726,0.00000000,0
10170.00000000,0.00059327,0.00029287,2
10172.75000000,0.00002375,0.00000000,0
10172.95000000,0.00002721,0.00000000,0
10174.23333333,0.00005640,0.00000000,0
10175.00000000,0.00003614,0.00012295,8
10176.76666667,0.00000000,0.00001182,1
10178.20833333,0.00004705,0.00012167,8
10179.31666667,0.00002827,0.00001385,2
10180.00000000,0.00003266,0.00018312,9
10180.73333333,0.00063209,0.00001896,0
10181.73333333,0.00002493,0.00000000,0
10185.55000000,0.00000000,0.00001194,1
10186.61666667,0.00000000,0.00002112,1
10190.00000000,0.00052248,0.00047753,5
10191.82500000,0.00003867,0.00000000,0
10193.01666667,0.00011807,0.00000000,0
10195.40833333,0.00000000,0.00002185,1
10196.22500000,0.00002925,0.00002005,3
10196.25833333,0.00003717,0.00001805,2
10196.98333333,0.00004549,0.00005451,6
10197.05000000,0.00004315,0.00004829,6
10198.17500000,0.00003256,0.00000000,0
10198.30000000,0.00004878,0.00000000,0
10198.96666667,0.00032318,0.00001344,0
10199.06666667,0.00062591,0.00001197,0
10199.10000000,0.00080214,0.00001166,0
10199.15833333,0.00049815,0.00000000,0
10200.00000000,0.00081491,0.00065909,5
10200.37500000,0.00056616,0.00102576,7
10200.59166667,0.00002723,0.00005000,7
10200.76666667,0.00003471,0.00000000,0
10202.72500000,0.00004414,0.00000000,0
10203.86666667,0.00002952,0.00000000,0
10207.98333333,0.00000000,0.00001533,1
10208.79166667,0.00003493,0.00000000,0
10208.89166667,0.00002369,0.00001614,3
10208.95833333,0.00000000,0.00001833,1
10208.99166667,0.00002104,0.00002156,5
10209.28333333,0.08987712,0.06855083,5
10209.49166667,0.00009216,0.00007368,5
10209.56666667,0.00002377,0.00002750,6
10209.62500000,0.00002918,0.00001851,3
10209.70833333,0.00000000,0.00001794,1
10209.78333333,0.00000000,0.00001185,1
10210.00000000,0.00058826,0.00050246,5
10213.79166667,0.00003077,0.00018549,9
10218.35000000,0.00003463,0.00000000,0
10219.12500000,0.00004124,0.00002311,3
10219.13333333,0.00004019,0.00002314,3
10219.71666667,0.00002026,0.00000000,0
10220.00000000,0.00009443,0.00018640,7
10221.41666667,0.00002966,0.00000000,0
10225.00000000,0.00006442,0.00006953,6
10226.72500000,0.00000000,0.00001549,1
10228.61666667,0.00002978,0.00000000,0
10228.64166667,0.00003199,0.00000000,0
10230.00000000,0.00065870,0.00051484,5
10231.42500000,0.00010132,0.00000000,0
10231.47500000,0.00016492,0.00000000,0
10231.53333333,0.00008294,0.00000000,0
10232.82500000,0.00033584,0.00000000,0
10233.25833333,0.00010499,0.00000000,0
10233.35833333,0.00011937,0.00000000,0
10234.36666667,0.00000000,0.00001833,1
10234.38333333,0.00000000,0.00001712,1
10236.62500000,0.00002576,0.00000000,0
10239.30833333,0.00005252,0.00000000,0
10239.98333333,0.00009362,0.00004707,2
10241.46666667,0.00003201,0.00000000,0
10244.99166667,0.00003095,0.00002431,5
10250.00000000,0.00050961,0.00061423,6
10250.92500000,0.00021884,0.00003647,4
10252.91666667,0.00000000,0.00001580,1
10253.99166667,0.00002208,0.00000000,0
10254.52500000,0.00002553,0.00000000,0
10254.53333333,0.00002505,0.00000000,0
10256.29166667,0.00006914,0.00000000,0
10257.34166667,0.00000000,0.00002316,1
10258.35833333,0.00003790,0.00000000,0
10260.00000000,0.00010576,0.00011718,6
10262.33333333,0.00000000,0.00003088,1
10264.99166667,0.00002500,0.00003145,6
10265.95833333,0.00005637,0.00000000,0
10270.00000000,0.00074431,0.00083369,6
10270.62500000,0.00011192,0.00001618,0
10270.63333333,0.00011203,0.00001628,0
10271.46666667,0.00009078,0.00000000,0
10275.00000000,0.00005598,0.00000000,0
10275.52500000,0.00000000,0.00002183,1
10276.83333333,0.00002759,0.00000000,0
10278.05000000,0.00007505,0.00002035,4
10278.21666667,0.00159768,0.00041864,4
10278.74166667,0.00002828,0.00000000,0
10278.98333333,0.00002116,0.00000000,0
10280.00000000,0.00016288,0.00011263,3
10283.96666667,0.00244360,0.00093437,2
10283.97500000,0.00242082,0.00091834,2
10284.99166667,0.00000000,0.00002440,1
10286.69166667,0.00000000,0.00001866,1
10290.00000000,0.00079898,0.00085224,6
10291.46666667,0.00003305,0.00000000,0
10293.91666667,0.00002232,0.00000000,0
10294.05000000,0.00002012,0.00000000,0
10299.30833333,0.00002927,0.00000000,0
10300.00000000,0.00066689,0.00095757,6
10301.28333333,0.00004433,0.00000000,0
10304.83333333,0.00000000,0.00001713,1
10304.90833333,0.00000000,0.00001967,1
10305.00000000,0.00002675,0.00000000,0
10309.07500000,0.00007763,0.00000000,0
10310.00000000,0.00077253,0.00088369,6
10312.26666667,0.00002309,0.00000000,0
10313.00833333,0.00005299,0.00004975,5
10314.50000000,0.00000000,0.00002045,1
10317.95833333,0.00001998,0.00000000,0
10319.29166667,0.00046620,0.00001433,0
10319.66666667,0.00004546,0.00000000,0
10320.00000000,0.00011877,0.00013409,6
10321.23333333,0.00009781,0.00000000,0
10323.19166667,0.00000000,0.00001500,1
10325.00000000,0.00007067,0.00002686,2
10327.15833333,0.00002307,0.00000000,0
10328.20833333,0.00004697,0.00000000,0
10330.00000000,0.00074729,0.00098138,6
10331.79166667,0.00006231,0.00000000,0
10332.58333333,0.00009236,0.00000000,0
10333.80000000,0.00004315,0.00000000,0
10334.64166667,0.00000000,0.00001437,1
10336.17500000,0.00111630,0.00061588,3
10336.45833333,0.00007568,0.00001427,4
10336.48333333,0.00007878,0.00001353,4
10338.85833333,0.00000000,0.00002016,1
10340.00000000,0.00013132,0.00013724,5
10345.00000000,0.00005904,0.00006204,5
10346.79166667,0.00002433,0.00000000,0
10348.70000000,0.00000000,0.00002841,1
10350.00000000,0.00077364,0.00100566,6
10350.13333333,0.00003922,0.00000000,0
10350.90000000,0.00008110,0.00000000,0
10351.56666667,0.00005675,0.00006637,6
10353.26666667,0.00008360,0.00000000,0
10353.30000000,0.00009750,0.00000000,0
10353.39166667,0.00002808,0.00000000,0
10354.96666667,0.00002868,0.00000000,0
10355.00833333,0.00004291,0.00000000,0
10357.99166667,0.00002381,0.00000000,0
10360.00000000,0.00010955,0.00011707,6
10361.85833333,0.00000000,0.00001390,1
10362.22500000,0.00000000,0.00001419,1
10365.00000000,0.00007589,0.00010931,6
10365.78333333,0.00043376,0.00019105,2
10367.25833333,0.00002115,0.00000000,0
10367.40000000,0.00001994,0.00000000,0
10367.52500000,0.00003956,0.00000000,0
10370.00000000,0.00066890,0.00095093,6
10370.26666667,0.00006145,0.00001917,4
10370.29166667,0.00005622,0.00001851,2
10373.51666667,0.00339833,0.00000000,0
10373.55833333,0.00428955,0.00001975,0
10373.58333333,0.00408713,0.00002324,0
10375.00000000,0.00005850,0.00002693,2
10375.60000000,0.00003681,0.00000000,0
10380.00000000,0.00006695,0.00015772,8
10380.44166667,0.00000000,0.00001747,1
10385.00000000,0.00008275,0.00011677,6
10385.32500000,0.00004787,0.00000000,0
10385.33333333,0.00004847,0.00000000,0
10386.07500000,0.00000000,0.00002310,1
10386.33333333,0.00009321,0.00002553,4
10386.37500000,0.00011801,0.00001400,0
10386.44166667,0.00005904,0.00002624,2
10389.35000000,0.00004582,0.00000000,0
10390.00000000,0.00057973,0.00090830,7
10390.62500000,0.00002634,0.00002732,5
10392.72500000,0.00002330,0.00000000,0
10394.00833333,0.00020165,0.00014447,3
10396.80833333,0.00000000,0.00003175,1
10398.05000000,0.00000000,0.00001858,1
10400.00000000,0.00059178,0.00091596,7
10400.39166667,0.00002481,0.00001494,3
10402.03333333,0.00003225,0.00000000,0
10404.73333333,0.00004238,0.00000000,0
10404.77500000,0.00005548,0.00000000,0
10404.85000000,0.00002264,0.00000000,0
10405.00000000,0.00007776,0.00010817,6
10409.42500000,0.00003864,0.00000000,0
10410.00000000,0.00048990,0.00078110,7
10412.52500000,0.00010012,0.00000000,0
10415.00833333,0.00000000,0.00001850,1
10418.25000000,0.00012003,0.00000000,0
10420.00000000,0.00004069,0.00014320,8
10422.44166667,0.00002169,0.00000000,0
10422.54166667,0.00000000,0.00001712,1
10425.00000000,0.00005424,0.00011950,8
10426.65000000,0.00000000,0.00004116,1
10428.67500000,0.00002812,0.00000000,0
10430.00000000,0.00037102,0.00073842,7
10433.85000000,0.00002886,0.00000000,0
10433.87500000,0.00002412,0.00000000,0
10436.29166667,0.00000000,0.00001202,1
10439.44166667,0.00003009,0.00001734,3
10440.00000000,0.00004355,0.00011834,8
10442.62500000,0.00003834,0.00000000,0
10442.63333333,0.00003817,0.00000000,0
10444.99166667,0.00000000,0.00003196,1
10449.20000000,0.00004623,0.00001570,2
10450.00000000,0.00031489,0.00061019,7
10451.19166667,0.00003263,0.00000000,0
10451.25000000,0.00002119,0.00000000,0
10452.22500000,0.00006429,0.00001773,4
10453.41666667,0.00006522,0.00000000,0
10456.77500000,0.00005582,0.00000000,0
10457.51666667,0.00000000,0.00001522,1
10460.00000000,0.00005325,0.00009294,7
10462.68333333,0.00003129,0.00000000,0
10463.61666667,0.00012277,0.00012817,5
10465.00000000,0.00000000,0.00004681,1
10470.00000000,0.00021423,0.00057489,8
10474.87500000,0.00005679,0.00000000,0
10475.00000000,0.00000000,0.00005800,1
10475.09166667,0.00003650,0.00000000,0
10475.59166667,0.00000000,0.00001739,1
10477.27500000,0.00037874,0.00000000,0
10477.42500000,0.00183692,0.00002626,0
10477.43333333,0.00188288,0.00002583,0
10477.50000000,0.00123145,0.00002020,0
10480.00000000,0.00003409,0.00018350,9
10484.51666667,0.00002186,0.00000000,0
10485.00000000,0.00000000,0.00006001,1
10485.20833333,0.00002255,0.00000000,0
10485.23333333,0.00002533,0.00000000,0
10486.76666667,0.00000000,0.00001391,1
10489.47500000,0.00020667,0.00000000,0
10490.00000000,0.00022570,0.00054729,8
10490.39166667,0.00003441,0.00002488,3
10493.40000000,0.00002469,0.00000000,0
10494.40833333,0.00002075,0.00001315,3
10498.28333333,0.00010234,0.00009461,5
10498.74166667,0.00008657,0.00009373,6
10500.00000000,0.00030874,0.00129047,9
10501.16666667,0.00000000,0.00001390,1
10501.34166667,0.00544163,0.00236876,2
10505.00000000,0.00003190,0.00007964,8
10505.42500000,0.00002669,0.00000000,0
10506.12500000,0.00003701,0.00000000,0
10510.00000000,0.00025822,0.00067283,8
10514.15000000,0.00022372,0.00006793,4
10520.00000000,0.00003322,0.00017311,9
10525.00000000,0.00005642,0.00030556,9
10525.35000000,0.00002088,0.00000000,0
10527.89166667,0.00000000,0.00001697,1
10530.00000000,0.00026927,0.00070623,8
10530.51666667,0.00004648,0.00001783,2
10532.53333333,0.00002111,0.00000000,0
10540.00000000,0.00002451,0.00011509,9
10540.92500000,0.00003195,0.00008916,8
10540.94166667,0.00002951,0.00009448,8
10541.00833333,0.00003138,0.00004739,7
10541.99166667,0.00006398,0.00020991,8
10543.75000000,0.00000000,0.00003205,1
10544.01666667,0.00002170,0.00000000,0
10545.00000000,0.00002388,0.00008234,8
10546.87500000,0.00000000,0.00001742,1
10549.29166667,0.00001990,0.00000000,0
10549.51666667,0.00002739,0.00000000,0
10550.00000000,0.00019216,0.00043415,8
10550.43333333,0.00003518,0.00000000,0
10555.36666667,0.00004184,0.00000000,0
10555.98333333,0.00003258,0.00000000,0
10556.20000000,0.00002211,0.00000000,0
10557.55000000,0.00002974,0.00002630,5
10558.65833333,0.00005241,0.00001586,4
10558.67500000,0.00005057,0.00001630,4
10560.00000000,0.00002882,0.00012419,9
10564.99166667,0.00000000,0.00004332,1
10567.31666667,0.00004582,0.00000000,0
10567.33333333,0.00004776,0.00001413,4
10569.03333333,0.00000000,0.00020177,1
10570.00000000,0.00021355,0.00074482,8
10570.76666667,0.00000000,0.00002923,1
10573.45833333,0.00002097,0.00000000,0
10573.48333333,0.00002319,0.00000000,0
10574.54166667,0.00002163,0.00000000,0
10575.00000000,0.00000000,0.00002329,1
10575.98333333,0.00005387,0.00009046,7
10576.52500000,0.00003751,0.00002131,3
10576.55833333,0.00003789,0.00001375,2
10578.54166667,0.00002334,0.00000000,0
10580.00000000,0.00000000,0.00011298,1
10585.00000000,0.00000000,0.00006839,1
10587.81666667,0.00002110,0.00000000,0
10590.00000000,0.00017642,0.00070013,9
10595.70000000,0.00002791,0.00001740,3
10595.89166667,0.00000000,0.00001578,1
10596.15833333,0.00000000,0.00001695,1
10598.33333333,0.00002023,0.00000000,0
10598.45000000,0.00003608,0.00000000,0
10598.71666667,0.00000000,0.00001158,1
10600.00000000,0.00007015,0.00018171,8
10601.70000000,0.00012190,0.00000000,0
10605.00000000,0.00000000,0.00005682,1
10610.00000000,0.00012863,0.00067158,9
10610.97500000,0.00007147,0.00001704,4
10611.15833333,0.00004338,0.00000000,0
10614.60833333,0.00166661,0.00131929,5
10614.79166667,0.00003456,0.00001901,3
10616.23333333,0.00008861,0.00001808,4
10618.18333333,0.00005331,0.00006264,6
10620.00000000,0.00000000,0.00013655,1
10620.11666667,0.00002008,0.00000000,0
10620.14166667,0.00000000,0.00001213,1
10624.41666667,0.00017409,0.00005043,4
10625.00000000,0.00011452,0.00034882,8
10628.09166667,0.00035536,0.00015992,2
10629.71666667,0.00002353,0.00000000,0
10630.00000000,0.00010877,0.00063458,9
10631.02500000,0.00003519,0.00000000,0
10631.22500000,0.00014507,0.00000000,0
10631.30833333,0.00013643,0.00000000,0
10632.01666667,0.00003559,0.00000000,0
10633.27500000,0.00000000,0.00002295,1
10633.91666667,0.00004917,0.00000000,0
10634.64166667,0.00007080,0.00002792,2
10635.62500000,0.00007158,0.00003168,2
10635.64166667,0.00006927,0.00003265,2
10637.18333333,0.00004978,0.00001587,4
10639.68333333,0.00015598,0.00013426,5
10640.00000000,0.00000000,0.00007708,1
10642.49166667,0.00002355,0.00000000,0
10644.45000000,0.00004874,0.00000000,0
10644.64166667,0.00284188,0.00136718,2
10644.99166667,0.00000000,0.00003516,1
10647.47500000,0.00003703,0.00000000,0
10650.00000000,0.00006964,0.00097308,1
10656.93333333,0.00013489,0.00000000,0
10658.00000000,0.00003349,0.00003505,5
10660.00000000,0.00000000,0.00007989,1
10660.26666667,0.00002285,0.00000000,0
10662.05000000,0.00017226,0.00013906,5
10662.56666667,0.00003972,0.00000000,0
10662.60000000,0.00004707,0.00000000,0
10662.91666667,0.00004840,0.00000000,0
10664.99166667,0.00000000,0.00005610,1
10669.70000000,0.00008700,0.00000000,0
10669.80000000,0.00010704,0.00000000,0
10670.00000000,0.00005864,0.00064707,1
10673.70000000,0.00002215,0.00001468,3
10675.00000000,0.00000000,0.00006655,1
10677.66666667,0.00002517,0.00001266,2
10677.70833333,0.00001990,0.00001954,5
10679.25833333,0.00038488,0.00044216,6
10679.80000000,0.00000000,0.00001178,1
10680.00000000,0.00000000,0.00009943,1
10683.95833333,0.00003272,0.00003286,5
10683.99166667,0.00003805,0.00003291,5
10684.03333333,0.00003284,0.00003852,6
10685.00000000,0.00000000,0.00006852,1
10690.00000000,0.00008001,0.00065031,1
10691.35833333,0.01065152,0.00288739,4
10691.70000000,0.00005446,0.00000000,0
10691.95000000,0.00004075,0.00000000,0
10692.41666667,0.00037025,0.00000000,0
10693.35833333,0.00002679,0.00002038,5
10697.00833333,0.00000000,0.00020677,1
10697.29166667,0.00261508,0.00327893,6
10698.08333333,0.00009006,0.00008963,5
10699.90000000,0.00013314,0.00016981,6
10700.00000000,0.00009003,0.00089814,1
10700.95833333,0.00000000,0.00002048,1
10700.98333333,0.00000000,0.00002371,1
10701.48333333,0.00002302,0.00000000,0
10702.99166667,0.00002071,0.00000000,0
10704.52500000,0.00001977,0.00001429,3
10705.00000000,0.00000000,0.00006896,1
10707.70833333,0.00005659,0.00002477,2
10707.90833333,0.00004339,0.00000000,0
10709.25000000,0.00002489,0.00000000,0
10709.27500000,0.00002897,0.00000000,0
10710.00000000,0.00009025,0.00059141,1
10711.86666667,0.00008285,0.00001990,4
10711.88333333,0.00008495,0.00002040,4
10712.16666667,0.00003519,0.00000000,0
10712.90833333,0.00006248,0.00002621,2
10715.00833333,0.00000000,0.00001748,1
10715.70833333,0.00002296,0.00000000,0
10717.19166667,0.00010326,0.00000000,0
10717.67500000,0.00002425,0.00000000,0
10717.82500000,0.00004657,0.00000000,0
10719.03333333,0.00002524,0.00000000,0
10720.00000000,0.00000000,0.00008817,1
10725.00000000,0.00002668,0.00011352,9
10730.00000000,0.00007623,0.00055322,1
10730.68333333,0.00003403,0.00000000,0
10734.72500000,0.00002019,0.00000000,0
10734.74166667,0.00002214,0.00000000,0
10735.46666667,0.00002377,0.00000000,0
10735.48333333,0.00002508,0.00000000,0
10735.61666667,0.00000000,0.00003498,1
10738.20000000,0.00006498,0.00000000,0
10740.00833333,0.00000000,0.00005567,1
10741.90000000,0.00004747,0.00004383,5
10742.19166667,0.00000000,0.00002478,1
10744.37500000,0.00031878,0.00029037,5
10745.00000000,0.00000000,0.00005669,1
10750.00000000,0.00019064,0.00061147,8
10760.00000000,0.00000000,0.00008124,1
10765.00000000,0.00000000,0.00004950,1
10769.25833333,0.00024966,0.00006623,4
10770.00000000,0.00009316,0.00043211,9
10771.60833333,0.00003503,0.00000000,0
10773.35000000,0.00019939,0.00015170,5
10773.55000000,0.00175400,0.00155317,5
10773.72500000,0.00006372,0.00000000,0
10774.37500000,0.00004132,0.00000000,0
10775.00000000,0.00003073,0.00003106,5
10777.14166667,0.00055003,0.00073717,6
10779.50833333,0.00000000,0.00007406,1
10779.83333333,0.00002229,0.00000000,0
10780.00000000,0.00002812,0.00007172,8
10782.50833333,0.00065094,0.00086248,6
10784.40000000,0.00002830,0.00000000,0
10785.00000000,0.00000000,0.00001926,1
10790.00000000,0.00009314,0.00035766,9
10792.39166667,0.00003903,0.00000000,0
10793.80833333,0.00000000,0.00002124,1
10794.66666667,0.00004924,0.00001436,4
10794.67500000,0.00004662,0.00001425,4
10795.50000000,0.00003803,0.00000000,0
10795.64166667,0.00031930,0.00000000,0
10795.80833333,0.00005149,0.00001808,2
10795.83333333,0.00005967,0.00002301,2
10800.00000000,0.00033669,0.00142227,9
10802.90833333,0.00142976,0.00004712,0
10805.00000000,0.00000000,0.00001714,1
10806.96666667,0.00005005,0.00003352,3
10806.98333333,0.00005419,0.00003443,3
10808.40000000,0.00005872,0.00000000,0
10810.00000000,0.00014377,0.00035325,8
10810.38333333,0.00000000,0.00001352,1
10813.15000000,0.00002774,0.00001166,2
10813.18333333,0.00002392,0.00001634,3
10814.99166667,0.00000000,0.00001239,1
10815.63333333,0.00006101,0.00000000,0
10815.74166667,0.00004895,0.00000000,0
10816.37500000,0.00046825,0.00002089,0
10817.49166667,0.00003771,0.00001855,2
10820.00000000,0.00002577,0.00011592,9
10825.00000000,0.00000000,0.00007371,1
10830.00000000,0.00018233,0.00038643,7
10836.82500000,0.00020024,0.00006846,2
10838.04166667,0.00029063,0.00000000,0
10838.52500000,0.00068039,0.00000000,0
10838.54166667,0.00072205,0.00000000,0
10840.00000000,0.00004264,0.00006910,7
10844.99166667,0.00000000,0.00002763,1
10850.00000000,0.00037174,0.00087724,8
10850.21666667,0.00009198,0.00000000,0
10851.36666667,0.00005309,0.00000000,0
10851.37500000,0.00005334,0.00000000,0
10851.70833333,0.00000000,0.00001257,1
10853.60000000,0.00002596,0.00000000,0
10860.00000000,0.00005236,0.00006506,6
10863.50000000,0.00000000,0.00001156,1
10864.42500000,0.00038356,0.00145499,9
10864.43333333,0.00039431,0.00144071,9
10864.50000000,0.00034940,0.00165481,9
10864.58333333,0.00019035,0.00058110,8
10864.66666667,0.00020674,0.00119722,9
10864.90000000,0.00007056,0.00000000,0
10865.00833333,0.00000000,0.00003014,1
10867.95833333,0.00036375,0.00004957,0
10868.00833333,0.00029732,0.00005168,4
10870.00000000,0.00057169,0.00054545,5
10870.08333333,0.00016204,0.00013285,5
10872.55000000,0.00002759,0.00000000,0
10872.72500000,0.00002369,0.00000000,0
10874.38333333,0.00000000,0.00004312,1
10874.46666667,0.00000000,0.00003787,1
10874.99166667,0.00006328,0.00018365,8
10880.00000000,0.00006008,0.00008251,6
10883.70833333,0.00002266,0.00002983,6
10883.73333333,0.00002544,0.00003252,6
10884.15833333,0.00000000,0.00003362,1
10884.60833333,0.00000000,0.00001908,1
10884.63333333,0.00000000,0.00002363,1
10884.99166667,0.00000000,0.00003084,1
10885.69166667,0.00000000,0.00001741,1
10890.00000000,0.00039480,0.00071346,7
10893.00000000,0.00000000,0.00006906,1
10896.27500000,0.00011508,0.00000000,0
10900.00000000,0.00011509,0.00035605,8
10901.60833333,0.00002463,0.00000000,0
10902.08333333,0.00014723,0.00000000,0
10904.52500000,0.00004360,0.00008784,7
10904.92500000,0.00002570,0.00004591,7
10904.95833333,0.00002135,0.00005187,8
10905.00833333,0.00000000,0.00003675,1
10905.42500000,0.00006175,0.00012804,7
10906.53333333,0.00000000,0.00002175,1
10909.68333333,0.00000000,0.00001158,1
10910.00000000,0.00046032,0.00074207,7
10912.41666667,0.00000000,0.00001416,1
10912.80833333,0.00000000,0.00001778,1
10915.30833333,0.00032961,0.00049321,7
10915.35833333,0.00032966,0.00036049,6
10915.53333333,0.00004433,0.00000000,0
10918.52500000,0.00055363,0.00004467,0
10919.30000000,0.00074299,0.00048092,3
10919.34166667,0.00088677,0.00039886,2
10919.39166667,0.00064379,0.00058374,5
10919.52500000,0.00084332,0.00038287,2
10919.60833333,0.00052536,0.00026431,2
10919.99166667,0.00006432,0.00000000,0
10922.51666667,0.00002291,0.00000000,0
10924.80833333,0.00002515,0.00000000,0
10924.83333333,0.00002803,0.00000000,0
10925.00000000,0.00003470,0.00002185,3
10930.00000000,0.00052327,0.00080582,7
10937.50000000,0.00076590,0.00021138,4
10940.00000000,0.00004783,0.00008961,7
10942.23333333,0.00003894,0.00000000,0
10942.57500000,0.00002917,0.00000000,0
10945.00833333,0.00000000,0.00002264,1
10947.05000000,0.00000000,0.00001823,1
10947.17500000,0.00000000,0.00004978,1
10948.06666667,0.00027435,0.00000000,0
10950.00000000,0.00039228,0.00043760,6
10959.63333333,0.00002152,0.00001550,3
10960.00000000,0.00002984,0.00012137,9
10961.46666667,0.00006818,0.00000000,0
10961.49166667,0.00007769,0.00000000,0
10961.56666667,0.00003182,0.00000000,0
10961.96666667,0.00019694,0.00000000,0
10962.00000000,0.00024313,0.00000000,0
10962.07500000,0.00011354,0.00000000,0
10965.00000000,0.00000000,0.00002702,1
10969.44166667,0.00000000,0.00001158,1
10970.00000000,0.00058854,0.00073841,6
10975.00000000,0.00002441,0.00011093,9
10980.00000000,0.00004471,0.00007569,7
10981.40000000,0.00008666,0.00000000,0
10985.00000000,0.00002148,0.00003324,7
10990.00000000,0.00056479,0.00065488,6
10991.55000000,0.00009303,0.00002591,4
10995.00000000,0.00000000,0.00001307,1
10998.08333333,0.00002258,0.00000000,0
11000.00000000,0.00077195,0.00114201,7
11001.18333333,0.00002027,0.00000000,0
11003.43333333,0.00006112,0.00011498,7
11003.57500000,0.00000000,0.00001970,1
11005.00000000,0.00000000,0.00002547,1
11006.23333333,0.00003882,0.00000000,0
11008.32500000,0.00002021,0.00001667,5
11008.51666667,0.00002668,0.00000000,0
11010.00000000,0.00055787,0.00059814,6
11011.27500000,0.00003327,0.00001181,2
11011.82500000,0.00005477,0.00001490,4
11012.85833333,0.00005580,0.00002397,2
11015.62500000,0.00000000,0.00001693,1
11015.89166667,0.00000000,0.00001201,1
11016.45000000,0.00002654,0.00000000,0
11017.55833333,0.00004042,0.00002847,3
11020.00000000,0.00000000,0.00017418,1
11025.00000000,0.00005008,0.00008478,7
11025.53333333,0.00002279,0.00001474,3
11025.90000000,0.00002622,0.00000000,0
11030.00000000,0.00055834,0.00051774,5
11030.87500000,0.00007866,0.00000000,0
11039.99166667,0.00006599,0.00015317,8
11044.99166667,0.00002271,0.00002729,6
11048.87500000,0.00002225,0.00000000,0
11050.00000000,0.00046325,0.00044163,5
11055.00000000,0.00000000,0.00001250,1
11058.75833333,0.00000000,0.00003114,1
11060.00000000,0.00003452,0.00012919,9
11060.50833333,0.00000000,0.00002082,1
11061.15000000,0.00002316,0.00000000,0
11063.40000000,0.00012238,0.00037155,8
11063.46666667,0.00012061,0.00040433,8
11063.55000000,0.00017847,0.00088443,9
11064.90000000,0.00073847,0.00000000,0
11065.00000000,0.00035363,0.00002962,0
11068.93333333,0.00005594,0.00000000,0
11069.04166667,0.00002791,0.00000000,0
11070.00000000,0.00046538,0.00050106,6
11073.15833333,0.00016303,0.00004820,4
11073.19166667,0.00014287,0.00004065,4
11075.00000000,0.00004332,0.00005849,6
11075.84166667,0.00001983,0.00000000,0
11078.53333333,0.00055284,0.00026217,2
11078.99166667,0.00002155,0.00000000,0
11079.16666667,0.00667979,0.00270440,2
11079.95833333,0.00002184,0.00006130,8
11079.99166667,0.00002050,0.00008604,9
11080.34166667,0.00334061,0.00161148,2
11080.96666667,0.00010929,0.00005800,10
11080.97500000,0.00011152,0.00005768,2
11084.99166667,0.00002655,0.00003003,6
11085.72500000,0.00000000,0.00001374,1
11086.14166667,0.00003739,0.00000000,0
11088.12500000,0.00000000,0.00001195,1
11090.00000000,0.00043381,0.00044562,5
11090.28333333,0.00008133,0.00004306,10
11092.49166667,0.00154672,0.00041345,4
11100.00000000,0.00019045,0.00011091,3
11105.00000000,0.00000000,0.00002138,1
11105.70833333,0.00000000,0.00001210,1
11106.00833333,0.00002448,0.00002891,6
11110.00000000,0.00054424,0.00050524,5
11113.76666667,0.00002181,0.00000000,0
11120.00000000,0.00007992,0.00007729,5
11124.44166667,0.00012502,0.00012123,5
11125.00000000,0.00012083,0.00002566,4
11130.00000000,0.00063713,0.00055950,5
11130.20833333,0.00002348,0.00000000,0
11130.62500000,0.00033494,0.00002529,0
11131.06666667,0.00002535,0.00001370,3
11131.10000000,0.00002226,0.00000000,0
11131.33333333,0.00003192,0.00000000,0
11132.80833333,0.00003346,0.00003356,5
11133.04166667,0.00003470,0.00010518,8
11133.09166667,0.00005638,0.00007493,6
11139.90833333,0.00003589,0.00000000,0
11140.00000000,0.00002978,0.00008908,8
11140.54166667,0.00013868,0.00001167,0
11144.99166667,0.00000000,0.00002043,1
11145.05000000,0.00002131,0.00000000,0
11148.31666667,0.00002377,0.00000000,0
11149.21666667,0.00048425,0.00000000,0
11149.65833333,0.00002703,0.00000000,0
11150.00000000,0.00056212,0.00069256,6
11153.88333333,0.00002200,0.00012393,9
11155.33333333,0.00000000,0.00002641,1
11156.15000000,0.00002492,0.00000000,0
11156.25833333,0.00006701,0.00000000,0
11158.36666667,0.00005004,0.00008453,7
11158.37500000,0.00004995,0.00008480,7
11159.05833333,0.00002846,0.00000000,0
11159.07500000,0.00002723,0.00000000,0
11160.00000000,0.00006125,0.00008431,6
11161.90000000,0.00000000,0.00001414,1
11165.00000000,0.00000000,0.00002540,1
11167.65000000,0.00002663,0.00000000,0
11168.17500000,0.00000000,0.00001333,1
11170.00000000,0.00049492,0.00040786,5
11170.48333333,0.00003876,0.00000000,0
11172.02500000,0.00002023,0.00003060,7
11174.03333333,0.00002700,0.00000000,0
11174.99166667,0.00014935,0.00005540,2
11175.11666667,0.00013936,0.00002415,4
11176.70833333,0.00002008,0.00003649,7
11176.90833333,0.00015135,0.00003917,4
11177.70833333,0.00421649,0.00114221,4
11180.00000000,0.00005014,0.00011050,8
11183.63333333,0.00010100,0.00002635,4
11190.00000000,0.00045794,0.00034867,5
11190.11666667,0.00002709,0.00000000,0
11190.95000000,0.00000000,0.00001696,1
11192.75833333,0.00002662,0.00000000,0
11195.11666667,0.00000000,0.00002711,1
11200.00000000,0.00024497,0.00022101,5
11202.57500000,0.00002072,0.00000000,0
11204.65833333,0.00002302,0.00000000,0
11204.94166667,0.00045551,0.00000000,0
11204.99166667,0.00030932,0.00001553,0
11205.20000000,0.00027872,0.00001206,0
11205.29166667,0.00023305,0.00000000,0
11206.39166667,0.00003115,0.00005530,7
11210.00000000,0.00055270,0.00037886,3
11212.95000000,0.00012387,0.00000000,0
11217.00000000,0.00002407,0.00000000,0
11219.32500000,0.00004693,0.00000000,0
11220.00000000,0.00010404,0.00007975,5
11221.27500000,0.00002404,0.00000000,0
11225.00000000,0.00021506,0.00011634,3
11225.04166667,0.00015410,0.00009282,3
11225.63333333,0.00000000,0.00001705,1
11230.00000000,0.00063844,0.00043552,3
11230.35833333,0.00005964,0.00001424,4
11230.55000000,0.00009391,0.00000000,0
11230.65833333,0.00007112,0.00000000,0
11232.65833333,0.00006085,0.00002634,2
11232.76666667,0.00002578,0.00002207,5
11232.77500000,0.00002613,0.00002223,5
11235.32500000,0.00005643,0.00000000,0
11235.35833333,0.00004434,0.00000000,0
11238.43333333,0.00000000,0.00011727,1
11239.36666667,0.00018328,0.00003107,4
11239.37500000,0.00018364,0.00002994,4
11239.47500000,0.00010345,0.00002650,4
11239.65000000,0.00000000,0.00001641,1
11239.70833333,0.00002419,0.00001226,2
11239.75833333,0.00000000,0.00001324,1
11240.00000000,0.00011905,0.00010565,5
11241.06666667,0.00002240,0.00002320,5
11241.07500000,0.00002063,0.00002312,6
11245.00000000,0.00000000,0.00001326,1
11250.00000000,0.00120998,0.00053578,2
11254.70833333,0.00000000,0.00001160,1
11260.00000000,0.00015814,0.00009467,3
11260.39166667,0.00029091,0.00004025,0
11264.93333333,0.00002674,0.00001866,3
11264.97500000,0.00002795,0.00002600,5
11270.00000000,0.00107379,0.00063339,3
11271.00000000,0.00002462,0.00000000,0
11275.00000000,0.00006099,0.00013957,8
11280.00000000,0.00016786,0.00015720,5
11283.00000000,0.00003298,0.00000000,0
11285.00000000,0.00004252,0.00003186,3
11285.62500000,0.00000000,0.00003302,1
11286.87500000,0.00002671,0.00000000,0
11287.16666667,0.00008200,0.00003563,2
11287.20833333,0.00006228,0.00003807,3
11288.17500000,0.00004615,0.00000000,0
11288.53333333,0.00002457,0.00000000,0
11290.00000000,0.00128644,0.00080382,3
11290.11666667,0.00020481,0.00006257,4
11290.20833333,0.00055189,0.00008585,0
11290.30000000,0.00027908,0.00003711,0
11291.61666667,0.00007789,0.00012470,7
11291.64166667,0.00007302,0.00011301,7
11292.23333333,0.00002567,0.00000000,0
11292.36666667,0.00020660,0.00000000,0
11292.39166667,0.00023437,0.00000000,0
11292.48333333,0.00008325,0.00000000,0
11292.56666667,0.00003411,0.00000000,0
11296.32500000,0.00210202,0.00028382,0
11296.45833333,0.00237708,0.00030952,0
11296.54166667,0.00123304,0.00016863,0
11297.90833333,0.00000000,0.00001489,1
11298.85000000,0.00002024,0.00000000,0
11299.01666667,0.00018477,0.00025649,6
11300.00000000,0.00025561,0.00020276,5
11305.00000000,0.00005813,0.00004326,3
11306.37500000,0.00002736,0.00000000,0
11306.95000000,0.00000000,0.00001805,1
11307.03333333,0.00000000,0.00001597,1
11307.20000000,0.00002328,0.00000000,0
11307.34166667,0.00004930,0.00000000,0
11307.49166667,0.00014161,0.00001954,0
11307.72500000,0.00005201,0.00000000,0
11307.73333333,0.00005177,0.00000000,0
11307.94166667,0.00002753,0.00000000,0
11310.00000000,0.00145488,0.00083788,3
11310.20833333,0.00007740,0.00001466,4
11310.30833333,0.00004790,0.00008692,7
11312.70000000,0.00004143,0.00000000,0
11318.77500000,0.00261309,0.00186793,3
11320.00000000,0.00017387,0.00016186,5
11325.00000000,0.00013032,0.00007403,3
11328.12500000,0.00020354,0.00012445,3
11328.15000000,0.00017251,0.00011547,3
11328.25000000,0.00004724,0.00002524,3
11330.00000000,0.00155972,0.00091758,3
11334.97500000,0.00000000,0.00001319,1
11340.00000000,0.00020628,0.00019583,5
11344.48333333,0.00003684,0.00003594,5
11345.00000000,0.00004704,0.00003375,3
11345.21666667,0.00064665,0.00013170,4
11345.39166667,0.00015897,0.00003619,4
11346.36666667,0.00003003,0.00000000,0
11347.08333333,0.00000000,0.00001418,1
11347.14166667,0.00000000,0.00001635,1
11349.70000000,0.00098008,0.00028495,4
11349.85833333,0.00038296,0.00010863,4
11350.00000000,0.00174570,0.00095806,3
11350.26666667,0.00003652,0.00000000,0
11352.55000000,0.00004338,0.00001558,2
11352.90833333,0.00011588,0.00005637,2
11352.99166667,0.00045293,0.00010558,4
11353.52500000,0.00002197,0.00001232,3
11353.95000000,0.00002575,0.00000000,0
11354.22500000,0.00005120,0.00000000,0
11360.00000000,0.00019859,0.00021480,6
11360.89166667,0.00002589,0.00000000,0
11362.76666667,0.00048688,0.00000000,0
11362.85833333,0.00036871,0.00000000,0
11362.95833333,0.00017032,0.00000000,0
11362.98333333,0.00018943,0.00000000,0
11365.00833333,0.00002728,0.00002021,3
11370.00000000,0.00200776,0.00112409,3
11372.78333333,0.00017444,0.00000000,0
11373.66666667,0.00004945,0.00001666,2
11374.28333333,0.00000000,0.00002379,1
11375.00000000,0.00032758,0.00013307,2
11376.72500000,0.00003318,0.00001643,2
11376.73333333,0.00003327,0.00001582,2
11378.85000000,0.00003339,0.00000000,0
11380.00000000,0.00018654,0.00021210,6
11383.38333333,0.00004935,0.00000000,0
11385.01666667,0.00000000,0.00002319,1
11387.79166667,0.00000000,0.00023497,1
11390.00000000,0.00204628,0.00114810,3
11395.67500000,0.00000000,0.00004862,1
11395.80000000,0.00000000,0.00002695,1
11400.00000000,0.00026316,0.00023407,5
11401.37500000,0.00002303,0.00000000,0
11405.00000000,0.00002620,0.00003084,6
11405.26666667,0.00003210,0.00000000,0
11406.25000000,0.00008978,0.00004461,2
11410.00000000,0.00216895,0.00116325,3
11414.99166667,0.00000000,0.00002235,1
11415.10833333,0.00000000,0.00002175,1
11416.37500000,0.00003575,0.00000000,0
11418.70833333,0.00036801,0.00033214,5
11418.78333333,0.00027804,0.00024575,5
11420.00000000,0.00025986,0.00023809,5
11421.91666667,0.00003321,0.00007697,8
11425.00000000,0.00006868,0.00010358,7
11425.77500000,0.00002023,0.00000000,0
11427.75833333,0.00004578,0.00000000,0
11428.75000000,0.00009884,0.00007539,5
11429.47500000,0.00000000,0.00011484,1
11429.77500000,0.00000000,0.00001244,1
11430.00000000,0.00247833,0.00132339,3
11430.30000000,0.00040630,0.00030729,3
11430.36666667,0.00032006,0.00018873,3
11434.69166667,0.00003940,0.00000000,0
11435.52500000,0.00005882,0.00000000,0
11435.55833333,0.00007437,0.00001527,4
11437.45000000,0.00025871,0.00000000,0
11437.63333333,0.00010280,0.00000000,0
11438.10000000,0.00004440,0.00005928,6
11440.00000000,0.00034508,0.00016469,2
11442.10000000,0.00003746,0.00000000,0
11442.22500000,0.00009938,0.00000000,0
11445.00833333,0.00000000,0.00001818,1
11445.52500000,0.00003248,0.00000000,0
11445.53333333,0.00003258,0.00000000,0
11450.00000000,0.00304758,0.00168097,3
11452.45833333,0.00169367,0.00205008,6
11452.58333333,0.00187134,0.00101728,3
11455.25833333,0.00049873,0.00034540,3
11455.83333333,0.00000000,0.00001374,1
11458.16666667,0.00024272,0.00046822,7
11458.19166667,0.00026999,0.00049860,7
11458.27500000,0.00012326,0.00026503,11
11460.00000000,0.00054533,0.00033469,3
11465.00000000,0.00002622,0.00002103,5
11466.69166667,0.00000000,0.00001493,1
11468.24166667,0.00012094,0.00011226,5
11470.00000000,0.00380924,0.00192487,2
11473.55833333,0.00008898,0.00000000,0
11475.00000000,0.00007327,0.00002645,2
11480.00000000,0.00054747,0.00019309,2
11480.97500000,0.00005427,0.00001773,4
11484.37500000,0.00014847,0.00008643,3
11484.57500000,0.00000000,0.00001248,1
11485.00000000,0.00002268,0.00002152,5
11488.94166667,0.00013954,0.00003767,4
11490.00000000,0.00399744,0.00194248,2
11490.68333333,0.00032432,0.00000000,0
11495.18333333,0.00000000,0.00001241,1
11497.35833333,0.00004526,0.00002773,3
11497.38333333,0.00005017,0.00003337,3
11497.46666667,0.00002316,0.00002095,5
11499.12500000,0.00013460,0.00012915,5
11499.13333333,0.00013439,0.00012865,5
11499.50000000,0.00000000,0.00005047,1
11499.59166667,0.00000000,0.00002940,1
11500.00000000,0.00040503,0.00018746,2
11505.00000000,0.00002402,0.00001511,3
11507.52500000,0.00002649,0.00000000,0
11510.00000000,0.00385403,0.00185014,2
11512.08333333,0.00022296,0.00000000,0
11512.60833333,0.00000000,0.00001952,1
11516.95833333,0.00000000,0.00001764,1
11520.00000000,0.00051805,0.00016384,4
11520.77500000,0.00000000,0.00001603,1
11521.39166667,0.00002438,0.00000000,0
11523.44166667,0.00024552,0.00012002,2
11524.98333333,0.00012238,0.00007344,3
11525.06666667,0.00018534,0.00017759,5
11525.10000000,0.00022437,0.00016235,3
11525.53333333,0.00006337,0.00000000,0
11525.63333333,0.00006427,0.00000000,0
11525.75833333,0.00005400,0.00004863,5
11525.86666667,0.00000000,0.00003818,1
11526.90000000,0.00000000,0.00004954,1
11530.00000000,0.00356026,0.00164019,2
11531.57500000,0.00002057,0.00000000,0
11533.20833333,0.00000000,0.00001490,1
11537.60000000,0.00005823,0.00005611,5
11538.08333333,0.00023383,0.00019722,5
11538.82500000,0.00012650,0.00008468,3
11538.83333333,0.00013137,0.00008591,3
11540.00000000,0.00039944,0.00019153,2
11540.50000000,0.00006363,0.00005442,5
11540.55833333,0.00007558,0.00006360,5
11540.59166667,0.00005549,0.00005956,6
11541.50833333,0.00000000,0.00001466,1
11543.25000000,0.00007757,0.00010308,6
11544.91666667,0.00003212,0.00000000,0
11545.06666667,0.00007874,0.00000000,0
11545.07500000,0.00007707,0.00000000,0
11545.19166667,0.00003049,0.00000000,0
11550.00000000,0.00308655,0.00142014,2
11558.71666667,0.00000000,0.00001930,1
11560.00000000,0.00029543,0.00010079,2
11564.22500000,0.00000000,0.00001784,1
11564.23333333,0.00000000,0.00001715,1
11565.00000000,0.00000000,0.00001350,1
11565.41666667,0.00030648,0.00001331,0
11565.44166667,0.00032383,0.00001236,0
11570.00000000,0.00266905,0.00114180,2
11572.11666667,0.00002245,0.00004189,7
11572.26666667,0.00004254,0.00003174,3
11575.00000000,0.00006489,0.00001748,4
11575.04166667,0.00006829,0.00000000,0
11577.21666667,0.00002939,0.00000000,0
11578.40000000,0.00020434,0.00000000,0
11578.57500000,0.00005618,0.00000000,0
11580.00000000,0.00027155,0.00014870,3
11584.99166667,0.00002235,0.00000000,0
11590.00000000,0.00249103,0.00106418,2
11591.03333333,0.00002566,0.00000000,0
11591.21666667,0.00002276,0.00000000,0
11592.25000000,0.00008584,0.00000000,0
11592.28333333,0.00009999,0.00000000,0
11592.37500000,0.00005043,0.00000000,0
11592.53333333,0.00026417,0.00003256,0
11592.57500000,0.00031149,0.00004846,0
11592.64166667,0.00019002,0.00004555,4
11593.42500000,0.00192234,0.00089939,2
11593.45833333,0.00175484,0.00082946,2
11595.90833333,0.00085925,0.00038041,2
11595.95833333,0.00078282,0.00030910,2
11596.75000000,0.00002860,0.00000000,0
11600.00000000,0.00046379,0.00022995,2
11600.39166667,0.00000000,0.00001220,1
11602.65000000,0.00002054,0.00000000,0
11603.99166667,0.00004888,0.00000000,0
11604.36666667,0.00007018,0.00009745,6
11604.37500000,0.00007046,0.00009704,6
11605.00000000,0.00002416,0.00000000,0
11610.00000000,0.00236478,0.00097208,2
11614.42500000,0.00043453,0.00000000,0
11615.20833333,0.00000000,0.00005016,1
11616.99166667,0.00005710,0.00000000,0
11617.10833333,0.00004135,0.00000000,0
11619.31666667,0.00000000,0.00001395,1
11620.00000000,0.00023302,0.00011290,2
11621.09166667,0.00005282,0.00002281,2
11625.00000000,0.00033190,0.00013686,2
11630.00000000,0.00210881,0.00086301,2
11632.66666667,0.00048894,0.00036689,3
11632.68333333,0.00046165,0.00034692,3
11640.00000000,0.00024073,0.00010642,2
11640.62500000,0.00007386,0.00003189,2
11640.63333333,0.00007238,0.00003153,2
11641.65000000,0.00043137,0.00001785,0
11641.74166667,0.00039325,0.00002011,0
11642.04166667,0.00002242,0.00000000,0
11644.42500000,0.00021200,0.00013644,3
11644.43333333,0.00020889,0.00013402,3
11645.00000000,0.00003919,0.00000000,0
11645.43333333,0.00003221,0.00001974,3
11645.47500000,0.00004143,0.00002273,3
11648.66666667,0.00002255,0.00000000,0
11649.28333333,0.00002551,0.00012881,9
11650.00000000,0.00171430,0.00065077,2
11660.00000000,0.00025197,0.00009277,2
11661.12500000,0.00000000,0.00010059,1
11661.20000000,0.00000000,0.00007235,1
11665.00000000,0.00002460,0.00001484,3
11665.72500000,0.00056557,0.00013634,4
11670.00000000,0.00126469,0.00055103,2
11671.15000000,0.00067801,0.00042561,3
11673.00833333,0.00002716,0.00000000,0
11673.99166667,0.00003439,0.00000000,0
11674.51666667,0.00002202,0.00000000,0
11674.84166667,0.00002041,0.00000000,0
11675.00000000,0.00003710,0.00006390,7
11677.62500000,0.00007920,0.00004962,3
11677.63333333,0.00007895,0.00004869,3
11680.00000000,0.00022593,0.00004446,4
11681.10833333,0.00000000,0.00001240,1
11682.91666667,0.00006644,0.00000000,0
11685.01666667,0.00003286,0.00001226,2
11685.42500000,0.00000000,0.00001328,1
11688.42500000,0.00006857,0.00000000,0
11690.00000000,0.00114831,0.00043783,2
11695.65833333,0.00000000,0.00001400,1
11700.00000000,0.00064341,0.00023028,2
11702.61666667,0.00007284,0.00000000,0
11702.78333333,0.00002185,0.00000000,0
11702.92500000,0.00002109,0.00002386,6
11702.93333333,0.00002120,0.00002378,6
11705.00000000,0.00002837,0.00000000,0
11710.00000000,0.00106492,0.00043566,2
11718.75000000,0.00099663,0.00042801,2
11720.00000000,0.00034254,0.00013039,2
11725.00000000,0.00018363,0.00003730,4
11728.40833333,0.00002334,0.00001182,2
11729.10833333,0.00012542,0.00010259,5
11729.76666667,0.00016114,0.00017383,6
11729.77500000,0.00015026,0.00016842,6
11729.85833333,0.00017174,0.00012524,3
11730.00000000,0.00120953,0.00048606,2
11736.10833333,0.00002931,0.00000000,0
11736.60000000,0.00003540,0.00000000,0
11737.99166667,0.00005497,0.00000000,0
11740.00000000,0.00038608,0.00010016,4
11741.03333333,0.00000000,0.00008379,1
11741.16666667,0.00003068,0.00019913,9
11741.18333333,0.00003162,0.00018332,9
11741.26666667,0.00000000,0.00012981,1
11745.00000000,0.00005762,0.00000000,0
11745.84166667,0.00002067,0.00000000,0
11747.33333333,0.00002602,0.00000000,0
11747.61666667,0.00002622,0.00000000,0
11750.00000000,0.00116737,0.00045928,2
11750.38333333,0.00009526,0.00018995,7
11751.61666667,0.00002257,0.00000000,0
11752.98333333,0.00004492,0.00000000,0
11753.44166667,0.00002409,0.00000000,0
11760.00000000,0.00035279,0.00010573,4
11760.28333333,0.00004414,0.00000000,0
11761.31666667,0.00031853,0.00000000,0
11761.56666667,0.00003588,0.00002609,3
11761.68333333,0.00007527,0.00013056,7
11761.83333333,0.00000000,0.00006362,1
11764.99166667,0.00002372,0.00000000,0
11766.67500000,0.00002472,0.00000000,0
11767.50833333,0.00095097,0.00121596,6
11767.53333333,0.00084662,0.00111563,6
11770.00000000,0.00136018,0.00055778,2
11770.22500000,0.00034272,0.00081987,8
11770.23333333,0.00034547,0.00081794,8
11773.44166667,0.00014745,0.00000000,0
11773.56666667,0.00015665,0.00000000,0
11773.57500000,0.00015615,0.00000000,0
11775.00000000,0.00017490,0.00004201,4
11777.35000000,0.00002466,0.00000000,0
11777.66666667,0.00000000,0.00001428,1
11778.10000000,0.00018750,0.00002950,0
11779.62500000,0.00000000,0.00001692,1
11780.00000000,0.00028726,0.00004262,0
11780.91666667,0.00169732,0.00028188,4
11781.08333333,0.00000000,0.00003240,1
11781.19166667,0.00000000,0.00002215,1
11785.22500000,0.00008415,0.00000000,0
11785.32500000,0.00036614,0.00000000,0
11785.40833333,0.00024863,0.00000000,0
11788.10833333,0.00002322,0.00001475,3
11788.14166667,0.00002913,0.00002015,3
11788.26666667,0.00010307,0.00005442,10
11788.27500000,0.00010125,0.00005377,10
11789.39166667,0.00020561,0.00000000,0
11789.49166667,0.00037984,0.00000000,0
11789.58333333,0.00021390,0.00000000,0
11790.00000000,0.00133967,0.00048989,2
11793.06666667,0.00000000,0.00001325,1
11794.15833333,0.00005823,0.00004314,3
11796.25000000,0.00000000,0.00007223,1
11796.87500000,0.00003667,0.00001296,2
11796.95000000,0.00000000,0.00002971,1
11797.06666667,0.00000000,0.00002230,1
11800.00000000,0.00049123,0.00019777,2
11800.47500000,0.00000000,0.00001326,1
11801.28333333,0.00009488,0.00000000,0
11806.08333333,0.00003219,0.00000000,0
11807.29166667,0.00002848,0.00000000,0
11810.00000000,0.00143586,0.00053891,2
11810.25000000,0.00261629,0.00000000,0
11810.64166667,0.00090385,0.00055457,3
11810.72500000,0.00063704,0.00043706,3
11811.58333333,0.00002141,0.00000000,0
11816.40000000,0.00007549,0.00003046,2
11817.63333333,0.00005908,0.00002029,2
11820.00000000,0.00022590,0.00003729,4
11824.47500000,0.00004244,0.00000000,0
11825.00000000,0.00029091,0.00008293,4
11825.65833333,0.00002058,0.00001216,3
11826.16666667,0.00003371,0.00000000,0
11827.05833333,0.00004539,0.00000000,0
11830.00000000,0.00180945,0.00066110,2
11830.86666667,0.00007577,0.00004619,3
11830.87500000,0.00007527,0.00004655,3
11831.16666667,0.00012595,0.00000000,0
11833.55833333,0.00006514,0.00000000,0
11834.07500000,0.00002591,0.00000000,0
11835.60000000,0.00002776,0.00000000,0
11839.12500000,0.00001997,0.00000000,0
11839.70833333,0.00016285,0.00009376,3
11840.00000000,0.00033510,0.00010653,4
11842.78333333,0.00005136,0.00002515,2
11844.14166667,0.00000000,0.00003994,1
11845.00000000,0.00002155,0.00001297,3
11847.33333333,0.00002017,0.00000000,0
11850.00000000,0.00211489,0.00077286,2
11850.08333333,0.00101689,0.00020834,4
11850.20000000,0.00051401,0.00004494,0
11852.95833333,0.00005028,0.00000000,0
11860.00000000,0.00033913,0.00007848,4
11863.83333333,0.00002020,0.00000000,0
11865.25833333,0.00008553,0.00003389,2
11868.60000000,0.00013273,0.00008414,3
11868.63333333,0.00011821,0.00008001,3
11869.77500000,0.00005183,0.00013957,8
11870.00000000,0.00226253,0.00079466,2
11870.82500000,0.00000000,0.00001226,1
11875.00000000,0.00041324,0.00014408,2
11877.75000000,0.00000000,0.00003087,1
11880.00000000,0.00038508,0.00014786,2
11882.49166667,0.00000000,0.00001663,1
11884.98333333,0.00005610,0.00000000,0
11889.21666667,0.00000000,0.00001191,1
11889.56666667,0.00168283,0.00054029,4
11890.00000000,0.00292365,0.00103128,2
11891.42500000,0.00004290,0.00000000,0
11892.21666667,0.00027123,0.00025444,5
11892.41666667,0.00000000,0.00001495,1
11894.45833333,0.00206339,0.00106500,2
11894.48333333,0.00187762,0.00099658,10
11894.81666667,0.00003587,0.00001821,2
11894.83333333,0.00003412,0.00001742,2
11896.79166667,0.00005526,0.00004990,5
11899.10833333,0.00000000,0.00003200,1
11900.00000000,0.00091118,0.00029426,4
11905.00000000,0.00002711,0.00000000,0
11906.95000000,0.00003392,0.00000000,0
11910.00000000,0.00360404,0.00126518,2
11911.10000000,0.00002257,0.00003501,7
11912.55000000,0.00001988,0.00003797,7
11914.06666667,0.00098017,0.00037510,2
11914.79166667,0.00000000,0.00001829,1
11918.70833333,0.00004741,0.00000000,0
11920.00000000,0.00052680,0.00019003,2
11923.14166667,0.00000000,0.00001599,1
11923.62500000,0.00046481,0.00048877,6
11923.82500000,0.00002953,0.00000000,0
11925.00000000,0.00005419,0.00000000,0
11926.12500000,0.00000000,0.00001774,1
11926.92500000,0.00002585,0.00000000,0
11930.00000000,0.00323090,0.00111688,2
11931.92500000,0.00081158,0.00076017,5
11933.57500000,0.00000000,0.00001558,1
11937.35833333,0.00000000,0.00002299,1
11937.45000000,0.00000000,0.00001662,1
11940.00000000,0.00037289,0.00012795,2
11944.50833333,0.00000000,0.00001607,1
11944.55000000,0.00002468,0.00001539,3
11944.99166667,0.00003322,0.00000000,0
11946.67500000,0.00009484,0.00008432,5
11946.94166667,0.00000000,0.00001885,1
11947.51666667,0.00010959,0.00083087,1
11947.61666667,0.00007401,0.00062372,1
11947.90000000,0.00019636,0.00041326,7
11950.00000000,0.00269981,0.00101580,2
11950.19166667,0.00004001,0.00000000,0
11953.11666667,0.00004004,0.00000000,0
11955.44166667,0.00036096,0.00070073,7
11957.72500000,0.00020710,0.00009932,2
11957.75833333,0.00020751,0.00009342,2
11960.00000000,0.00031237,0.00010966,2
11961.83333333,0.00000000,0.00004106,1
11961.94166667,0.00000000,0.00003997,1
11962.89166667,0.00009194,0.00003350,2
11970.00000000,0.00284789,0.00097761,2
11972.65833333,0.00001979,0.00000000,0
11975.02500000,0.00008635,0.00006223,3
11975.13333333,0.00006096,0.00000000,0
11977.00833333,0.00015270,0.00000000,0
11978.40000000,0.00005802,0.00000000,0
11980.00000000,0.00036370,0.00012597,2
11981.65833333,0.00005831,0.00000000,0
11981.69166667,0.00007163,0.00001597,4
11982.22500000,0.00000000,0.00002592,1
11985.00833333,0.00003786,0.00002625,3
11990.00000000,0.00274104,0.00096540,2
11991.84166667,0.00008982,0.00000000,0
11994.03333333,0.00003591,0.00000000,0
11994.15000000,0.00016740,0.00000000,0
11994.24166667,0.00007703,0.00000000,0
11994.37500000,0.00010515,0.00000000,0
11999.04166667,0.00000000,0.00002602,1
11999.10000000,0.00000000,0.00002574,1
11999.73333333,0.00000000,0.00001164,1
11999.77500000,0.00000000,0.00001648,1
11999.85000000,0.00032820,0.00044479,6
12000.00000000,0.09009191,0.11799848,6
12000.22500000,0.00002727,0.00003024,6
12000.26666667,0.00000000,0.00001671,1
12000.35833333,0.00002027,0.00000000,0
12002.75833333,0.00000000,0.00002312,1
12006.24166667,0.00097608,0.00011945,0
12006.33333333,0.00084986,0.00006852,0
12010.00000000,0.00246594,0.00084320,2
12011.36666667,0.00000000,0.00003639,1
12011.46666667,0.00000000,0.00001329,1
12011.72500000,0.00009218,0.00003547,2
12011.99166667,0.00003439,0.00003149,5
12013.16666667,0.00004658,0.00007241,7
12013.17500000,0.00004740,0.00007134,7
12013.27500000,0.00000000,0.00004130,1
12015.00000000,0.00002113,0.00000000,0
12017.94166667,0.00024783,0.00007382,4
12018.05833333,0.00021078,0.00002425,0
12019.01666667,0.00002908,0.00000000,0
12019.89166667,0.00000000,0.00001464,1
12020.00000000,0.00040646,0.00010487,4
12021.49166667,0.00002404,0.00000000,0
12024.16666667,0.00009867,0.00000000,0
12025.00000000,0.00004068,0.00001732,2
12030.00000000,0.00222495,0.00074735,2
12030.43333333,0.00004225,0.00000000,0
12031.25833333,0.00003140,0.00000000,0
12033.72500000,0.00022567,0.00007864,2
12033.74166667,0.00024110,0.00008267,2
12033.83333333,0.00017368,0.00003697,4
12036.21666667,0.00062819,0.00422841,1
12036.32500000,0.00044692,0.00269177,9
12040.00000000,0.00038259,0.00012336,4
12040.36666667,0.00000000,0.00001587,1
12041.30833333,0.00002396,0.00001194,2
12041.34166667,0.00000000,0.00001239,1
12042.43333333,0.00005938,0.00001267,4
12042.47500000,0.00007194,0.00000000,0
12042.54166667,0.00006222,0.00001485,4
12045.00000000,0.00000000,0.00003251,1
12045.38333333,0.00002058,0.00000000,0
12050.00000000,0.00302691,0.00117090,2
12056.75000000,0.00002051,0.00000000,0
12058.91666667,0.00000000,0.00001213,1
12059.39166667,0.00005478,0.00006325,6
12060.00000000,0.00030662,0.00006418,4
12060.53333333,0.00005113,0.00001554,4
12065.00000000,0.00002315,0.00000000,0
12068.61666667,0.00004700,0.00000000,0
12070.00000000,0.00344423,0.00112607,4
12075.00000000,0.00021236,0.00006625,4
12075.24166667,0.00000000,0.00001916,1
12076.06666667,0.00020689,0.00001601,0
12076.10000000,0.00018541,0.00001652,0
12076.25000000,0.00002447,0.00000000,0
12077.75000000,0.00014905,0.00000000,0
12077.86666667,0.00009444,0.00000000,0
12080.00000000,0.00030540,0.00004329,0
12081.73333333,0.00000000,0.00005620,1
12081.79166667,0.00000000,0.00002936,1
12081.86666667,0.00000000,0.00001268,1
12084.99166667,0.00006501,0.00001241,4
12085.36666667,0.00003480,0.00001949,3
12085.37500000,0.00003434,0.00001942,3
12090.00000000,0.00242685,0.00080824,2
12093.06666667,0.00002428,0.00000000,0
12096.79166667,0.00004670,0.00000000,0
12100.00000000,0.00050185,0.00017132,2
12102.12500000,0.00000000,0.00001375,1
12106.82500000,0.00009761,0.00000000,0
12106.85833333,0.00010910,0.00000000,0
12107.01666667,0.00023219,0.00000000,0
12107.05000000,0.00025770,0.00000000,0
12107.12500000,0.00014617,0.00000000,0
12109.37500000,0.00079004,0.00027348,2
12110.00000000,0.00120754,0.00041128,2
12120.00000000,0.00033126,0.00008185,4
12125.00000000,0.00038309,0.00020450,3
12125.66666667,0.00000000,0.00001252,1
12125.71666667,0.00000000,0.00001638,1
12128.69166667,0.00004277,0.00001772,2
12129.37500000,0.00008326,0.00003663,2
12130.00000000,0.00157185,0.00049744,4
12132.76666667,0.00023040,0.00000000,0
12132.77500000,0.00023388,0.00000000,0
12132.86666667,0.00014860,0.00000000,0
12133.80833333,0.00002398,0.00000000,0
12135.08333333,0.00000000,0.00002760,1
12140.00000000,0.00034703,0.00010625,4
12141.68333333,0.00002190,0.00000000,0
12142.59166667,0.00003475,0.00026818,1
12142.72500000,0.00004464,0.00045414,1
12142.75000000,0.00005215,0.00041861,1
12150.00000000,0.00196516,0.00068414,2
12153.27500000,0.00000000,0.00003692,1
12155.11666667,0.00005087,0.00000000,0
12155.14166667,0.00005733,0.00000000,0
12155.50000000,0.00005308,0.00000000,0
12158.20833333,0.00011048,0.00004015,2
12160.00000000,0.00003544,0.00000000,0
12165.00000000,0.00003456,0.00000000,0
12170.00000000,0.00118800,0.00041126,2
12175.00000000,0.00019827,0.00002535,0
12180.00000000,0.00017426,0.00005088,4
12182.16666667,0.00000000,0.00002365,1
12183.93333333,0.00000000,0.00001738,1
12184.99166667,0.00000000,0.00001309,1
12185.67500000,0.00036293,0.00014491,2
12185.79166667,0.00032422,0.00010750,2
12185.89166667,0.00014127,0.00010385,3
12190.00000000,0.00066592,0.00020640,4
12200.00000000,0.00024670,0.00005944,4
12205.00000000,0.00002632,0.00000000,0
12207.03333333,0.00018733,0.00005752,4
12207.22500000,0.00002900,0.00000000,0
12207.30000000,0.00002834,0.00000000,0
12209.77500000,0.00003370,0.00000000,0
12210.00000000,0.00128449,0.00041208,4
12216.37500000,0.00002296,0.00001875,5
12218.29166667,0.00000000,0.00004293,1
12220.00000000,0.00028324,0.00007407,4
12220.25833333,0.00002140,0.00001449,3
12220.27500000,0.00001998,0.00001472,3
12224.12500000,0.00117031,0.00089172,5
12225.00000000,0.00013527,0.00004910,2
12226.61666667,0.00000000,0.00001763,1
12228.10000000,0.00000000,0.00004827,1
12230.00000000,0.00197327,0.00065000,2
12233.26666667,0.00000000,0.00003743,1
12236.60833333,0.00005370,0.00002468,2
12236.65833333,0.00004351,0.00002210,2
12237.03333333,0.00002092,0.00004772,8
12237.13333333,0.00000000,0.00002243,1
12237.50833333,0.00011194,0.00007319,3
12238.95000000,0.00186293,0.00000000,0
12239.12500000,0.00047528,0.00000000,0
12239.57500000,0.00014482,0.00006604,2
12240.00000000,0.00025076,0.00007603,4
12245.00833333,0.00002288,0.00000000,0
12245.45000000,0.00002782,0.00000000,0
12248.85000000,0.00000000,0.00006037,1
12250.00000000,0.00201810,0.00067009,2
12255.85000000,0.00013523,0.00003786,4
12255.95000000,0.00003101,0.00000000,0
12258.44166667,0.00013342,0.00000000,0
12258.55833333,0.00007531,0.00000000,0
12258.91666667,0.00000000,0.00001414,1
12260.00000000,0.00026904,0.00006728,4
12264.16666667,0.00011955,0.00005316,2
12264.18333333,0.00012799,0.00005496,2
12264.42500000,0.00181344,0.00099457,3
12264.63333333,0.00000000,0.00001529,1
12264.80000000,0.00209826,0.00102902,2
12265.04166667,0.00010608,0.00006674,3
12265.59166667,0.00002447,0.00000000,0
12266.66666667,0.00004559,0.00000000,0
12266.67500000,0.00004548,0.00000000,0
12267.01666667,0.00002215,0.00004359,7
12267.04166667,0.00001978,0.00004039,7
12268.18333333,0.00003108,0.00005783,7
12268.28333333,0.00000000,0.00005238,1
12268.54166667,0.00000000,0.00001430,1
12270.00000000,0.00082984,0.00028273,2
12271.55833333,0.00000000,0.00001274,1
12275.00000000,0.00005764,0.00004251,3
12276.15833333,0.00006587,0.00003633,3
12276.17500000,0.00006298,0.00003356,3
12280.00000000,0.00006794,0.00003549,10
12290.00000000,0.00157632,0.00051767,4
12294.04166667,0.00002179,0.00000000,0
12294.14166667,0.00004665,0.00001477,4
12294.17500000,0.00005297,0.00000000,0
12300.00000000,0.00040807,0.00006946,4
12302.90000000,0.00002033,0.00000000,0
12304.68333333,0.00068055,0.00019747,4
12305.00000000,0.00002574,0.00000000,0
12306.60833333,0.00007967,0.00006353,5
12308.15000000,0.00005392,0.00004115,5
12310.00000000,0.00129069,0.00043512,2
12312.13333333,0.00004593,0.00000000,0
12312.46666667,0.00114344,0.00000000,0
12312.63333333,0.00049424,0.00000000,0
12312.78333333,0.00002171,0.00000000,0
12313.01666667,0.00018825,0.00031421,7
12313.03333333,0.00019413,0.00030933,7
12315.55000000,0.00008856,0.00000000,0
12315.80833333,0.00016400,0.00000000,0
12315.96666667,0.00000000,0.00003170,1
12320.00000000,0.00015710,0.00004166,4
12320.95833333,0.00059880,0.00000000,0
12321.05000000,0.00026328,0.00000000,0
12325.00000000,0.00034794,0.00009939,4
12329.10000000,0.00002618,0.00000000,0
12330.00000000,0.00019878,0.00007212,2
12331.10000000,0.00002769,0.00008066,8
12332.10833333,0.00003393,0.00001741,2
12334.15000000,0.00000000,0.00001226,1
12339.10833333,0.00000000,0.00001183,1
12340.00000000,0.00025782,0.00005925,4
12343.76666667,0.00012056,0.00003993,2
12344.99166667,0.00005635,0.00001239,4
12350.00000000,0.00059913,0.00027085,2
12350.82500000,0.00002518,0.00000000,0
12351.78333333,0.00002744,0.00000000,0
12351.90833333,0.00005991,0.00002213,2
12352.71666667,0.00045880,0.00032525,3
12353.49166667,0.00023558,0.00007397,4
12353.65000000,0.00002939,0.00000000,0
12360.00000000,0.00011565,0.00002625,4
12362.80833333,0.00016210,0.00001416,0
12362.83333333,0.00018231,0.00001277,0
12364.72500000,0.00007795,0.00000000,0
12364.75000000,0.00008615,0.00000000,0
12364.83333333,0.00004349,0.00000000,0
12365.00000000,0.00009915,0.00002005,4
12366.72500000,0.00003122,0.00001694,3
12366.76666667,0.00003162,0.00001832,3
12366.77500000,0.00003147,0.00001842,3
12370.00000000,0.00064241,0.00020379,4
12370.74166667,0.00003595,0.00001417,2
12375.00000000,0.00022278,0.00017034,5
12379.78333333,0.00002185,0.00001193,3
12380.00000000,0.00012253,0.00001644,0
12382.79166667,0.00002059,0.00001320,3
12384.80000000,0.00006919,0.00002363,2
12385.00833333,0.00000000,0.00001480,1
12386.08333333,0.00021223,0.00008014,2
12390.00000000,0.00122964,0.00039646,4
12390.64166667,0.00000000,0.00001219,1
12391.35000000,0.00010869,0.00003251,4
12391.38333333,0.00009484,0.00003195,2
12393.14166667,0.00010755,0.00020350,7
12393.22500000,0.00010369,0.00018561,7
12400.00000000,0.00028176,0.00017209,3
12402.33333333,0.00008844,0.00002495,4
12403.20833333,0.00004287,0.00000000,0
12405.00000000,0.00004746,0.00000000,0
12405.31666667,0.00006074,0.00001547,4
12405.39166667,0.00002646,0.00000000,0
12408.95833333,0.00000000,0.00001575,1
12409.53333333,0.00014772,0.00000000,0
12410.00000000,0.00029419,0.00010479,2
12414.36666667,0.00006057,0.00000000,0
12414.76666667,0.00005325,0.00003586,3
12414.78333333,0.00005075,0.00003690,3
12417.26666667,0.00067320,0.00039896,3
12417.27500000,0.00067979,0.00040298,3
12418.49166667,0.00005189,0.00000000,0
12419.23333333,0.00008416,0.00000000,0
12420.00833333,0.00000000,0.00001533,1
12420.30000000,0.00004265,0.00000000,0
12422.02500000,0.00002067,0.00000000,0
12425.00000000,0.00019457,0.00011954,3
12430.00000000,0.00069574,0.00023018,2
12432.35000000,0.00002712,0.00000000,0
12432.45833333,0.00002804,0.00000000,0
12433.33333333,0.00030673,0.00010795,2
12435.00000000,0.00002015,0.00000000,0
12439.99166667,0.00002723,0.00002306,5
12445.00000000,0.00005178,0.00000000,0
12447.52500000,0.00010872,0.00029625,8
12447.55000000,0.00011491,0.00027804,8
12450.00000000,0.00053866,0.00003824,0
12451.16666667,0.00004468,0.00000000,0
12455.00833333,0.00002892,0.00000000,0
12455.66666667,0.00000000,0.00001220,1
12457.16666667,0.00015688,0.00004832,4
12457.17500000,0.00015982,0.00004729,4
12457.27500000,0.00004896,0.00001716,2
12459.99166667,0.00005129,0.00001237,4
12461.86666667,0.00004766,0.00002919,3
12461.90000000,0.00004965,0.00002698,3
12464.99166667,0.00002379,0.00000000,0
12467.77500000,0.00007952,0.00000000,0
12470.00000000,0.00010948,0.00004186,2
12470.38333333,0.00015991,0.00011432,3
12475.00000000,0.00007648,0.00002320,4
12477.18333333,0.00002267,0.00000000,0
12478.81666667,0.00000000,0.00001157,1
12479.74166667,0.00004409,0.00003811,5
12479.85000000,0.00000000,0.00001196,1
12479.99166667,0.00002848,0.00001275,2
12480.19166667,0.00000000,0.00001236,1
12480.30833333,0.00000000,0.00001496,1
12480.37500000,0.00000000,0.00001528,1
12480.66666667,0.04956236,0.03536741,3
12480.68333333,0.04713611,0.03408920,3
12480.87500000,0.00007780,0.00005297,3
12480.96666667,0.00002462,0.00001545,3
12481.03333333,0.00000000,0.00001540,1
12481.71666667,0.00000000,0.00001807,1
12482.42500000,0.00117662,0.00083381,3
12482.44166667,0.00116123,0.00081782,3
12485.00833333,0.00004456,0.00000000,0
12485.09166667,0.00003679,0.00000000,0
12485.52500000,0.00002287,0.00000000,0
12485.54166667,0.00002401,0.00000000,0
12488.14166667,0.00002379,0.00000000,0
12488.32500000,0.00011493,0.00008933,5
12488.33333333,0.00011975,0.00008994,3
12488.40000000,0.00008423,0.00006862,5
12490.00833333,0.00007723,0.00001376,4
12490.32500000,0.00000000,0.00001942,1
12490.46666667,0.00030043,0.00079961,8
12490.47500000,0.00030054,0.00079739,8
12495.01666667,0.00004793,0.00000000,0
12496.84166667,0.00012831,0.00007199,3
12497.21666667,0.00002360,0.00000000,0
12497.67500000,0.00002082,0.00000000,0
12497.96666667,0.00002204,0.00000000,0
12498.06666667,0.00002076,0.00000000,0
12498.21666667,0.00002601,0.00000000,0
12498.31666667,0.00002642,0.00000000,0
12498.37500000,0.00003930,0.00000000,0
12498.45000000,0.00002811,0.00001241,2
12498.50833333,0.00002344,0.00000000,0
12498.56666667,0.00003142,0.00000000,0
12498.61666667,0.00002773,0.00000000,0
12498.66666667,0.00003890,0.00000000,0
12498.72500000,0.00002925,0.00000000,0
12498.76666667,0.00002349,0.00000000,0
12498.81666667,0.00003162,0.00000000,0
12498.86666667,0.00003464,0.00000000,0
12498.91666667,0.00003353,0.00000000,0
12498.96666667,0.00003760,0.00001162,4
12499.01666667,0.00003606,0.00000000,0
12499.06666667,0.00004176,0.00001293,4
12499.11666667,0.00003988,0.00000000,0
12499.15833333,0.00004387,0.00001523,2
12499.21666667,0.00004538,0.00000000,0
12499.25833333,0.00004831,0.00001500,4
12499.30833333,0.00006828,0.00001508,4
12499.35833333,0.00005103,0.00001515,4
12499.40833333,0.00007142,0.00001607,4
12499.45833333,0.00006686,0.00002182,4
12499.50833333,0.00008400,0.00001913,4
12499.55000000,0.00008633,0.00002453,4
12499.60000000,0.00010999,0.00003026,4
12499.65000000,0.00011046,0.00002883,4
12499.69166667,0.00015121,0.00004075,4
12499.73333333,0.00018855,0.00005427,4
12499.80833333,0.00032278,0.00009793,4
12499.84166667,0.00056420,0.00015465,4
12500.00000000,1.15965459,0.33865487,4
12500.15833333,0.00052349,0.00014921,4
12500.19166667,0.00033238,0.00009785,4
12500.26666667,0.00019396,0.00005340,4
12500.30833333,0.00014142,0.00004037,4
12500.35833333,0.00011561,0.00003223,4
12500.40000000,0.00010507,0.00002327,4
12500.45000000,0.00009216,0.00003262,2
12500.49166667,0.00007870,0.00001291,4
12500.54166667,0.00007210,0.00002436,2
12500.59166667,0.00006688,0.00001189,4
12500.64166667,0.00006067,0.00001898,4
12500.69166667,0.00005721,0.00001554,4
12500.74166667,0.00004988,0.00000000,0
12500.79166667,0.00004746,0.00001181,4
12500.83333333,0.00004180,0.00001301,4
12500.88333333,0.00004471,0.00000000,0
12500.93333333,0.00003995,0.00000000,0
12500.98333333,0.00003414,0.00000000,0
12501.03333333,0.00004195,0.00000000,0
12501.08333333,0.00003248,0.00000000,0
12501.13333333,0.00002908,0.00000000,0
12501.18333333,0.00003137,0.00000000,0
12501.23333333,0.00002402,0.00000000,0
12501.28333333,0.00003462,0.00000000,0
12501.33333333,0.00002255,0.00000000,0
12501.38333333,0.00002709,0.00000000,0
12501.43333333,0.00002419,0.00000000,0
12501.48333333,0.00002653,0.00000000,0
12501.53333333,0.00002078,0.00000000,0
12501.58333333,0.00002638,0.00001398,10
12501.67500000,0.00002064,0.00001470,3
12501.73333333,0.00002529,0.00001725,3
12501.93333333,0.00002158,0.00000000,0
12502.53333333,0.00002130,0.00000000,0
12502.78333333,0.00000000,0.00001243,1
12502.88333333,0.00002537,0.00000000,0
12504.99166667,0.00003706,0.00000000,0
12505.16666667,0.00000000,0.00003657,1
12505.28333333,0.00000000,0.00002967,1
12507.19166667,0.00004513,0.00000000,0
12507.24166667,0.00005270,0.00000000,0
12508.15833333,0.00003895,0.00000000,0
12508.25000000,0.00007973,0.00000000,0
12508.36666667,0.00004545,0.00000000,0
12509.52500000,0.00009781,0.00012324,6
12509.53333333,0.00009863,0.00012318,6
12509.75000000,0.00002436,0.00001302,3
12509.77500000,0.00003203,0.00001153,2
12510.00000000,0.00009791,0.00003637,2
12511.47500000,0.00002283,0.00000000,0
12519.31666667,0.00018564,0.00010853,3
12519.33333333,0.00019816,0.00011300,3
12520.00000000,0.00008183,0.00000000,0
12521.82500000,0.00008498,0.00000000,0
12522.45000000,0.00002508,0.00000000,0
12525.00833333,0.00008303,0.00001176,0
12530.00000000,0.00026894,0.00008435,4
12534.38333333,0.00000000,0.00006427,1
12534.49166667,0.00000000,0.00002799,1
12535.00000000,0.00002344,0.00000000,0
12538.65833333,0.00000000,0.00001258,1
12540.00000000,0.00005093,0.00000000,0
12541.21666667,0.00032848,0.00000000,0
12542.15833333,0.00000000,0.00003686,1
12542.25000000,0.00000000,0.00002274,1
12545.00000000,0.00002817,0.00000000,0
12548.61666667,0.00083714,0.00058701,3
12548.82500000,0.00004439,0.00000000,0
12550.00000000,0.00013304,0.00014834,6
12554.65833333,0.00012527,0.00008128,3
12554.67500000,0.00013975,0.00008411,3
12554.74166667,0.00011032,0.00006317,3
12555.00000000,0.00004206,0.00001236,4
12558.60000000,0.00002232,0.00000000,0
12559.75000000,0.00000000,0.00001200,1
12560.00000000,0.00002513,0.00000000,0
12560.84166667,0.00002339,0.00000000,0
12563.43333333,0.00010776,0.00004992,2
12565.66666667,0.00000000,0.00002538,1
12565.78333333,0.00000000,0.00002448,1
12566.66666667,0.00022291,0.00007696,2
12567.84166667,0.00002247,0.00000000,0
12570.00000000,0.00032901,0.00012102,2
12575.00000000,0.00024738,0.00013182,3
12578.52500000,0.00002170,0.00000000,0
12580.00000000,0.00002397,0.00001237,2
12582.66666667,0.00002331,0.00000000,0
12582.68333333,0.00002393,0.00000000,0
12583.92500000,0.00004589,0.00000000,0
12583.95000000,0.00005253,0.00000000,0
12584.52500000,0.00011210,0.00000000,0
12584.55000000,0.00012578,0.00000000,0
12584.64166667,0.00007275,0.00000000,0
12585.22500000,0.00004539,0.00003179,3
12585.92500000,0.00000000,0.00001317,1
12588.15833333,0.00002277,0.00000000,0
12588.19166667,0.00002781,0.00000000,0
12589.28333333,0.00002148,0.00000000,0
12590.00000000,0.00028051,0.00010648,2
12594.66666667,0.00012780,0.00009599,3
12594.67500000,0.00012722,0.00009593,3
12594.99166667,0.00004897,0.00000000,0
12597.65833333,0.00010660,0.00003494,4
12599.99166667,0.00008899,0.00008859,5
12602.06666667,0.00000000,0.00005271,1
12602.18333333,0.00000000,0.00002751,1
12605.00000000,0.00002189,0.00000000,0
12607.42500000,0.00002461,0.00000000,0
12608.62500000,0.00010264,0.00001920,4
12608.63333333,0.00010406,0.00002133,4
12608.95000000,0.00049024,0.00026910,3
12609.01666667,0.00044711,0.00027187,3
12609.15000000,0.00017745,0.00000000,0
12610.00000000,0.00083768,0.00026827,4
12611.45833333,0.00000000,0.00001352,1
12613.61666667,0.00002112,0.00001193,3
12613.73333333,0.00027529,0.00019735,3
12613.91666667,0.05962731,0.03272567,3
12614.12500000,0.00008401,0.00005542,3
12614.20833333,0.00002139,0.00000000,0
12615.00833333,0.00002363,0.00000000,0
12615.19166667,0.00006189,0.00002020,4
12615.57500000,0.00008736,0.00000000,0
12615.89166667,0.00002698,0.00000000,0
12617.15833333,0.00006310,0.00002316,2
12617.18333333,0.00007166,0.00000000,0
12617.26666667,0.00005651,0.00005266,5
12618.48333333,0.00003975,0.00002829,3
12618.60833333,0.00002297,0.00001193,10
12619.96666667,0.00007042,0.00000000,0
12620.00833333,0.00008787,0.00000000,0
12620.05000000,0.00003969,0.00003296,5
12620.20000000,0.00678490,0.00496992,3
12620.28333333,0.00545951,0.00386441,3
12620.45833333,0.00000000,0.00001430,1
12620.53333333,0.00000000,0.00003365,1
12620.64166667,0.00058077,0.00035483,3
12620.67500000,0.00063987,0.00021832,2
12620.75833333,0.00037987,0.00038391,5
12620.87500000,0.00000000,0.00002345,1
12622.89166667,0.00011879,0.00000000,0
12624.62500000,0.00023639,0.00023334,5
12625.00000000,0.00025025,0.00003018,0
12626.69166667,0.00002099,0.00001566,3
12629.23333333,0.01031740,0.00833310,5
12629.30833333,0.00796520,0.00696179,5
12630.00000000,0.00067835,0.00019178,4
12632.75000000,0.00000000,0.00001796,1
12633.22500000,0.00003253,0.00002118,3
12633.23333333,0.00003343,0.00002133,3
12633.35000000,0.00002483,0.00000000,0
12635.00000000,0.00009331,0.00000000,0
12636.74166667,0.00004819,0.00003338,3
12636.85000000,0.00000000,0.00001232,1
12640.00000000,0.00004453,0.00000000,0
12644.99166667,0.00002065,0.00000000,0
12646.22500000,0.00002106,0.00000000,0
12646.43333333,0.00009977,0.00003750,2
12646.52500000,0.00021501,0.00005999,4
12646.53333333,0.00019654,0.00005945,4
12647.38333333,0.00002208,0.00000000,0
12647.46666667,0.00010602,0.00000000,0
12647.55000000,0.00013203,0.00000000,0
12647.65000000,0.00006762,0.00000000,0
12650.00000000,0.00034033,0.00008798,4
12651.80000000,0.00002209,0.00000000,0
12655.00000000,0.00006011,0.00000000,0
12656.25000000,0.00016218,0.00005381,2
12658.12500000,0.00002618,0.00000000,0
12658.13333333,0.00002634,0.00000000,0
12658.20833333,0.00002478,0.00000000,0
12658.73333333,0.00008405,0.00000000,0
12658.84166667,0.00004928,0.00000000,0
12660.00000000,0.00020932,0.00004853,4
12665.09166667,0.00000000,0.00003921,1
12667.90000000,0.00001995,0.00000000,0
12670.00000000,0.00125382,0.00042562,2
12670.90833333,0.00003157,0.00000000,0
12675.00000000,0.00052293,0.00008365,0
12677.19166667,0.00000000,0.00009758,1
12680.00000000,0.00018377,0.00003939,4
12684.19166667,0.00053494,0.00001986,0
12685.54166667,0.00002150,0.00000000,0
12688.07500000,0.00030360,0.00000000,0
12688.16666667,0.00016355,0.00000000,0
12690.00000000,0.00149772,0.00050899,2
12691.31666667,0.00009216,0.00000000,0
12691.40833333,0.00004686,0.00000000,0
12691.91666667,0.00002991,0.00000000,0
12692.80833333,0.00049645,0.00022966,2
12695.00000000,0.00004446,0.00000000,0
12695.31666667,0.00016795,0.00005885,2
12697.10833333,0.00005021,0.00000000,0
12700.00000000,0.00023672,0.00019168,5
12710.00000000,0.00148523,0.00050919,2
12712.60833333,0.00003539,0.00000000,0
12714.96666667,0.00002006,0.00001340,3
12715.00000000,0.00000000,0.00001625,1
12717.97500000,0.00000000,0.00002952,1
12718.10833333,0.00000000,0.00001705,1
12720.00000000,0.00017068,0.00003324,4
12723.81666667,0.00003890,0.00000000,0
12723.85000000,0.00004447,0.00001297,4
12723.88333333,0.00003612,0.00001489,2
12725.00000000,0.00005785,0.00001938,2
12730.00000000,0.00074760,0.00025664,2
12731.07500000,0.00003446,0.00000000,0
12733.30833333,0.00004557,0.00001791,2
12733.33333333,0.00005159,0.00001623,4
12734.38333333,0.00000000,0.00001552,1
12734.59166667,0.00000000,0.00001254,1
12735.00833333,0.00003056,0.00000000,0
12740.00000000,0.00007739,0.00001359,4
12741.82500000,0.00005388,0.00005879,6
12741.85000000,0.00004697,0.00005557,6
12742.01666667,0.00002231,0.00002543,6
12743.10833333,0.00000000,0.00001580,1
12743.32500000,0.00002553,0.00002206,5
12743.33333333,0.00002499,0.00002277,5
12743.50833333,0.00007493,0.00010131,6
12744.15000000,0.00012091,0.00004485,2
12750.00000000,0.00166346,0.00052411,4
12751.15000000,0.00019831,0.00015634,5
12753.90833333,0.00002198,0.00001252,3
12754.55833333,0.00015806,0.00011507,3
12758.53333333,0.00000000,0.00001736,1
12758.89166667,0.00014253,0.00000000,0
12759.50833333,0.00004438,0.00000000,0
12759.82500000,0.00004670,0.00000000,0
12760.01666667,0.00021027,0.00006620,4
12760.10000000,0.00002147,0.00000000,0
12760.23333333,0.00027769,0.00016235,3
12760.40000000,0.04644252,0.02204515,2
12760.43333333,0.04213194,0.02043961,2
12760.62500000,0.00006402,0.00003819,3
12762.48333333,0.00005684,0.00001182,4
12768.55000000,0.00003023,0.00002221,3
12770.00000000,0.00168784,0.00057578,2
12772.54166667,0.00004147,0.00003318,5
12775.00000000,0.00010013,0.00001749,4
12779.74166667,0.00002072,0.00001981,5
12780.00000000,0.00030332,0.00009073,4
12783.20000000,0.00000000,0.00001249,1
12790.00000000,0.00102162,0.00033025,4
12792.96666667,0.00024287,0.00010107,2
12792.97500000,0.00024513,0.00009880,2
12800.00000000,0.00022399,0.00004741,4
12810.00000000,0.00068215,0.00022543,2
12812.75000000,0.00007663,0.00005005,3
12812.77500000,0.00007074,0.00004253,3
12813.42500000,0.00000000,0.00008796,1
12813.53333333,0.00000000,0.00003383,1
12814.22500000,0.00008770,0.00004321,2
12814.30000000,0.00011349,0.00004058,2
12814.33333333,0.00009528,0.00004627,2
12817.37500000,0.00002237,0.00000000,0
12817.83333333,0.00000000,0.00014884,1
12820.00000000,0.00019990,0.00005381,4
12822.26666667,0.00000000,0.00001501,1
12822.28333333,0.00000000,0.00001570,1
12824.80833333,0.00000000,0.00001987,1
12825.00000000,0.00015870,0.00005703,2
12830.00000000,0.00072871,0.00027550,2
12840.00833333,0.00000000,0.00001159,1
12841.28333333,0.00007057,0.00006100,5
12841.79166667,0.00013024,0.00006677,2
12843.68333333,0.00000000,0.00004781,1
12843.80000000,0.00000000,0.00002836,1
12846.91666667,0.00000000,0.00001283,1
12850.00000000,0.00104573,0.00040874,2
12859.99166667,0.00033287,0.00006377,4
12870.00000000,0.00114122,0.00040682,2
12870.61666667,0.00006469,0.00002347,2
12870.64166667,0.00005884,0.00002674,2
12871.10000000,0.00000000,0.00001257,1
12875.00000000,0.00024197,0.00009555,2
12878.41666667,0.00000000,0.00006543,1
12878.51666667,0.00000000,0.00002515,1
12880.00000000,0.00022946,0.00006111,4
12890.00000000,0.00115530,0.00041982,2
12890.62500000,0.00005797,0.00001870,4
12890.65000000,0.00006353,0.00002099,2
12899.04166667,0.00000000,0.00001505,1
12900.00000000,0.00039462,0.00016230,2
12901.70833333,0.00000000,0.00001588,1
12906.58333333,0.00000000,0.00004092,1
12906.94166667,0.00011897,0.00000000,0
12908.02500000,0.00004173,0.00000000,0
12908.07500000,0.00004697,0.00000000,0
12910.00000000,0.00191156,0.00067423,2
12915.00833333,0.00009240,0.00000000,0
12920.00000000,0.00014975,0.00005035,2
12922.13333333,0.00002296,0.00000000,0
12922.25000000,0.00002308,0.00000000,0
12925.00000000,0.00017952,0.00005377,4
12927.81666667,0.00000000,0.00001409,1
12929.69166667,0.00002108,0.00000000,0
12930.00000000,0.00256621,0.00088849,2
12930.95000000,0.00099164,0.00064076,3
12930.98333333,0.00118660,0.00062291,10
12931.05000000,0.00082669,0.00048496,3
12934.83333333,0.00012729,0.00000000,0
12934.93333333,0.00006639,0.00000000,0
12935.42500000,0.00006151,0.00000000,0
12935.43333333,0.00006284,0.00000000,0
12935.53333333,0.00003451,0.00000000,0
12936.34166667,0.00002660,0.00000000,0
12937.00000000,0.00000000,0.00002119,1
12939.00000000,0.00000000,0.00003803,1
12939.11666667,0.00000000,0.00002588,1
12939.44166667,0.00013748,0.00004826,2
12940.00833333,0.00018743,0.00006041,4
12944.66666667,0.00032672,0.00040104,6
12944.68333333,0.00032557,0.00038650,6
12950.00000000,0.00204341,0.00082748,2
12952.42500000,0.00002147,0.00000000,0
12953.78333333,0.00000000,0.00007623,1
12953.87500000,0.00000000,0.00004089,1
12954.61666667,0.00006212,0.00000000,0
12955.00833333,0.00002536,0.00001177,2
12960.00000000,0.00015783,0.00005727,2
12960.86666667,0.00010437,0.00003205,4
12960.88333333,0.00009953,0.00002747,4
12966.17500000,0.00003646,0.00000000,0
12966.25833333,0.00003908,0.00000000,0
12967.78333333,0.00000000,0.00001156,1
12968.76666667,0.00002037,0.00000000,0
12970.00000000,0.00140565,0.00055214,2
12975.00000000,0.00003687,0.00000000,0
12975.83333333,0.00010505,0.00003076,4
12980.00000000,0.00028214,0.00009708,2
12980.46666667,0.00002515,0.00001154,2
12980.47500000,0.00002345,0.00000000,0
12981.60000000,0.00000000,0.00001231,1
12981.95833333,0.00004093,0.00000000,0
12982.04166667,0.00005886,0.00000000,0
12982.08333333,0.00004019,0.00000000,0
12987.84166667,0.00000000,0.00002574,1
12988.26666667,0.00002893,0.00000000,0
12988.30000000,0.00002142,0.00001376,3
12990.00000000,0.00144589,0.00055395,2
12993.66666667,0.00015321,0.00005162,2
12993.72500000,0.00018035,0.00002978,4
12993.75833333,0.00016457,0.00003769,4
12998.05833333,0.00000000,0.00001336,1
13000.00833333,0.00003328,0.00002352,3
13001.50833333,0.00000000,0.00003578,1
13001.62500000,0.00000000,0.00002981,1
13006.26666667,0.00005093,0.00007344,6
13008.03333333,0.00002877,0.00000000,0
13010.00000000,0.00163987,0.00062369,2
13015.00000000,0.00002389,0.00001188,2
13017.25000000,0.00093008,0.00052879,3
13017.28333333,0.00103647,0.00047258,2
13017.34166667,0.00074731,0.00028593,2
13018.30833333,0.00021642,0.00008683,2
13020.00000000,0.00027138,0.00009561,2
13021.60833333,0.00007952,0.00002097,4
13025.00000000,0.00010665,0.00002906,4
13025.52500000,0.00015519,0.00007749,2
13025.53333333,0.00016420,0.00007922,2
13025.62500000,0.00012949,0.00004603,2
13027.33333333,0.00002425,0.00000000,0
13030.00000000,0.00177129,0.00067898,2
13030.33333333,0.00002079,0.00000000,0
13033.09166667,0.00016813,0.00003984,4
13033.20000000,0.00011171,0.00003081,4
13035.00833333,0.00000000,0.00001177,1
13037.06666667,0.00004072,0.00001982,2
13037.08333333,0.00003820,0.00002415,3
13040.00000000,0.00023583,0.00009951,2
13046.85833333,0.00003682,0.00001979,3
13046.87500000,0.00003820,0.00001907,2
13050.00000000,0.00175180,0.00070512,2
13055.00833333,0.00002761,0.00000000,0
13060.00000000,0.00024927,0.00009306,2
13064.45000000,0.00000000,0.00006851,1
13064.56666667,0.00000000,0.00001800,1
13066.40833333,0.00000000,0.00001425,1
13067.85833333,0.00019945,0.00008765,2
13067.88333333,0.00018913,0.00007697,2
13070.00000000,0.00181846,0.00071467,2
13072.64166667,0.00000000,0.00002999,1
13073.52500000,0.00000000,0.00005605,1
13073.64166667,0.00000000,0.00005002,1
13075.00000000,0.00007355,0.00002063,4
13076.16666667,0.00003450,0.00001262,2
13076.17500000,0.00003507,0.00001352,2
13077.01666667,0.00002209,0.00002093,5
13077.06666667,0.00003027,0.00001413,2
13077.13333333,0.00002205,0.00002232,5
13080.00000000,0.00029978,0.00013156,2
13085.93333333,0.00030520,0.00011418,2
13087.11666667,0.00106061,0.00027033,4
13087.13333333,0.00115719,0.00028553,4
13087.20833333,0.00080634,0.00015202,4
13087.40833333,0.00054333,0.00014331,4
13087.43333333,0.00060869,0.00014972,4
13087.50000000,0.00042861,0.00007897,4
13090.00000000,0.00204913,0.00082347,2
13095.00000000,0.00003052,0.00000000,0
13100.00000000,0.00046218,0.00013481,4
13102.87500000,0.00077369,0.00024589,4
13102.96666667,0.00062780,0.00015230,4
13105.17500000,0.00003806,0.00000000,0
13108.55000000,0.00004270,0.00001825,2
13108.57500000,0.00004657,0.00001650,2
13110.00000000,0.00154124,0.00062436,2
13110.43333333,0.00428633,0.00246586,3
13112.24166667,0.00007299,0.00002261,4
13112.28333333,0.00006006,0.00002040,2
13112.95833333,0.00006807,0.00002845,2
13112.99166667,0.00007946,0.00001955,4
13113.05833333,0.00005621,0.00000000,0
13113.75833333,0.00002805,0.00001359,2
13115.00000000,0.00005524,0.00000000,0
13119.96666667,0.00017448,0.00006303,2
13120.00000000,0.00013784,0.00007483,3
13120.06666667,0.00065923,0.00001406,0
13120.15833333,0.00035942,0.00001761,0
13121.01666667,0.00000000,0.00007574,1
13121.12500000,0.00003064,0.00028522,1
13121.22500000,0.00000000,0.00014293,1
13125.00000000,0.00069241,0.00018942,4
13130.00000000,0.00122212,0.00051001,2
13134.75000000,0.00003012,0.00000000,0
13135.00833333,0.00002637,0.00001917,3
13135.03333333,0.00002218,0.00002369,6
13135.14166667,0.00000000,0.00001231,1
13140.00000000,0.00022012,0.00006135,4
13143.80833333,0.00000000,0.00005108,1
13143.92500000,0.00000000,0.00002464,1
13149.81666667,0.00010199,0.00003433,2
13149.85000000,0.00011126,0.00002553,4
13150.00000000,0.00144729,0.00062001,2
13155.00833333,0.00002037,0.00000000,0
13160.00000000,0.00022972,0.00009071,2
13160.29166667,0.00007853,0.00002094,4
13169.13333333,0.00005785,0.00002152,2
13170.00000000,0.00129372,0.00057672,2
13173.84166667,0.00001992,0.00000000,0
13175.00000000,0.00013777,0.00003765,4
13180.00000000,0.00012207,0.00002549,4
13182.36666667,0.00014721,0.00011470,5
13190.00000000,0.00094383,0.00044650,2
13193.85000000,0.00000000,0.00003522,1
13193.98333333,0.00000000,0.00001280,1
13194.91666667,0.00053496,0.00013775,4
13194.93333333,0.00056006,0.00012376,4
13195.00000000,0.00040118,0.00008404,4
13198.71666667,0.00033306,0.00000000,0
13198.79166667,0.00015845,0.00000000,0
13200.00000000,0.00014112,0.00002209,0
13205.84166667,0.00002511,0.00000000,0
13210.00000000,0.00077229,0.00035874,2
13219.08333333,0.00482406,0.00187628,2
13220.00000000,0.00013218,0.00001978,0
13221.45000000,0.00002450,0.00001311,3
13221.47500000,0.00002627,0.00001478,3
13221.90000000,0.00050648,0.00020956,2
13221.93333333,0.00042773,0.00015790,2
13224.21666667,0.00000000,0.00002842,1
13224.24166667,0.00002094,0.00002501,6
13225.00000000,0.00007111,0.00000000,0
13226.41666667,0.00021672,0.00006075,4
13230.00000000,0.00076265,0.00039939,10
13232.40833333,0.00002981,0.00000000,0
13233.32500000,0.00002414,0.00000000,0
13238.40833333,0.00002428,0.00000000,0
13240.00000000,0.00012708,0.00004577,2
13243.25000000,0.00000000,0.00001330,1
13249.55833333,0.00002284,0.00000000,0
13250.00000000,0.00063149,0.00037144,3
13255.00000000,0.00002986,0.00000000,0
13260.00000000,0.00015727,0.00004702,4
13262.01666667,0.00010450,0.00000000,0
13263.90000000,0.00003855,0.00001480,2
13270.00000000,0.00058789,0.00031969,3
13270.91666667,0.00004513,0.00000000,0
13274.01666667,0.00007889,0.00003671,2
13274.09166667,0.00005431,0.00009373,7
13275.00000000,0.00010319,0.00003111,4
13280.00000000,0.00016525,0.00007020,2
13280.15833333,0.00003062,0.00000000,0
13281.25000000,0.00009503,0.00004923,2
13285.42500000,0.00000000,0.00001486,1
13290.00000000,0.00049705,0.00027731,3
13295.88333333,0.00007062,0.00000000,0
13300.00000000,0.00022066,0.00010332,2
13301.60000000,0.00000000,0.00002030,1
13303.31666667,0.00004161,0.00001754,2
13303.34166667,0.00004754,0.00001932,2
13303.40833333,0.00003819,0.00000000,0
13310.00000000,0.00050301,0.00027997,3
13315.00833333,0.00000000,0.00001303,1
13320.00000000,0.00007641,0.00002327,4
13321.19166667,0.00000000,0.00001394,1
13325.00000000,0.00000000,0.00003564,1
13325.38333333,0.00000000,0.00001220,1
13330.00000000,0.00061762,0.00038863,3
13334.28333333,0.00170634,0.00128650,3
13340.00000000,0.00010700,0.00004612,2
13343.73333333,0.00000000,0.00003268,1
13343.84166667,0.00000000,0.00001866,1
13350.00000000,0.00069729,0.00036502,10
13354.99166667,0.00002487,0.00000000,0
13358.25833333,0.00003658,0.00000000,0
13358.35833333,0.00004387,0.00000000,0
13360.00000000,0.00011059,0.00008340,3
13366.07500000,0.00000000,0.00001815,1
13368.70833333,0.00000000,0.00001220,1
13368.82500000,0.00000000,0.00001307,1
13370.00000000,0.00077363,0.00049473,3
13375.00000000,0.00014046,0.00006546,2
13378.78333333,0.00000000,0.00001184,1
13380.00000000,0.00007976,0.00004863,3
13384.53333333,0.00000000,0.00002776,1
13390.00000000,0.00085399,0.00058736,3
13395.62500000,0.00007339,0.00002493,2
13400.00000000,0.00024725,0.00017570,3
13403.21666667,0.00002771,0.00000000,0
13403.25833333,0.00002471,0.00001296,10
13406.50833333,0.00024276,0.00003521,0
13406.53333333,0.00022226,0.00002594,0
13408.96666667,0.00004613,0.00001535,2
13408.97500000,0.00004713,0.00001502,4
13410.00000000,0.00094598,0.00068901,3
13410.38333333,0.00012389,0.00000000,0
13415.06666667,0.00006302,0.00000000,0
13415.15833333,0.00002595,0.00000000,0
13420.00000000,0.00011172,0.00009617,5
13424.87500000,0.00000000,0.00002394,1
13425.02500000,0.00000000,0.00001953,1
13430.00000000,0.00094815,0.00073368,5
13440.00000000,0.00012698,0.00007649,3
13446.42500000,0.00005513,0.00000000,0
13446.44166667,0.00005727,0.00000000,0
13446.53333333,0.00003347,0.00000000,0
13447.78333333,0.00000000,0.00001534,1
13447.89166667,0.00000000,0.00001931,1
13449.32500000,0.00038432,0.00020901,3
13449.45000000,0.00054278,0.00021846,2
13449.47500000,0.00058323,0.00021111,2
13449.57500000,0.00026664,0.00007516,4
13450.00000000,0.00096534,0.00084974,5
13460.00000000,0.00013165,0.00010894,5
13463.05000000,0.00011160,0.00002263,4
13463.15000000,0.00006680,0.00001974,4
13470.00000000,0.00114271,0.00099743,5
13475.00000000,0.00007750,0.00004681,3
13476.55833333,0.00009009,0.00006107,3
13480.00000000,0.00015627,0.00008686,3
13490.00000000,0.00118780,0.00115344,5
13490.82500000,0.00000000,0.00001162,1
13498.57500000,0.00006654,0.00000000,0
13500.00000000,0.00005613,0.00020195,8
13510.00000000,0.00113627,0.00117553,5
13512.36666667,0.00002810,0.00000000,0
13515.63333333,0.00002973,0.00001912,3
13519.00833333,0.00017313,0.00008705,2
13520.00000000,0.00016976,0.00011928,3
13525.00000000,0.00003159,0.00003451,6
13530.00000000,0.00098402,0.00112971,6
13540.00000000,0.00012736,0.00017435,6
13550.00000000,0.00069875,0.00097173,6
13560.00000000,0.00008214,0.00008204,5
13561.84166667,0.00000000,0.00002421,1
13561.88333333,0.00000000,0.00003152,1
13565.19166667,0.00007635,0.00000000,0
13565.29166667,0.00003894,0.00000000,0
13567.60000000,0.00000000,0.00001776,1
13570.00000000,0.00056449,0.00078325,6
13574.06666667,0.00004435,0.00000000,0
13575.00000000,0.00002138,0.00003647,7
13580.00000000,0.00005699,0.00013367,8
13583.63333333,0.00002775,0.00000000,0
13586.20000000,0.00002788,0.00000000,0
13586.29166667,0.00002386,0.00000000,0
13590.00000000,0.00044894,0.00068284,7
13593.75000000,0.00002697,0.00002535,5
13595.00000000,0.00000000,0.00001794,1
13600.00000000,0.00008649,0.00011425,6
13602.43333333,0.00003860,0.00000000,0
13604.19166667,0.00002184,0.00000000,0
13608.03333333,0.00000000,0.00005953,1
13608.13333333,0.00005880,0.00022129,9
13608.23333333,0.00002574,0.00019099,1
13610.00000000,0.00040234,0.00070178,7
13610.20000000,0.00064624,0.00021486,2
13610.24166667,0.00077940,0.00018089,4
13610.30833333,0.00053721,0.00020546,2
13613.26666667,0.00002233,0.00000000,0
13614.16666667,0.00003587,0.00004612,6
13614.18333333,0.00003722,0.00004399,6
13614.99166667,0.00000000,0.00001395,1
13620.00000000,0.00003948,0.00011677,8
13623.04166667,0.00000000,0.00001671,1
13623.28333333,0.00007613,0.00006139,5
13624.40833333,0.00007586,0.00002659,2
13625.00000000,0.00004942,0.00007474,7
13625.55000000,0.00018520,0.00000000,0
13625.65833333,0.00010190,0.00000000,0
13626.35000000,0.00011485,0.00005647,2
13630.00000000,0.00033945,0.00069122,7
13634.32500000,0.00004835,0.00000000,0
13638.51666667,0.00000000,0.00001310,1
13638.62500000,0.00000000,0.00001186,1
13640.00000000,0.00004013,0.00012553,8
13650.00000000,0.00028906,0.00047823,7
13652.77500000,0.00000000,0.00001563,1
13652.83333333,0.00000000,0.00002391,1
13652.87500000,0.00000000,0.00002322,1
13655.52500000,0.00002365,0.00001213,2
13660.00000000,0.00002318,0.00012611,9
13665.91666667,0.00106508,0.00065555,3
13666.00000000,0.00090377,0.00222667,8
13670.00000000,0.00019548,0.00052558,8
13671.86666667,0.00002692,0.00004966,7
13671.87500000,0.00002794,0.00004954,7
13674.99166667,0.00000000,0.00004687,1
13679.63333333,0.00002371,0.00000000,0
13680.00000000,0.00000000,0.00009025,1
13687.29166667,0.00002993,0.00000000,0
13689.68333333,0.00000000,0.00001321,1
13690.00000000,0.00015034,0.00050124,8
13694.79166667,0.00003613,0.00002365,3
13694.82500000,0.00004795,0.00001266,4
13694.90833333,0.00002806,0.00004933,7
13698.45000000,0.00067199,0.00011223,4
13698.49166667,0.00083512,0.00008147,0
13698.55000000,0.00062453,0.00013847,4
13700.00000000,0.00004611,0.00006851,7
13700.98333333,0.00000000,0.00003579,1
13703.21666667,0.00000000,0.00001681,1
13708.37500000,0.00002783,0.00002582,5
13709.73333333,0.00002633,0.00000000,0
13710.00000000,0.00010411,0.00045363,9
13710.41666667,0.00002143,0.00000000,0
13712.80000000,0.00000000,0.00001201,1
13717.14166667,0.00006635,0.00008204,6
13717.25833333,0.00004653,0.00007847,7
13720.00000000,0.00000000,0.00008664,1
13720.86666667,0.00000000,0.00001694,1
13723.75833333,0.00003090,0.00003462,6
13723.81666667,0.00000000,0.00003187,1
13725.00000000,0.00000000,0.00005332,1
13730.00000000,0.00007647,0.00034851,9
13731.28333333,0.00006322,0.00000000,0
13731.39166667,0.00002321,0.00000000,0
13735.46666667,0.00002108,0.00001888,5
13735.53333333,0.00000000,0.00003198,1
13735.57500000,0.00000000,0.00001656,1
13739.60833333,0.00075147,0.00043476,3
13740.00000000,0.00000000,0.00004686,1
13743.18333333,0.00002902,0.00002382,5
13749.80000000,0.00005219,0.00001423,4
13749.82500000,0.00006118,0.00000000,0
13750.00000000,0.00007029,0.00003367,2
13750.54166667,0.00006437,0.00000000,0
13757.36666667,0.00006611,0.00002044,4
13759.80000000,0.00006346,0.00000000,0
13759.91666667,0.00002623,0.00002380,5
13760.00000000,0.00000000,0.00007431,1
13760.62500000,0.00004179,0.00001281,4
13760.91666667,0.00002503,0.00000000,0
13764.68333333,0.00009336,0.00005123,3
13769.44166667,0.00002336,0.00000000,0
13769.65000000,0.00004116,0.00001564,2
13770.00000000,0.00006119,0.00024703,9
13770.15000000,0.00005302,0.00000000,0
13774.04166667,0.00003343,0.00002156,3
13774.14166667,0.00002046,0.00002934,6
13774.99166667,0.00005649,0.00004796,5
13777.69166667,0.00031365,0.00000000,0
13777.80000000,0.00015856,0.00000000,0
13780.00000000,0.00000000,0.00005602,1
13783.00833333,0.00000000,0.00001296,1
13787.05833333,0.00011666,0.00007130,3
13790.00000000,0.00004823,0.00021484,9
13793.58333333,0.00000000,0.00001384,1
13794.70000000,0.00005257,0.00000000,0
13794.80000000,0.00007093,0.00000000,0
13796.59166667,0.00013880,0.00000000,0
13800.00000000,0.00003376,0.00012182,8
13808.96666667,0.00003624,0.00004351,6
13809.03333333,0.00002497,0.00003702,7
13810.00000000,0.00005570,0.00018963,8
13815.00833333,0.00000000,0.00002339,1
13816.35833333,0.00020762,0.00006377,4
13817.77500000,0.00002657,0.00000000,0
13817.99166667,0.00006110,0.00000000,0
13818.09166667,0.00003001,0.00000000,0
13818.36666667,0.00000000,0.00001334,1
13818.52500000,0.00003696,0.00000000,0
13818.54166667,0.00003752,0.00000000,0
13820.00000000,0.00000000,0.00006057,1
13821.83333333,0.00000000,0.00001423,1
13822.29166667,0.00211351,0.00218687,5
13823.08333333,0.00007499,0.00005679,3
13824.88333333,0.00014244,0.00009643,3
13825.00000000,0.00000000,0.00004634,1
13825.99166667,0.00000000,0.00001201,1
13826.90000000,0.00003572,0.00000000,0
13829.51666667,0.00004066,0.00001842,2
13829.53333333,0.00003938,0.00001930,2
13830.00000000,0.00009686,0.00024344,8
13840.00000000,0.00000000,0.00004673,1
13841.60833333,0.00003155,0.00002238,3
13841.64166667,0.00003937,0.00002002,2
13841.80833333,0.00004589,0.00000000,0
13842.84166667,0.00008438,0.00000000,0
13850.00000000,0.00010876,0.00035744,8
13852.56666667,0.00006386,0.00000000,0
13859.70833333,0.00054828,0.00004418,0
13859.72500000,0.00067153,0.00003835,0
13859.83333333,0.00053515,0.00012377,4
13859.99166667,0.00000000,0.00005663,1
13865.90000000,0.00002908,0.00000000,0
13866.90000000,0.00003494,0.00003131,5
13867.18333333,0.00002648,0.00004084,7
13869.37500000,0.00024100,0.00017115,3
13870.00000000,0.00016303,0.00033479,7
13873.78333333,0.00000000,0.00001324,1
13875.00000000,0.00002984,0.00006577,8
13879.99166667,0.00000000,0.00004425,1
13885.05833333,0.00015741,0.00000000,0
13885.17500000,0.00007230,0.00000000,0
13885.65833333,0.00012207,0.00002774,4
13885.69166667,0.00010477,0.00003033,4
13885.85000000,0.00021497,0.00000000,0
13890.00000000,0.00017662,0.00031038,7
13891.72500000,0.00000000,0.00001197,1
13894.99166667,0.00000000,0.00001540,1
13898.55000000,0.00005041,0.00005332,6
13900.00000000,0.00003987,0.00009623,8
13901.65833333,0.00002807,0.00000000,0
13901.70000000,0.00002163,0.00000000,0
13902.13333333,0.00000000,0.00001887,1
13907.50833333,0.00022148,0.00020343,5
13910.00000000,0.00017494,0.00027342,7
13912.05833333,0.00000000,0.00002637,1
13912.17500000,0.00000000,0.00002615,1
13915.00000000,0.00000000,0.00001305,1
13915.08333333,0.00002501,0.00000000,0
13915.20000000,0.00002157,0.00000000,0
13919.64166667,0.00003870,0.00001904,2
13920.00000000,0.00000000,0.00003849,1
13920.81666667,0.00004719,0.00002350,2
13920.82500000,0.00004816,0.00002481,2
13925.00000000,0.00002253,0.00004664,7
13927.05000000,0.00007050,0.00000000,0
13927.15833333,0.00003688,0.00000000,0
13927.91666667,0.00003515,0.00000000,0
13930.00000000,0.00018955,0.00027796,7
13933.20833333,0.00005165,0.00000000,0
13933.30833333,0.00003645,0.00000000,0
13933.32500000,0.00003366,0.00000000,0
13933.49166667,0.00013271,0.00000000,0
13933.60833333,0.00007468,0.00000000,0
13935.00000000,0.00000000,0.00001422,1
13940.00000000,0.00000000,0.00004048,1
13940.34166667,0.00011693,0.00006494,3
13940.38333333,0.00010063,0.00009222,5
13940.50000000,0.00002240,0.00000000,0
13940.63333333,0.00229140,0.00014197,0
13940.74166667,0.00174954,0.00012317,0
13942.46666667,0.00127969,0.00031318,4
13942.49166667,0.00137224,0.00026830,4
13942.65833333,0.00004426,0.00000000,0
13950.00833333,0.00024196,0.00026283,6
13950.99166667,0.00017452,0.00000000,0
13951.10833333,0.00008695,0.00000000,0
13954.68333333,0.00006485,0.00001943,4
13954.75000000,0.00011129,0.00006760,3
13954.79166667,0.00009616,0.00009497,5
13960.00833333,0.00002243,0.00005479,8
13963.80000000,0.00000000,0.00001611,1
13965.56666667,0.00016053,0.00000000,0
13965.66666667,0.00008317,0.00001774,4
13965.67500000,0.00008505,0.00001767,4
13966.76666667,0.00005664,0.00000000,0
13966.85833333,0.00003873,0.00000000,0
13970.00000000,0.00028476,0.00033263,6
13975.00000000,0.00004452,0.00003968,5
13980.00000000,0.00002489,0.00003295,6
13986.39166667,0.00000000,0.00001801,1
13988.46666667,0.00000000,0.00001258,1
13988.47500000,0.00000000,0.00001249,1
13989.43333333,0.00000000,0.00001853,1
13989.50833333,0.00000000,0.00002177,1
13990.00000000,0.00033507,0.00033640,5
14000.00000000,0.00036058,0.00032665,5
14010.00000000,0.00039286,0.00037872,5
14013.25000000,0.00009138,0.00008755,5
14013.27500000,0.00010522,0.00006669,3
14013.35833333,0.00008966,0.00013506,7
14020.00000000,0.00002882,0.00003562,6
14025.00000000,0.00002146,0.00007041,8
14027.54166667,0.00005888,0.00001228,4
14027.58333333,0.00007071,0.00000000,0
14030.00000000,0.00046066,0.00042022,5
14032.90833333,0.00003741,0.00000000,0
14034.99166667,0.00000000,0.00001176,1
14039.96666667,0.00003726,0.00003790,5
14040.00000000,0.00004799,0.00003741,5
14040.24166667,0.00849299,0.00488589,3
14040.27500000,0.01129182,0.00245222,4
14040.35833333,0.01010128,0.01458994,6
14040.53333333,0.00002705,0.00001951,3
14040.65833333,0.00000000,0.00001230,1
14040.92500000,0.00015496,0.00007259,2
14044.31666667,0.00000000,0.00001363,1
14044.50000000,0.00000000,0.00001744,1
14050.00000000,0.00047898,0.00040101,5
14051.99166667,0.00071569,0.00011451,0
14052.10833333,0.00055547,0.00022503,2
14052.49166667,0.00010177,0.00007845,5
14052.60000000,0.00004208,0.00006723,7
14052.67500000,0.00002123,0.00002831,6
14053.31666667,0.00000000,0.00001866,1
14060.00000000,0.00005227,0.00002068,2
14062.22500000,0.00016123,0.00000000,0
14062.31666667,0.00005483,0.00000000,0
14062.34166667,0.00007220,0.00000000,0
14062.50000000,0.00127449,0.00034836,4
14064.68333333,0.00008080,0.00003796,2
14064.80833333,0.00000000,0.00005613,1
14064.84166667,0.00002421,0.00004780,7
14068.26666667,0.00005785,0.00002025,2
14068.28333333,0.00005750,0.00001945,2
14070.00000000,0.00052740,0.00041901,5
14075.00833333,0.00004215,0.00002181,2
14078.44166667,0.00013908,0.00000000,0
14078.54166667,0.00006056,0.00000000,0
14078.65000000,0.00002945,0.00000000,0
14080.00000000,0.00006399,0.00002849,2
14083.90000000,0.00004574,0.00000000,0
14084.01666667,0.00002228,0.00000000,0
14084.64166667,0.00004454,0.00005903,6
14084.72500000,0.00006606,0.00002631,2
14088.80833333,0.00007705,0.00005170,3
14088.83333333,0.00008678,0.00003425,2
14088.92500000,0.00005970,0.00010431,7
14090.00000000,0.00048690,0.00039013,5
14092.30833333,0.00007235,0.00000000,0
14092.34166667,0.00008525,0.00000000,0
14092.39166667,0.00005742,0.00000000,0
14094.99166667,0.00002061,0.00001306,3
14096.85000000,0.00005211,0.00002147,2
14096.88333333,0.00006646,0.00001280,4
14096.96666667,0.00004514,0.00007099,7
14100.00000000,0.00017064,0.00010671,3
14110.00000000,0.00053061,0.00037539,3
14114.99166667,0.00002797,0.00001364,2
14116.33333333,0.00005648,0.00000000,0
14116.42500000,0.00003220,0.00000000,0
14119.58333333,0.00005993,0.00000000,0
14119.68333333,0.00003391,0.00000000,0
14120.00000000,0.00010181,0.00002169,4
14124.00000000,0.00010881,0.00000000,0
14124.09166667,0.00005712,0.00000000,0
14124.99166667,0.00021457,0.00011593,3
14125.07500000,0.00003402,0.00009621,8
14130.00000000,0.00053824,0.00033816,3
14130.26666667,0.00014849,0.00000000,0
14130.38333333,0.00008312,0.00000000,0
14135.00833333,0.00002578,0.00001511,3
14138.65833333,0.00006730,0.00001520,4
14138.70833333,0.00007770,0.00000000,0
14140.00000000,0.00011730,0.00003645,4
14146.90833333,0.00008568,0.00000000,0
14147.01666667,0.00004169,0.00000000,0
14150.00000000,0.00050039,0.00030367,3
14155.00000000,0.00000000,0.00001159,1
14160.00833333,0.00012041,0.00003048,4
14164.96666667,0.00018735,0.00001196,0
14165.01666667,0.00018169,0.00002177,0
14165.03333333,0.00015784,0.00002040,0
14167.05000000,0.00004617,0.00000000,0
14167.07500000,0.00004193,0.00000000,0
14170.00000000,0.00049246,0.00027043,3
14174.99166667,0.00004423,0.00001153,4
14175.61666667,0.00004657,0.00000000,0
14178.01666667,0.00004380,0.00000000,0
14180.00000000,0.00007992,0.00004939,3
14180.05833333,0.00011822,0.00001420,0
14180.08333333,0.00008723,0.00001343,0
14184.35833333,0.00002305,0.00000000,0
14188.20833333,0.00000000,0.00001671,1
14188.31666667,0.00000000,0.00006079,1
14188.42500000,0.00000000,0.00007990,1
14189.21666667,0.00003188,0.00000000,0
14190.00000000,0.00046058,0.00026759,3
14199.50833333,0.00003449,0.00000000,0
14200.00000000,0.00031567,0.00024742,5
14204.15833333,0.00012082,0.00006020,2
14204.17500000,0.00012460,0.00005973,2
14205.35000000,0.00005420,0.00001951,2
14210.00000000,0.00048499,0.00025500,10
14217.49166667,0.00079412,0.00032044,2
14220.00000000,0.00008896,0.00003562,2
14225.00000000,0.00008991,0.00001792,4
14230.00000000,0.00053860,0.00029086,3
14232.06666667,0.00005037,0.00001797,2
14232.08333333,0.00005554,0.00001645,4
14235.00000000,0.00002550,0.00001289,2
14240.00000000,0.00008568,0.00004753,3
14241.83333333,0.00002213,0.00000000,0
14241.94166667,0.00002272,0.00000000,0
14247.04166667,0.00008215,0.00000000,0
14247.16666667,0.00002797,0.00000000,0
14250.00000000,0.00063942,0.00034350,3
14253.30000000,0.00000000,0.00002253,1
14255.00833333,0.00005571,0.00002584,2
14255.61666667,0.00013111,0.00005363,2
14255.62500000,0.00013168,0.00005363,2
14258.10000000,0.00002435,0.00000000,0
14259.99166667,0.00006925,0.00002977,2
14264.61666667,0.00000000,0.00001720,1
14268.87500000,0.00013599,0.00000000,0
14268.96666667,0.00010925,0.00000000,0
14270.00000000,0.00068079,0.00035167,2
14270.95000000,0.00002518,0.00000000,0
14270.99166667,0.00002943,0.00000000,0
14271.05833333,0.00000000,0.00001273,1
14274.74166667,0.00037107,0.00012449,2
14274.85833333,0.00026232,0.00015971,3
14275.00000000,0.00006283,0.00001850,4
14279.68333333,0.00002231,0.00000000,0
14280.00000000,0.00007602,0.00004737,3
14281.02500000,0.00044797,0.00012807,4
14281.03333333,0.00048473,0.00012914,4
14281.14166667,0.00033005,0.00017315,10
14282.22500000,0.00000000,0.00001156,1
14283.38333333,0.00000000,0.00003363,1
14284.83333333,0.00003131,0.00000000,0
14284.94166667,0.00002868,0.00000000,0
14287.65000000,0.00002529,0.00000000,0
14288.54166667,0.00010622,0.00002952,4
14290.00000000,0.00072025,0.00036372,2
14295.00833333,0.00007442,0.00003050,2
14296.99166667,0.00000000,0.00002098,1
14297.03333333,0.00002217,0.00002402,6
14300.00000000,0.00022414,0.00014811,3
14301.91666667,0.00003961,0.00001857,2
14302.70833333,0.00143985,0.00063330,2
14305.16666667,0.00041691,0.00000000,0
14305.27500000,0.00019338,0.00000000,0
14305.90000000,0.00029817,0.00000000,0
14306.00000000,0.00018849,0.00000000,0
14306.64166667,0.00003242,0.00001734,3
14308.62500000,0.00002101,0.00000000,0
14310.00000000,0.00073303,0.00035996,2
14315.00000000,0.00007097,0.00003232,2
14319.05000000,0.00005612,0.00000000,0
14319.14166667,0.00003049,0.00000000,0
14319.74166667,0.00015693,0.00000000,0
14319.85000000,0.00008024,0.00000000,0
14320.00000000,0.00007752,0.00006610,5
14325.00833333,0.00002582,0.00001925,3
14328.67500000,0.00002981,0.00000000,0
14328.78333333,0.00002931,0.00000000,0
14330.00000000,0.00073543,0.00033510,2
14330.20000000,0.00980384,0.00053520,0
14330.29166667,0.00842261,0.00032547,0
14331.04166667,0.00002977,0.00001872,3
14335.02500000,0.00004795,0.00001775,2
14337.92500000,0.00005616,0.00002031,2
14337.95000000,0.00006507,0.00002108,4
14340.00000000,0.00005912,0.00004101,3
14343.30000000,0.00006548,0.00000000,0
14343.45833333,0.00003172,0.00000000,0
14350.00000000,0.00064270,0.00038283,3
14355.00000000,0.00002686,0.00001835,3
14355.40833333,0.00003452,0.00000000,0
14355.55000000,0.00324209,0.00014290,0
14355.65833333,0.00241101,0.00015756,0
14356.50000000,0.00006355,0.00000000,0
14358.96666667,0.00002327,0.00000000,0
14360.00000000,0.00005981,0.00003226,3
14360.32500000,0.00006225,0.00002464,2
14360.41666667,0.00004187,0.00000000,0
14361.11666667,0.00011993,0.00000000,0
14361.21666667,0.00005198,0.00000000,0
14361.22500000,0.00005153,0.00000000,0
14364.37500000,0.00620303,0.00253104,2
14364.45833333,0.00400152,0.00236836,3
14364.66666667,0.00000000,0.00001800,1
14370.00000000,0.00075658,0.00033268,2
14372.54166667,0.00011172,0.00012785,6
14372.65833333,0.00007487,0.00017927,8
14375.00000000,0.00066208,0.00029136,2
14376.55000000,0.00000000,0.00001618,1
14376.66666667,0.00000000,0.00001630,1
14376.78333333,0.00000000,0.00002866,1
14377.25833333,0.00000000,0.00001206,1
14377.36666667,0.00000000,0.00001608,1
14379.88333333,0.00003205,0.00001242,2
14380.00000000,0.00009327,0.00005760,3
14382.76666667,0.00010547,0.00000000,0
14382.85833333,0.00006424,0.00000000,0
14385.39166667,0.00083730,0.00040168,2
14390.00000000,0.00074603,0.00031060,2
14393.12500000,0.00002789,0.00000000,0
14393.24166667,0.00000000,0.00001397,1
14395.00000000,0.00007271,0.00002846,2
14397.31666667,0.00003888,0.00000000,0
14397.33333333,0.00004127,0.00000000,0
14398.41666667,0.00040168,0.00003067,0
14398.44166667,0.00046475,0.00003179,0
14398.52500000,0.00032271,0.00008458,4
14398.53333333,0.00030240,0.00008333,4
14400.00000000,0.00051545,0.00026392,2
14404.30000000,0.00002414,0.00001572,3
14404.99166667,0.00002028,0.00000000,0
14408.75833333,0.00000000,0.00001371,1
14408.85000000,0.00000000,0.00002969,1
14410.00000000,0.00079130,0.00033093,2
14410.62500000,0.00000000,0.00002884,1
14414.99166667,0.00008090,0.00003735,2
14416.61666667,0.00003286,0.00004223,6
14416.62500000,0.00003195,0.00004273,6
14417.21666667,0.00094708,0.00045627,2
14417.23333333,0.00090456,0.00045069,2
14417.31666667,0.00104601,0.00043998,2
14420.00000000,0.00007880,0.00004878,3
14420.88333333,0.00000000,0.00002942,1
14421.02500000,0.00000000,0.00001218,1
14421.32500000,0.00003934,0.00000000,0
14421.46666667,0.00004386,0.00000000,0
14421.55000000,0.00002170,0.00000000,0
14422.15000000,0.00012336,0.00000000,0
14422.25000000,0.00007288,0.00000000,0
14422.34166667,0.00003522,0.00000000,0
14424.01666667,0.00012568,0.00021405,7
14425.00833333,0.00004358,0.00002713,3
14428.70000000,0.00002027,0.00000000,0
14430.00000000,0.00086546,0.00036547,2
14431.93333333,0.00000000,0.00001166,1
14433.31666667,0.00004457,0.00001568,2
14435.00000000,0.00006293,0.00001862,4
14435.20000000,0.00258424,0.00329280,6
14435.31666667,0.00177298,0.00389659,8
14435.32500000,0.00181420,0.00387063,11
14440.00000000,0.00011781,0.00004392,2
14443.77500000,0.00006004,0.00004138,3
14450.00000000,0.00093023,0.00036729,2
14450.15833333,0.00007493,0.00000000,0
14450.17500000,0.00008068,0.00000000,0
14450.28333333,0.00004147,0.00001293,4
14451.51666667,0.00002611,0.00000000,0
14451.54166667,0.00003061,0.00000000,0
14451.60833333,0.00003196,0.00000000,0
14451.64166667,0.00003002,0.00000000,0
14451.75833333,0.00022381,0.00000000,0
14451.85000000,0.00013776,0.00000000,0
14453.12500000,0.00007251,0.00001569,4
14455.00000000,0.00007334,0.00003125,2
14455.27500000,0.00002068,0.00000000,0
14457.78333333,0.00000000,0.00001415,1
14459.17500000,0.00002253,0.00000000,0
14459.27500000,0.00000000,0.00001609,1
14460.00000000,0.00011876,0.00003366,4
14461.65000000,0.00002546,0.00000000,0
14461.75000000,0.00009704,0.00000000,0
14461.85000000,0.00005465,0.00000000,0
14462.79166667,0.00002870,0.00000000,0
14462.91666667,0.00003236,0.00000000,0
14466.65833333,0.00003251,0.00000000,0
14469.48333333,0.00000000,0.00001320,1
14470.00000000,0.00090151,0.00036078,2
14475.00000000,0.00019302,0.00007699,2
14480.00000000,0.00012503,0.00005250,2
14482.35833333,0.00022922,0.00000000,0
14482.46666667,0.00012375,0.00000000,0
14484.69166667,0.00000000,0.00001419,1
14484.81666667,0.00000000,0.00001387,1
14490.00000000,0.00078873,0.00032820,2
14495.00000000,0.00010333,0.00004266,2
14500.00000000,0.00112083,0.00038493,2
14510.00000000,0.00067406,0.00026553,2
14515.00000000,0.00008517,0.00003184,2
14520.00000000,0.00008927,0.00004483,2
14520.67500000,0.00000000,0.00003265,1
14520.87500000,0.00002537,0.00000000,0
14524.76666667,0.00015760,0.00003421,4
14524.78333333,0.00017048,0.00003067,4
14524.89166667,0.00007641,0.00002705,2
14525.01666667,0.00006232,0.00000000,0
14530.00000000,0.00060534,0.00026642,2
14530.32500000,0.00000000,0.00001163,1
14531.81666667,0.00002377,0.00000000,0
14531.86666667,0.00003535,0.00000000,0
14535.00000000,0.00006545,0.00002276,2
14540.00000000,0.00010955,0.00006415,3
14540.10833333,0.00000000,0.00001252,1
14541.00000000,0.00006069,0.00000000,0
14541.07500000,0.00005368,0.00000000,0
14541.38333333,0.00001995,0.00000000,0
14550.00000000,0.00061642,0.00032329,10
14551.25000000,0.00020231,0.00003599,4
14551.36666667,0.00011779,0.00003435,4
14555.00000000,0.00004779,0.00001556,4
14556.46666667,0.00008327,0.00000000,0
14556.58333333,0.00004968,0.00000000,0
14560.00000000,0.00010712,0.00004253,2
14562.49166667,0.00002984,0.00000000,0
14563.11666667,0.00002751,0.00002262,5
14563.13333333,0.00002718,0.00002156,5
14568.00833333,0.00000000,0.00001606,1
14570.00000000,0.00091666,0.00034820,2
14571.50833333,0.00022399,0.00008354,2
14571.53333333,0.00025647,0.00007824,4
14571.63333333,0.00013566,0.00009610,3
14575.00000000,0.00014358,0.00002560,4
14576.35000000,0.00002144,0.00000000,0
14576.45000000,0.00002398,0.00000000,0
14577.46666667,0.00002377,0.00003653,7
14577.56666667,0.00003518,0.00001863,10
14577.58333333,0.00003230,0.00001977,3
14580.00000000,0.00010558,0.00004532,2
14580.25833333,0.00000000,0.00001240,1
14590.00000000,0.00108368,0.00039122,2
14595.00000000,0.00014983,0.00004437,4
14600.00000000,0.00122415,0.00040959,2
14603.46666667,0.00014384,0.00000000,0
14603.50000000,0.00011625,0.00000000,0
14603.60833333,0.00003509,0.00000000,0
14605.99166667,0.00004790,0.00002062,2
14608.60000000,0.00002517,0.00000000,0
14609.36666667,0.00003768,0.00001338,2
14609.37500000,0.00003735,0.00001358,2
14610.00000000,0.00120930,0.00043360,2
14615.00000000,0.00017761,0.00005683,4
14620.00000000,0.00019663,0.00004299,4
14622.43333333,0.00000000,0.00002326,1
14625.00000000,0.00006570,0.00004284,3
14626.60833333,0.00002246,0.00000000,0
14630.00000000,0.00132922,0.00046003,2
14634.17500000,0.00041086,0.00006339,0
14634.25833333,0.00063517,0.00012404,4
14634.27500000,0.00058463,0.00013023,4
14635.00000000,0.00013448,0.00004686,2
14636.96666667,0.00000000,0.00001457,1
14640.00000000,0.00021266,0.00003837,4
14645.20000000,0.00002337,0.00000000,0
14645.53333333,0.00002144,0.00000000,0
14646.23333333,0.00003498,0.00000000,0
14648.44166667,0.00021282,0.00008458,2
14650.00000000,0.00143419,0.00048376,2
14655.00000000,0.00008984,0.00002215,4
14655.67500000,0.00000000,0.00001976,1
14660.00000000,0.00023871,0.00005325,4
14665.50000000,0.00000000,0.00001700,1
14665.58333333,0.00000000,0.00001467,1
14669.92500000,0.00114394,0.00012876,0
14670.00000000,0.00184442,0.00045164,4
14670.05833333,0.00311913,0.00022757,0
14670.08333333,0.00281096,0.00009997,0
14670.19166667,0.00119030,0.00000000,0
14675.00000000,0.00011763,0.00001857,0
14676.80833333,0.00000000,0.00001301,1
14680.00000000,0.00024576,0.00003428,0
14683.57500000,0.00002985,0.00000000,0
14683.64166667,0.00004292,0.00000000,0
14683.67500000,0.00003720,0.00000000,0
14690.00000000,0.00124839,0.00037593,4
14695.00000000,0.00003877,0.00000000,0
14700.00000000,0.00050600,0.00015932,4
14710.00000000,0.00117240,0.00036552,4
14715.31666667,0.00009042,0.00000000,0
14718.37500000,0.00002041,0.00000000,0
14718.45000000,0.00003218,0.00002041,3
14718.47500000,0.00002811,0.00001807,3
14720.00000000,0.00022722,0.00002107,0
14725.00833333,0.00004845,0.00000000,0
14727.45833333,0.00007929,0.00000000,0
14729.36666667,0.00004978,0.00004705,5
14730.00000000,0.00110162,0.00031722,4
14735.00000000,0.00003303,0.00000000,0
14740.00000000,0.00019691,0.00002821,0
14740.30833333,0.00008798,0.00000000,0
14740.40000000,0.00007572,0.00000000,0
14741.85833333,0.00003002,0.00000000,0
14741.99166667,0.00203663,0.00012358,0
14742.10000000,0.00144559,0.00011046,0
14742.82500000,0.00005036,0.00000000,0
14742.94166667,0.00002057,0.00000000,0
14746.07500000,0.00002128,0.00000000,0
14747.69166667,0.00008583,0.00002286,4
14747.76666667,0.00007576,0.00003006,2
14750.00000000,0.00084518,0.00042169,2
14754.12500000,0.00000000,0.00001420,1
14754.99166667,0.00004376,0.00000000,0
14756.61666667,0.00005330,0.00001507,4
14756.63333333,0.00005190,0.00001309,4
14760.00000000,0.00020832,0.00002979,0
14763.41666667,0.00005691,0.00000000,0
14763.43333333,0.00005333,0.00000000,0
14765.61666667,0.00004314,0.00001161,4
14765.62500000,0.00004363,0.00001197,4
14766.48333333,0.00005972,0.00000000,0
14766.65000000,0.01214308,0.00082042,0
14766.74166667,0.01170647,0.00091530,0
14766.90833333,0.00002867,0.00000000,0
14770.00000000,0.00100178,0.00028025,4
14771.36666667,0.00000000,0.00001572,1
14771.39166667,0.00000000,0.00001787,1
14772.41666667,0.00062025,0.00012143,4
14772.46666667,0.00054737,0.00013013,4
14772.90000000,0.00000000,0.00001288,1
14775.00000000,0.00003292,0.00002327,3
14780.00000000,0.00019172,0.00004166,4
14781.53333333,0.00015567,0.00000000,0
14781.66666667,0.00007192,0.00000000,0
14790.00000000,0.00092387,0.00025029,4
14790.71666667,0.00023221,0.00018975,5
14792.02500000,0.00000000,0.00001640,1
14796.11666667,0.00000000,0.00001484,1
14796.14166667,0.00000000,0.00001282,1
14796.34166667,0.00012983,0.00000000,0
14796.45833333,0.00003298,0.00000000,0
14796.49166667,0.00000000,0.00001227,1
14797.60000000,0.00002342,0.00000000,0
14800.00000000,0.00073861,0.00016944,4
14810.00000000,0.00079074,0.00022881,4
14820.00000000,0.00016534,0.00002940,4
14821.65000000,0.00022925,0.00007562,2
14821.67500000,0.00025493,0.00007626,4
14821.75833333,0.00019463,0.00009951,2
14825.00000000,0.00011344,0.00004321,2
14826.65833333,0.00031727,0.00006580,4
14826.67500000,0.00033923,0.00005888,4
14826.77500000,0.00021755,0.00009841,2
14827.92500000,0.00003394,0.00002729,5
14827.95833333,0.00002055,0.00002325,6
14830.00000000,0.00067804,0.00016642,4
14834.39166667,0.00006574,0.00001484,4
14834.44166667,0.00008395,0.00000000,0
14834.49166667,0.00007039,0.00000000,0
14836.75833333,0.00005883,0.00000000,0
14836.87500000,0.00003110,0.00000000,0
14840.00000000,0.00016666,0.00001489,0
14843.75000000,0.00040034,0.00011845,4
14850.00000000,0.00051179,0.00019094,2
14850.16666667,0.00000000,0.00001627,1
14850.27500000,0.00000000,0.00004248,1
14850.38333333,0.00002594,0.00000000,0
14850.46666667,0.00000000,0.00010893,1
14851.22500000,0.00008565,0.00000000,0
14854.11666667,0.00003566,0.00002236,3
14855.11666667,0.00014682,0.00000000,0
14855.23333333,0.00009547,0.00000000,0
14860.00000000,0.00015254,0.00000000,0
14870.00000000,0.00051013,0.00013554,4
14870.88333333,0.00000000,0.00001539,1
14874.99166667,0.00006253,0.00000000,0
14880.00000000,0.00017537,0.00002542,0
14886.56666667,0.00003795,0.00001517,2
14886.60833333,0.00003200,0.00000000,0
14890.00000000,0.00047017,0.00013318,4
14892.52500000,0.00000000,0.00002463,1
14895.25000000,0.00000000,0.00001741,1
14898.59166667,0.00005352,0.00000000,0
14899.06666667,0.00022375,0.00006713,4
14899.09166667,0.00023957,0.00005507,4
14899.17500000,0.00019427,0.00009138,2
14900.00000000,0.00060818,0.00019460,4
14900.65000000,0.00002095,0.00001875,5
14900.67500000,0.00000000,0.00001398,1
14903.10833333,0.00006187,0.00001506,4
14904.61666667,0.00002729,0.00001840,3
14904.63333333,0.00002911,0.00001719,3
14905.91666667,0.00061000,0.00012257,4
14907.50000000,0.00002003,0.00000000,0
14910.00000000,0.00042603,0.00009836,4
14913.15000000,0.00008275,0.00007108,5
14919.16666667,0.00003067,0.00002112,3
14919.42500000,0.00000000,0.00003127,1
14919.52500000,0.00000000,0.00003876,1
14920.00000000,0.00019190,0.00003200,4
14921.86666667,0.00000000,0.00001326,1
14925.00000000,0.00011473,0.00000000,0
14926.28333333,0.00004988,0.00000000,0
14929.77500000,0.00002585,0.00000000,0
14930.00000000,0.00035331,0.00009764,4
14934.99166667,0.00004733,0.00001580,2
14935.24166667,0.00004000,0.00000000,0
14936.56666667,0.00003506,0.00001809,2
14936.59166667,0.00003099,0.00001870,3
14940.00000000,0.00022589,0.00003559,0
14940.92500000,0.00002241,0.00000000,0
14940.93333333,0.00002181,0.00000000,0
14942.63333333,0.00004456,0.00001943,2
14950.00000000,0.00036578,0.00007537,4
14951.16666667,0.00001975,0.00000000,0
14951.56666667,0.00004217,0.00000000,0
14954.99166667,0.00003229,0.00000000,0
14955.86666667,0.00004034,0.00001959,2
14955.87500000,0.00004096,0.00001957,2
14960.00000000,0.00025299,0.00003788,0
14964.70833333,0.00010064,0.00005004,2
14966.64166667,0.00002100,0.00000000,0
14967.80000000,0.00002333,0.00001938,5
14970.00000000,0.00040033,0.00008936,4
14973.74166667,0.00022055,0.00009314,2
14973.77500000,0.00024642,0.00008395,2
14973.85833333,0.00019303,0.00011302,3
14974.91666667,0.00002168,0.00000000,0
14974.95833333,0.00011193,0.00003407,4
14975.10000000,0.02118876,0.00840168,2
14975.20000000,0.01771815,0.00829110,2
14975.37500000,0.00004325,0.00002205,2
14980.00000000,0.00022891,0.00006697,4
14984.73333333,0.00007154,0.00002439,2
14984.81666667,0.00007475,0.00001738,4
14984.85000000,0.00006598,0.00001688,4
14988.57500000,0.00006516,0.00000000,0
14988.69166667,0.00002697,0.00000000,0
14989.23333333,0.00002267,0.00000000,0
14990.00000000,0.00043691,0.00009061,4
14995.00000000,0.00008224,0.00002118,4
14995.21666667,0.00004306,0.00001378,4
14995.22500000,0.00004307,0.00001265,4
14995.80833333,0.00002062,0.00001223,3
14995.82500000,0.00002209,0.00000000,0
14999.63333333,0.00007409,0.00000000,0
14999.75000000,0.00006254,0.00000000,0
14999.86666667,0.00000000,0.00001739,1
15000.00000000,0.00153881,0.00070714,2
15000.08333333,0.00031556,0.00016367,10
15010.00000000,0.00041288,0.00007109,4
15014.55833333,0.00038188,0.00005741,0
15015.00000000,0.00009679,0.00001770,4
15017.30833333,0.00000000,0.00001728,1
15017.36666667,0.00002126,0.00001340,3
15017.40833333,0.00000000,0.00001333,1
15019.46666667,0.00003175,0.00002226,3
15019.50000000,0.00002534,0.00001963,5
15019.81666667,0.00004381,0.00001553,2
15019.83333333,0.00004129,0.00001305,4
15020.00000000,0.00029130,0.00007564,4
15021.72500000,0.00004004,0.00001766,2
15021.79166667,0.00007586,0.00004427,3
15021.82500000,0.00006401,0.00003596,3
15025.00000000,0.00008581,0.00003050,2
15030.00000000,0.00035817,0.00006927,4
15035.00000000,0.00012586,0.00003095,4
15039.05833333,0.00051695,0.00014221,4
15040.00000000,0.00026905,0.00006620,4
15042.35833333,0.00026119,0.00010729,2
15042.38333333,0.00028796,0.00010257,2
15042.47500000,0.00018674,0.00012322,3
15045.00000000,0.00002237,0.00000000,0
15050.00000000,0.00076886,0.00005316,0
15050.40000000,0.00003835,0.00000000,0
15050.44166667,0.00006989,0.00000000,0
15050.55833333,0.00002059,0.00000000,0
15051.13333333,0.00001996,0.00001462,3
15051.40833333,0.00000000,0.00001300,1
15051.52500000,0.00000000,0.00001475,1
15051.75000000,0.00002053,0.00001705,5
15051.77500000,0.00002389,0.00001988,5
15053.02500000,0.00034012,0.00012791,2
15053.03333333,0.00035770,0.00012820,2
15053.12500000,0.00031337,0.00013001,2
15055.00000000,0.00011427,0.00002287,4
15055.78333333,0.00006255,0.00007050,6
15055.90000000,0.00004144,0.00008684,7
15056.91666667,0.00000000,0.00001524,1
15057.40000000,0.00000000,0.00001453,1
15060.00000000,0.00029620,0.00007405,4
15064.30833333,0.00007164,0.00001951,4
15064.32500000,0.00008150,0.00001813,4
15064.41666667,0.00007078,0.00001256,4
15064.43333333,0.00006735,0.00001609,4
15069.80000000,0.00002932,0.00000000,0
15070.00000000,0.00036207,0.00004860,0
15072.50833333,0.00000000,0.00001962,1
15072.60000000,0.00000000,0.00001251,1
15072.97500000,0.00005143,0.00000000,0
15073.09166667,0.00002571,0.00000000,0
15074.99166667,0.00005301,0.00001969,2
15075.78333333,0.00006150,0.00000000,0
15075.87500000,0.00005705,0.00000000,0
15079.61666667,0.00005597,0.00001213,4
15079.63333333,0.00006724,0.00000000,0
15079.75000000,0.00005444,0.00000000,0
15080.00000000,0.00027776,0.00006325,4
15080.19166667,0.00000000,0.00001203,1
15080.45833333,0.00000000,0.00001859,1
15080.78333333,0.00000000,0.00001975,1
15080.91666667,0.00033695,0.00004235,0
15080.94166667,0.00037327,0.00003309,0
15081.04166667,0.00026738,0.00008126,4
15085.37500000,0.00003051,0.00000000,0
15085.48333333,0.00002334,0.00000000,0
15087.90000000,0.00002801,0.00000000,0
15090.00000000,0.00037143,0.00006647,4
15093.53333333,0.00000000,0.00003605,1
15093.69166667,0.00003916,0.00011702,8
15093.81666667,0.00000000,0.00013951,1
15094.98333333,0.00004902,0.00000000,0
15099.92500000,0.00092840,0.00001193,0
15099.93333333,0.00099139,0.00001883,0
15100.00000000,0.00190192,0.00007271,0
15100.04166667,0.00374621,0.00004635,0
15100.10833333,0.00188079,0.00001566,0
15100.14166667,0.00249420,0.00001296,0
15101.61666667,0.00000000,0.00001641,1
15104.45833333,0.00002739,0.00000000,0
15110.00000000,0.00041883,0.00005878,0
15112.31666667,0.00002538,0.00001287,2
15115.00000000,0.00008270,0.00001296,0
15116.19166667,0.00007026,0.00000000,0
15116.28333333,0.00002636,0.00000000,0
15120.00000000,0.00029011,0.00006161,4
15125.00000000,0.00200456,0.00242040,6
15128.46666667,0.00003971,0.00001377,2
15128.47500000,0.00003973,0.00001525,2
15130.00000000,0.00034535,0.00005745,4
15131.23333333,0.03222926,0.01077878,2
15131.33333333,0.03150401,0.01189563,2
15131.50833333,0.00006783,0.00002430,2
15132.44166667,0.00012513,0.00000000,0
15132.54166667,0.00007035,0.00000000,0
15135.00000000,0.00009897,0.00001992,4
15135.50833333,0.00005218,0.00000000,0
15135.62500000,0.00003066,0.00000000,0
15136.03333333,0.00000000,0.00003554,1
15136.14166667,0.00005293,0.00001560,4
15136.25833333,0.00003915,0.00000000,0
15136.73333333,0.00003635,0.00001631,2
15136.99166667,0.00005552,0.00003774,3
15140.00000000,0.00028806,0.00008310,4
15140.45833333,0.00033593,0.00004548,0
15140.57500000,0.00020673,0.00004971,4
15142.51666667,0.00003057,0.00000000,0
15142.94166667,0.00861216,0.00190528,4
15143.05833333,0.00776881,0.00192961,4
15143.21666667,0.00002729,0.00000000,0
15143.23333333,0.00002033,0.00000000,0
15144.88333333,0.00083290,0.00012227,0
15145.00000000,0.00027266,0.00020472,3
15145.11666667,0.00038383,0.00009486,4
15147.80833333,0.00022400,0.00002813,0
15147.85000000,0.00026258,0.00000000,0
15147.91666667,0.00023149,0.00003283,0
15149.16666667,0.00004060,0.00000000,0
15150.00000000,0.00009183,0.00007495,5
15150.54166667,0.00003218,0.00000000,0
15150.66666667,0.00002020,0.00001154,3
15151.41666667,0.00004766,0.00000000,0
15151.53333333,0.00002173,0.00000000,0
15155.00000000,0.00008942,0.00001349,0
15156.25000000,0.00003746,0.00000000,0
15158.59166667,0.00007035,0.00000000,0
15158.72500000,0.00794072,0.00025508,0
15158.80833333,0.00666922,0.00063412,0
15158.84166667,0.00585872,0.00053459,0
15160.00000000,0.00031034,0.00004563,0
15161.21666667,0.00000000,0.00009380,1
15161.32500000,0.00000000,0.00005565,1
15165.00000000,0.00005724,0.00001336,4
15166.30000000,0.00003387,0.00002400,3
15166.34166667,0.00004100,0.00001941,2
15170.00000000,0.00024331,0.00005056,4
15175.00000000,0.00006292,0.00002497,2
15177.16666667,0.00002854,0.00000000,0
15180.00000000,0.00028872,0.00006357,4
15180.30833333,0.00028923,0.00008323,4
15180.32500000,0.00031148,0.00007904,4
15180.42500000,0.00013123,0.00008134,3
15180.43333333,0.00011732,0.00007910,3
15185.00000000,0.00005694,0.00001541,4
15185.56666667,0.00002373,0.00000000,0
15187.34166667,0.00000000,0.00001170,1
15187.42500000,0.00002162,0.00000000,0
15190.00000000,0.00022001,0.00003613,4
15195.00000000,0.00018259,0.00005511,4
15196.83333333,0.00000000,0.00001312,1
15200.00000000,0.00093799,0.00015835,4
15202.75000000,0.00510939,0.00029904,0
15202.86666667,0.00329537,0.00028310,0
15205.00000000,0.00004146,0.00000000,0
15210.00000000,0.00017550,0.00003589,4
15215.00000000,0.00012915,0.00002170,4
15220.00000000,0.00019274,0.00005602,4
15224.30000000,0.00012143,0.00000000,0
15224.40833333,0.00007469,0.00000000,0
15225.00000000,0.00005105,0.00000000,0
15229.55833333,0.00012685,0.00001191,0
15229.58333333,0.00014650,0.00001339,0
15229.67500000,0.00011321,0.00000000,0
15230.00000000,0.00024661,0.00003905,0
15230.63333333,0.00004033,0.00000000,0
15230.75000000,0.00002122,0.00000000,0
15231.68333333,0.00000000,0.00001481,1
15234.37500000,0.00004411,0.00002261,2
15235.00000000,0.00004902,0.00000000,0
15237.07500000,0.00004445,0.00001390,4
15237.15000000,0.00003874,0.00000000,0
15240.00000000,0.00014677,0.00004871,2
15250.00000000,0.00023129,0.00015810,3
15253.69166667,0.00156049,0.00083535,3
15254.37500000,0.00004083,0.00000000,0
15254.99166667,0.00003265,0.00001283,2
15258.79166667,0.00002649,0.00000000,0
15260.00000000,0.00008857,0.00003964,2
15266.45833333,0.00002520,0.00001331,10
15270.00000000,0.00038197,0.00004803,0
15270.52500000,0.00006341,0.00000000,0
15270.64166667,0.00002264,0.00000000,0
15272.34166667,0.00040754,0.00015637,2
15272.45833333,0.00030373,0.00016801,3
15274.95833333,0.00011184,0.00002320,4
15274.99166667,0.00014964,0.00001426,0
15279.62500000,0.00005225,0.00000000,0
15280.00000000,0.00005705,0.00003154,3
15283.21666667,0.00002147,0.00000000,0
15287.31666667,0.00000000,0.00001874,1
15287.42500000,0.00000000,0.00002500,1
15290.00000000,0.00043476,0.00009699,4
15292.98333333,0.00000000,0.00001246,1
15293.50000000,0.00005066,0.00000000,0
15293.61666667,0.00002347,0.00000000,0
15295.00000000,0.00011733,0.00002531,4
15300.00000000,0.00139306,0.00031837,4
15310.00000000,0.00050423,0.00008373,4
15310.65833333,0.01075164,0.00104509,0
15310.67500000,0.01297551,0.00095892,0
15310.79166667,0.01187047,0.00236369,4
15310.95000000,0.00004219,0.00000000,0
15314.96666667,0.00006548,0.00001345,4
15315.00000000,0.00008142,0.00001534,4
15320.00000000,0.00007214,0.00002617,2
15325.00833333,0.00011423,0.00001957,4
15325.06666667,0.00006401,0.00000000,0
15325.18333333,0.00000000,0.00001331,1
15327.51666667,0.00005057,0.00000000,0
15327.53333333,0.00005194,0.00000000,0
15327.61666667,0.00002320,0.00000000,0
15330.00000000,0.00050884,0.00009020,4
15335.00000000,0.00009036,0.00002253,4
15340.00000000,0.00006620,0.00002250,2
15341.79166667,0.00002114,0.00000000,0
15345.00833333,0.00003759,0.00000000,0
15349.05833333,0.00002057,0.00000000,0
15349.10000000,0.00002690,0.00000000,0
15349.13333333,0.00002170,0.00000000,0
15350.00000000,0.00061939,0.00010137,4
15355.00000000,0.00010355,0.00001689,4
15358.20833333,0.00003062,0.00003245,6
15358.22500000,0.00003190,0.00002914,5
15358.33333333,0.00000000,0.00001901,1
15360.00000000,0.00006681,0.00001405,4
15362.03333333,0.00000000,0.00001191,1
15362.50000000,0.00004177,0.00001520,2
15363.89166667,0.00004614,0.00000000,0
15364.03333333,0.00011395,0.00002181,4
15364.16666667,0.00003161,0.00001511,2
15364.24166667,0.00002302,0.00000000,0
15364.56666667,0.00021083,0.00008053,2
15364.60000000,0.00023719,0.00010223,2
15366.25833333,0.00010297,0.00008243,5
15366.30000000,0.00012816,0.00005934,2
15366.36666667,0.00011407,0.00014480,6
15370.00000000,0.00049585,0.00010622,4
15371.25000000,0.00002903,0.00000000,0
15371.31666667,0.00003267,0.00000000,0
15371.35000000,0.00002889,0.00000000,0
15375.00000000,0.00031390,0.00010373,2
15380.00000000,0.00009693,0.00003678,2
15385.00000000,0.00005886,0.00001826,4
15389.38333333,0.00002995,0.00001919,3
15389.79166667,0.00002646,0.00001499,3
15390.00000000,0.00046571,0.00013161,4
15390.63333333,0.00002259,0.00000000,0
15395.00000000,0.00014781,0.00003574,4
15399.29166667,0.00003733,0.00000000,0
15399.38333333,0.00002019,0.00003943,7
15400.00000000,0.00107064,0.00024790,4
15405.00000000,0.00007115,0.00001811,4
15405.28333333,0.00002175,0.00000000,0
15410.00000000,0.00044046,0.00009257,4
15414.41666667,0.00003549,0.00001241,2
15414.46666667,0.00005092,0.00002457,2
15414.47500000,0.00005004,0.00002502,2
15415.00000000,0.00008501,0.00002004,4
15420.00833333,0.00013973,0.00003621,4
15425.00000000,0.00006552,0.00009348,6
15429.68333333,0.00040902,0.00009610,4
15430.00000000,0.00032644,0.00012023,2
15435.00000000,0.00014496,0.00003515,4
15438.02500000,0.00000000,0.00001251,1
15439.06666667,0.00008223,0.00002535,4
15439.11666667,0.00008003,0.00005998,3
15439.15000000,0.00007235,0.00008104,6
15439.45000000,0.00002322,0.00001215,10
15439.88333333,0.00007816,0.00001774,4
15439.95000000,0.00018223,0.00001553,0
15439.97500000,0.00019882,0.00000000,0
15440.80833333,0.00003450,0.00000000,0
15442.02500000,0.00007168,0.00000000,0
15442.15000000,0.00003630,0.00000000,0
15444.20000000,0.00003053,0.00000000,0
15444.30833333,0.00002666,0.00000000,0
15450.00000000,0.00041932,0.00023395,3
15450.43333333,0.00002313,0.00000000,0
15454.10833333,0.00002113,0.00000000,0
15454.66666667,0.00002113,0.00000000,0
15454.99166667,0.00007241,0.00002271,4
15460.00000000,0.00015531,0.00002139,0
15460.19166667,0.00022056,0.00000000,0
15460.30833333,0.00014720,0.00003204,4
15462.59166667,0.00020014,0.00000000,0
15462.71666667,0.00015240,0.00003795,4
15468.76666667,0.00003177,0.00000000,0
15470.00000000,0.00020898,0.00008702,2
15475.00000000,0.00003712,0.00002011,3
15475.84166667,0.00002279,0.00000000,0
15478.50000000,0.00001999,0.00000000,0
15480.00000000,0.00015466,0.00003945,4
15481.47500000,0.00007055,0.00000000,0
15481.60000000,0.00002469,0.00000000,0
15485.47500000,0.00011672,0.00001521,0
15485.59166667,0.00004175,0.00001563,2
15490.00000000,0.00020055,0.00007154,2
15495.00833333,0.00004558,0.00000000,0
15495.70000000,0.00004600,0.00002733,3
15495.75833333,0.00006419,0.00004271,3
15500.00000000,0.00019349,0.00005922,4
15504.70833333,0.00002482,0.00001713,3
15504.75833333,0.00004006,0.00001671,2
15504.80833333,0.00003321,0.00002931,5
15509.32500000,0.00004060,0.00000000,0
15509.81666667,0.00002768,0.00000000,0
15510.00000000,0.00021389,0.00007474,2
15511.09166667,0.00037393,0.00022709,3
15520.00000000,0.00008696,0.00004782,3
15524.35000000,0.00003939,0.00000000,0
15524.38333333,0.00003775,0.00000000,0
15525.00000000,0.00016847,0.00001400,0
15530.00000000,0.00019072,0.00006633,2
15530.32500000,0.00000000,0.00001350,1
15540.00000000,0.00006390,0.00004122,3
15545.30833333,0.00002004,0.00000000,0
15550.00000000,0.00020572,0.00014928,3
15554.14166667,0.00003129,0.00000000,0
15555.00833333,0.00002570,0.00000000,0
15556.15833333,0.00004283,0.00001374,4
15556.17500000,0.00004465,0.00001387,4
15556.25833333,0.00002696,0.00001306,2
15556.95000000,0.00003629,0.00000000,0
15557.35000000,0.00132779,0.00000000,0
15557.45000000,0.00113384,0.00000000,0
15557.55000000,0.00019924,0.00000000,0
15560.00000000,0.00005439,0.00005292,5
15568.02500000,0.00002477,0.00001180,2
15568.03333333,0.00002522,0.00000000,0
15568.11666667,0.00002586,0.00000000,0
15570.00000000,0.00014748,0.00006277,2
15570.85000000,0.00007122,0.00000000,0
15570.96666667,0.00003998,0.00000000,0
15571.81666667,0.00014874,0.00005049,2
15571.82500000,0.00014182,0.00005006,2
15575.00000000,0.00009986,0.00000000,0
15580.00000000,0.00011277,0.00005003,2
15581.66666667,0.00043723,0.00018090,2
15581.70000000,0.00039420,0.00016960,2
15590.00000000,0.00014307,0.00005751,2
15600.00000000,0.00017380,0.00013681,5
15604.56666667,0.00002342,0.00000000,0
15605.66666667,0.00095092,0.00073697,5
15605.68333333,0.00090476,0.00070484,5
15607.45000000,0.00002468,0.00000000,0
15610.00000000,0.00011396,0.00005209,2
15613.04166667,0.00000000,0.00002258,1
15615.33333333,0.00006551,0.00000000,0
15615.46666667,0.00012063,0.00034495,8
15615.48333333,0.00012935,0.00033317,8
15620.00000000,0.00023461,0.00006631,4
15624.69166667,0.00002181,0.00000000,0
15624.81666667,0.00004257,0.00000000,0
15625.00000000,0.11204829,0.01910130,4
15625.15833333,0.00009359,0.00001234,0
15625.19166667,0.00002081,0.00000000,0
15629.62500000,0.00002446,0.00000000,0
15629.68333333,0.00004538,0.00000000,0
15629.74166667,0.00002847,0.00000000,0
15630.00000000,0.00008956,0.00004127,2
15633.49166667,0.00050676,0.00020968,2
15634.53333333,0.00000000,0.00005913,1
15640.00000000,0.00027716,0.00006856,4
15644.30833333,0.00028019,0.00019733,3
15644.34166667,0.00031681,0.00022045,3
15650.00000000,0.00008176,0.00003581,2
15657.77500000,0.00000000,0.00001359,1
15657.86666667,0.00000000,0.00001521,1
15660.00000000,0.00026349,0.00006940,4
15669.99166667,0.00011138,0.00002585,4
15672.26666667,0.00000000,0.00002664,1
15672.35833333,0.00003205,0.00006178,7
15672.37500000,0.00003548,0.00005369,7
15672.45833333,0.00000000,0.00013405,1
15672.47500000,0.00002406,0.00012240,9
15673.35833333,0.00003713,0.00000000,0
15675.00000000,0.00002505,0.00002175,5
15680.00000000,0.00027802,0.00005232,4
15680.44166667,0.00004868,0.00000000,0
15688.77500000,0.00009005,0.00000000,0
15688.89166667,0.00004049,0.00000000,0
15690.00000000,0.00012899,0.00001361,0
15692.70000000,0.00002640,0.00000000,0
15692.73333333,0.00003418,0.00000000,0
15697.64166667,0.00004672,0.00000000,0
15700.00000000,0.00049970,0.00011341,4
15710.00000000,0.00011184,0.00001791,0
15710.20833333,0.00002791,0.00000000,0
15719.65833333,0.00006529,0.00004609,3
15719.67500000,0.00006749,0.00004755,3
15720.00000000,0.00024918,0.00003824,0
15724.08333333,0.00003115,0.00002469,5
15724.19166667,0.00000000,0.00003151,1
15725.00000000,0.00007252,0.00002072,4
15729.75833333,0.00002615,0.00000000,0
15729.77500000,0.00002904,0.00000000,0
15730.00000000,0.00009285,0.00000000,0
15731.13333333,0.00032021,0.00007041,4
15731.25000000,0.00020376,0.00008055,2
15733.65000000,0.00005177,0.00000000,0
15738.92500000,0.00111881,0.00065726,3
15740.00000000,0.00030816,0.00004437,0
15741.35000000,0.00005451,0.00000000,0
15741.46666667,0.00003203,0.00000000,0
15742.19166667,0.00003817,0.00003180,5
15744.09166667,0.00002821,0.00000000,0
15745.20000000,0.00013201,0.00010609,5
15745.22500000,0.00014699,0.00010209,3
15745.28333333,0.00010673,0.00006887,3
15750.00000000,0.00021431,0.00002493,0
15754.23333333,0.00020911,0.00020750,5
15754.31666667,0.00013742,0.00014358,5
15755.00833333,0.00002210,0.00000000,0
15760.00000000,0.00032964,0.00006117,4
15769.99166667,0.00011075,0.00001402,0
15770.10000000,0.00002507,0.00000000,0
15775.00000000,0.00007860,0.00003897,2
15775.24166667,0.00002406,0.00000000,0
15777.95000000,0.00002428,0.00000000,0
15778.00000000,0.00004299,0.00001165,4
15778.05833333,0.00004313,0.00000000,0
15778.90000000,0.00004044,0.00000000,0
15780.00000000,0.00030406,0.00008444,4
15781.25000000,0.00001996,0.00000000,0
15782.30000000,0.00010175,0.00000000,0
15782.41666667,0.00004731,0.00000000,0
15785.00833333,0.00002570,0.00000000,0
15790.00000000,0.00011721,0.00001513,0
15794.26666667,0.00003965,0.00003356,5
15794.27500000,0.00004004,0.00003241,5
15794.38333333,0.00002206,0.00002591,6
15795.00000000,0.00009615,0.00002100,4
15800.00000000,0.00066109,0.00013151,4
15808.10833333,0.00000000,0.00003178,1
15808.13333333,0.00002331,0.00002697,6
15808.24166667,0.00000000,0.00002706,1
15809.19166667,0.00021052,0.00000000,0
15810.00000000,0.00011749,0.00002135,4
15815.00000000,0.00014275,0.00002756,4
15816.67500000,0.00002262,0.00000000,0
15818.92500000,0.00040196,0.00008733,4
15818.93333333,0.00042384,0.00008634,4
15819.05833333,0.00023986,0.00008163,2
15820.00000000,0.00052569,0.00009574,4
15820.31666667,0.00005172,0.00000000,0
15822.11666667,0.00002563,0.00000000,0
15824.81666667,0.00000000,0.00001839,1
15825.00000000,0.00062416,0.00052949,5
15827.70000000,0.00002234,0.00000000,0
15830.00000000,0.00012640,0.00003004,4
15835.00000000,0.00013519,0.00003028,4
15840.00000000,0.00053618,0.00010701,4
15845.00000000,0.00007412,0.00000000,0
15850.00000000,0.00025866,0.00010836,2
15854.99166667,0.00003684,0.00000000,0
15860.00000000,0.00050364,0.00011899,4
15865.00000000,0.00005276,0.00001531,4
15870.00000000,0.00014659,0.00003424,4
15874.65000000,0.00009775,0.00000000,0
15874.76666667,0.00004002,0.00000000,0
15874.95833333,0.00012005,0.00002128,4
15875.00000000,0.00017133,0.00000000,0
15875.36666667,0.00002855,0.00000000,0
15879.55833333,0.00008631,0.00005129,3
15880.00000000,0.00051177,0.00009620,4
15885.40833333,0.00082884,0.00056133,3
15885.43333333,0.00075825,0.00050173,3
15887.15833333,0.00002481,0.00000000,0
15887.48333333,0.00003532,0.00001379,2
15887.97500000,0.00000000,0.00001187,1
15890.00000000,0.00012486,0.00002947,4
15893.93333333,0.00004745,0.00000000,0
15894.02500000,0.00004823,0.00001311,4
15894.05000000,0.00003779,0.00000000,0
15895.00000000,0.00018934,0.00004423,4
15900.00000000,0.00079593,0.00005429,0
15900.75833333,0.00002633,0.00000000,0
15900.88333333,0.00002754,0.00000000,0
15905.00000000,0.00002713,0.00000000,0
15910.00000000,0.00010880,0.00004089,2
15913.07500000,0.00002577,0.00000000,0
15913.48333333,0.00012858,0.00000000,0
15913.60000000,0.00008257,0.00000000,0
15915.00000000,0.00013607,0.00002907,4
15917.96666667,0.00002105,0.00000000,0
15920.00000000,0.00041000,0.00007737,4
15925.00000000,0.00005581,0.00000000,0
15930.00000000,0.00005844,0.00004267,3
15935.00000000,0.00007862,0.00001459,4
15939.21666667,0.00007800,0.00002838,2
15939.25000000,0.00008905,0.00002008,4
15939.33333333,0.00006355,0.00003995,3
15940.00000000,0.00036011,0.00008409,4
15942.83333333,0.00000000,0.00006636,1
15945.65000000,0.00004918,0.00000000,0
15950.00000000,0.00024694,0.00000000,0
15951.16666667,0.00003325,0.00000000,0
15951.17500000,0.00003376,0.00000000,0
15955.00000000,0.00004980,0.00000000,0
15960.00000000,0.00034653,0.00008177,4
15970.00000000,0.00009188,0.00004503,2
15975.01666667,0.00012504,0.00001285,0
15980.00000000,0.00035615,0.00006832,4
15982.83333333,0.00011644,0.00000000,0
15982.93333333,0.00005663,0.00000000,0
15989.60833333,0.00005490,0.00000000,0
15989.71666667,0.00002816,0.00000000,0
15990.00000000,0.00012169,0.00004210,2
15994.09166667,0.00009449,0.00000000,0
15994.20833333,0.00003818,0.00000000,0
15995.00000000,0.00005552,0.00000000,0
16000.00000000,0.00031008,0.00015778,2
16008.80833333,0.00006458,0.00000000,0
16008.93333333,0.00003737,0.00000000,0
16010.00000000,0.00014073,0.00004252,4
16015.00833333,0.00005036,0.00001525,4
16015.61666667,0.00012114,0.00002607,4
16015.62500000,0.00012249,0.00002637,4
16020.00000000,0.00029478,0.00006680,4
16025.00000000,0.00003480,0.00000000,0
16030.00000000,0.00019611,0.00005079,4
16030.34166667,0.00002702,0.00000000,0
16031.58333333,0.00000000,0.00001424,1
16031.95000000,0.00004887,0.00000000,0
16032.24166667,0.00006975,0.00001652,4
16032.36666667,0.00003156,0.00001302,2
16032.90000000,0.00011378,0.00002659,4
16033.02500000,0.00006312,0.00003257,2
16035.00833333,0.00004447,0.00000000,0
16040.00000000,0.00033686,0.00005014,0
16047.13333333,0.00002777,0.00000000,0
16047.25000000,0.00003012,0.00000000,0
16047.80833333,0.00002685,0.00000000,0
16047.82500000,0.00002515,0.00000000,0
16050.00000000,0.00031595,0.00010296,4
16055.00000000,0.00006368,0.00000000,0
16055.96666667,0.00000000,0.00002023,1
16060.00000000,0.00023567,0.00004053,4
16064.45000000,0.00002324,0.00000000,0
16069.75833333,0.00002277,0.00000000,0
16070.00000000,0.00021491,0.00005204,4
16072.78333333,0.00000000,0.00002547,1
16072.89166667,0.00000000,0.00002497,1
16075.00000000,0.00009478,0.00001206,0
16079.60833333,0.00002863,0.00000000,0
16080.00000000,0.00019796,0.00002915,0
16081.25000000,0.00008341,0.00000000,0
16081.36666667,0.00003753,0.00000000,0
16083.68333333,0.00002456,0.00000000,0
16088.82500000,0.00000000,0.00001606,1
16090.00000000,0.00022642,0.00004088,4
16091.15833333,0.00004314,0.00001880,2
16091.17500000,0.00004625,0.00001730,2
16091.25833333,0.00005935,0.00002403,2
16091.29166667,0.00004791,0.00002661,3
16091.54166667,0.00006185,0.00000000,0
16091.65833333,0.00002819,0.00000000,0
16095.00000000,0.00003922,0.00000000,0
16100.00000000,0.00059182,0.00005385,0
16100.83333333,0.00006603,0.00000000,0
16106.95000000,0.00006756,0.00002042,4
16107.06666667,0.00006542,0.00001653,4
16108.91666667,0.00011489,0.00002442,4
16109.04166667,0.00007439,0.00002766,2
16110.00000000,0.00020327,0.00004752,4
16113.00833333,0.00002118,0.00001234,3
16113.25833333,0.00002131,0.00000000,0
16115.00833333,0.00002474,0.00000000,0
16118.66666667,0.00022254,0.00006645,4
16118.72500000,0.00025433,0.00005016,4
16120.00000000,0.00011360,0.00000000,0
16121.50000000,0.00003638,0.00000000,0
16125.00000000,0.00020707,0.00015952,5
16130.00000000,0.00021840,0.00004350,4
16135.00000000,0.00004042,0.00000000,0
16137.69166667,0.00002054,0.00000000,0
16140.00000000,0.00010799,0.00001934,4
16143.30833333,0.00010882,0.00004260,2
16145.51666667,0.00002875,0.00000000,0
16146.60000000,0.00002725,0.00000000,0
16150.00000000,0.00018394,0.00007848,2
16154.31666667,0.00006201,0.00000000,0
16155.00000000,0.00003037,0.00000000,0
16155.33333333,0.00087979,0.00035665,2
16160.00000000,0.00012282,0.00000000,0
16170.00000000,0.00017752,0.00006399,2
16180.00000000,0.00014319,0.00001251,0
16190.00000000,0.00020744,0.00006642,4
16195.00000000,0.00003012,0.00000000,0
16198.24166667,0.00002157,0.00001275,3
16200.00000000,0.00030609,0.00009883,4
16206.37500000,0.00002636,0.00000000,0
16210.00000000,0.00020373,0.00005660,4
16210.94166667,0.00020864,0.00007768,2
16215.00833333,0.00003289,0.00000000,0
16215.64166667,0.00004132,0.00000000,0
16216.07500000,0.00000000,0.00001369,1
16220.00000000,0.00026069,0.00005177,4
16224.99166667,0.00002331,0.00000000,0
16228.20000000,0.00005563,0.00001907,2
16230.00000000,0.00019652,0.00005381,4
16230.15833333,0.00002395,0.00000000,0
16230.19166667,0.00002083,0.00000000,0
16233.56666667,0.00002301,0.00000000,0
16233.59166667,0.00002543,0.00000000,0
16235.00000000,0.00002898,0.00000000,0
16235.43333333,0.00235963,0.00111953,2
16240.00000000,0.00027968,0.00007071,4
16250.00000000,0.00045995,0.00016157,2
16253.24166667,0.00011409,0.00001885,4
16253.36666667,0.00008499,0.00002716,4
16254.18333333,0.00002142,0.00000000,0
16255.00000000,0.00002471,0.00000000,0
16260.00000000,0.00029067,0.00005855,4
16269.83333333,0.00000000,0.00002216,1
16270.00000000,0.00017927,0.00003437,4
16273.70833333,0.00004524,0.00000000,0
16273.82500000,0.00002687,0.00000000,0
16274.80000000,0.00010694,0.00003711,2
16274.91666667,0.00012658,0.00005384,2
16275.01666667,0.00006116,0.00002625,2
16279.48333333,0.00005200,0.00000000,0
16279.57500000,0.00003081,0.00000000,0
16280.00000000,0.00027680,0.00007017,4
16283.00833333,0.00008571,0.00000000,0
16283.13333333,0.00004858,0.00000000,0
16290.00000000,0.00016086,0.00001983,0
16295.00833333,0.00005244,0.00001266,4
16300.00000000,0.00026352,0.00013195,2
16303.20000000,0.00034226,0.00000000,0
16303.31666667,0.00022172,0.00000000,0
16307.36666667,0.00007831,0.00005206,3
16310.00000000,0.00017009,0.00002666,0
16313.42500000,0.00002145,0.00000000,0
16320.00000000,0.00020747,0.00006532,4
16323.71666667,0.00015331,0.00000000,0
16325.00000000,0.00000000,0.00002543,1
16329.35000000,0.00002722,0.00000000,0
16329.50000000,0.00011384,0.00003280,4
16329.61666667,0.00007028,0.00002678,2
16329.62500000,0.00006798,0.00002583,2
16330.00000000,0.00015383,0.00002033,0
16336.85000000,0.00002882,0.00002208,5
16340.00000000,0.00019723,0.00004576,4
16344.06666667,0.00226546,0.00065658,4
16344.08333333,0.00239307,0.00067614,4
16345.35833333,0.00002145,0.00000000,0
16346.90000000,0.00024970,0.00008831,2
16350.00000000,0.00027161,0.00006852,4
16351.41666667,0.00012669,0.00002401,4
16355.00000000,0.00002357,0.00000000,0
16355.45833333,0.00000000,0.00001292,1
16360.00000000,0.00017587,0.00005542,4
16363.40000000,0.00002064,0.00000000,0
16363.44166667,0.00002755,0.00000000,0
16370.00000000,0.00013855,0.00001220,0
16371.42500000,0.00003014,0.00000000,0
16371.46666667,0.00003481,0.00000000,0
16371.51666667,0.00002600,0.00000000,0
16375.00833333,0.00003989,0.00001756,2
16380.00000000,0.00018275,0.00006714,2
16387.01666667,0.00007243,0.00000000,0
16388.88333333,0.00002858,0.00000000,0
16390.00000000,0.00010307,0.00000000,0
16400.00000000,0.00024826,0.00006519,4
16405.15833333,0.00002371,0.00000000,0
16406.25000000,0.00008776,0.00004080,2
16408.61666667,0.00003717,0.00000000,0
16410.00000000,0.00008779,0.00000000,0
16420.00000000,0.00018878,0.00006571,2
16425.00000000,0.00005836,0.00003875,3
16430.00000000,0.00009609,0.00000000,0
16440.00000000,0.00021246,0.00007843,2
16447.28333333,0.00000000,0.00001222,1
16449.38333333,0.00007784,0.00000000,0
16449.49166667,0.00004649,0.00000000,0
16450.00000000,0.00007044,0.00002603,2
16459.28333333,0.00089189,0.00052584,3
16460.00000000,0.00021736,0.00008624,2
16463.31666667,0.00009312,0.00000000,0
16463.43333333,0.00003957,0.00000000,0
16470.00000000,0.00006248,0.00001896,4
16475.00000000,0.00000000,0.00004451,1
16477.11666667,0.00002993,0.00000000,0
16480.00000000,0.00022477,0.00011323,2
16483.25833333,0.00012670,0.00000000,0
16483.35000000,0.00014045,0.00000000,0
16490.00833333,0.00006252,0.00001238,4
16495.80000000,0.00004746,0.00000000,0
16495.84166667,0.00002878,0.00001244,2
16495.92500000,0.00002161,0.00000000,0
16500.00000000,0.00020664,0.00021600,5
16510.00000000,0.00003964,0.00001820,2
16520.00000000,0.00022874,0.00013022,3
16520.62500000,0.00000000,0.00002121,1
16528.66666667,0.00006610,0.00000000,0
16528.79166667,0.00003454,0.00000000,0
16530.00833333,0.00003947,0.00001987,2
16540.00000000,0.00023417,0.00015433,3
16550.00000000,0.00024817,0.00013223,3
16560.00000000,0.00025149,0.00016748,3
16562.99166667,0.00000000,0.00001161,1
16570.00000000,0.00004245,0.00002366,3
16574.99166667,0.00000000,0.00002800,1
16579.32500000,0.00002609,0.00000000,0
16580.00000000,0.00025774,0.00018950,3
16586.19166667,0.00002974,0.00000000,0
16590.00000000,0.00003393,0.00002345,3
16594.46666667,0.00002898,0.00000000,0
16600.00000000,0.00029314,0.00021497,3
16601.55833333,0.00006729,0.00003812,3
16610.00000000,0.00002918,0.00002144,3
16615.00000000,0.00002790,0.00002053,3
16620.00000000,0.00024214,0.00021568,5
16623.56666667,0.00005583,0.00000000,0
16625.00000000,0.00002003,0.00001295,3
16629.99166667,0.00002618,0.00001812,3
16635.00000000,0.00001977,0.00002034,5
16640.00000000,0.00021780,0.00021051,5
16644.00833333,0.00008277,0.00004505,3
16644.76666667,0.00005658,0.00000000,0
16644.77500000,0.00005734,0.00000000,0
16645.66666667,0.00005614,0.00000000,0
16645.67500000,0.00005690,0.00000000,0
16650.00000000,0.00012392,0.00011284,5
16655.00833333,0.00000000,0.00002398,1
16660.00000000,0.00020061,0.00021970,6
16669.11666667,0.00004659,0.00000000,0
16669.24166667,0.00002032,0.00000000,0
16670.00000000,0.00002964,0.00002947,5
16675.00000000,0.00004405,0.00000000,0
16680.00000000,0.00017403,0.00022005,6
16683.35000000,0.00000000,0.00001188,1
16686.67500000,0.00002751,0.00000000,0
16690.00000000,0.00000000,0.00002941,1
16695.00000000,0.00000000,0.00002029,1
16700.00000000,0.00014813,0.00016260,6
16709.99166667,0.00000000,0.00002076,1
16715.00000000,0.00000000,0.00001621,1
16720.00000000,0.00009551,0.00016721,7
16730.00000000,0.00000000,0.00001876,1
16740.00000000,0.00007331,0.00013835,7
16748.26666667,0.00002622,0.00001571,3
16748.27500000,0.00002653,0.00001567,3
16750.00000000,0.00003483,0.00009467,8
16751.34166667,0.00004661,0.00001610,2
16760.00000000,0.00006031,0.00012950,11
16770.00000000,0.00000000,0.00003121,1
16775.00833333,0.00000000,0.00002132,1
16780.00000000,0.00006148,0.00015095,8
16780.50833333,0.00000000,0.00001272,1
16790.00000000,0.00000000,0.00002591,1
16790.90000000,0.00002054,0.00005091,8
16791.01666667,0.00000000,0.00003913,1
16795.00000000,0.00000000,0.00001574,1
16800.00000000,0.00004904,0.00020918,9
16810.00000000,0.00000000,0.00003748,1
16814.68333333,0.00000000,0.00002216,1
16814.77500000,0.00002058,0.00001526,3
16820.00000000,0.00005910,0.00021396,9
16825.00000000,0.00000000,0.00002002,1
16825.98333333,0.00002569,0.00006799,8
16830.00000000,0.00000000,0.00003823,1
16840.00000000,0.00006157,0.00024098,9
16841.91666667,0.00005220,0.00000000,0
16841.92500000,0.00005330,0.00000000,0
16842.04166667,0.00002401,0.00000000,0
16848.75000000,0.00000000,0.00001586,1
16850.00000000,0.00000000,0.00014477,1
16860.00000000,0.00005108,0.00023427,9
16864.60833333,0.00113324,0.00069152,3
16868.19166667,0.00005311,0.00003341,3
16870.00000000,0.00000000,0.00005141,1
16870.11666667,0.00002332,0.00001232,10
16875.00000000,0.00005205,0.00015227,8
16880.00000000,0.00005922,0.00025585,9
16882.02500000,0.00002765,0.00000000,0
16889.67500000,0.00010131,0.00005086,2
16890.00000000,0.00000000,0.00003821,1
16894.61666667,0.00003866,0.00000000,0
16894.64166667,0.00003538,0.00000000,0
16900.00000000,0.00011140,0.00023073,7
16908.00000000,0.00000000,0.00001691,1
16910.00000000,0.00000000,0.00005019,1
16911.93333333,0.00004655,0.00000000,0
16912.05833333,0.00005663,0.00007080,6
16915.00000000,0.00000000,0.00001591,1
16918.94166667,0.00002228,0.00000000,0
16919.69166667,0.00004484,0.00000000,0
16919.80000000,0.00005779,0.00000000,0
16920.00000000,0.00007746,0.00027119,8
16930.00000000,0.00000000,0.00006512,1
16933.95000000,0.00000000,0.00001288,1
16935.00000000,0.00000000,0.00001815,1
16940.00000000,0.00008995,0.00027763,8
16941.35833333,0.00019315,0.00006399,2
16943.35833333,0.00002378,0.00001329,3
16947.29166667,0.00093358,0.00115521,6
16948.09166667,0.00003302,0.00002467,3
16949.86666667,0.00004400,0.00003712,5
16950.00000000,0.00016046,0.00021587,6
16954.99166667,0.00000000,0.00002478,1
16958.70000000,0.00000000,0.00002146,1
16960.00000000,0.00010438,0.00025936,8
16965.03333333,0.00002917,0.00001961,3
16965.07500000,0.00004049,0.00002021,2
16965.12500000,0.00003261,0.00001764,3
16970.00000000,0.00000000,0.00004186,1
16975.00833333,0.00002959,0.00003195,6
16980.00000000,0.00009135,0.00023778,8
16983.35000000,0.00000000,0.00001185,1
16990.00000000,0.00000000,0.00004113,1
16994.37500000,0.00006617,0.00003981,3
16995.00000000,0.00002131,0.00003496,7
17000.00000000,0.00006809,0.00023625,8
17003.60000000,0.00006046,0.00000000,0
17003.71666667,0.00003069,0.00000000,0
17003.72500000,0.00002943,0.00000000,0
17010.00000000,0.00000000,0.00004689,1
17015.00000000,0.00000000,0.00003979,1
17016.71666667,0.00003414,0.00000000,0
17016.72500000,0.00003371,0.00000000,0
17020.00000000,0.00007022,0.00017451,8
17025.00000000,0.00000000,0.00001571,1
17030.00000000,0.00000000,0.00003747,1
17032.50833333,0.00009506,0.00016346,7
17035.00833333,0.00000000,0.00002899,1
17040.00000000,0.00006444,0.00010200,7
17044.65833333,0.00002708,0.00002159,5
17045.80833333,0.00003521,0.00002085,3
17045.83333333,0.00003990,0.00002312,3
17050.00000000,0.00007047,0.00008513,6
17055.00833333,0.00000000,0.00001720,1
17060.00000000,0.00006617,0.00012717,7
17065.63333333,0.00003562,0.00000000,0
17065.74166667,0.00003582,0.00000000,0
17070.00000000,0.00000000,0.00005222,1
17075.00833333,0.00000000,0.00001267,1
17080.00000000,0.00006376,0.00009142,6
17090.00000000,0.00000000,0.00002007,1
17100.00000000,0.00013492,0.00010193,3
17110.00000000,0.00000000,0.00003754,1
17114.43333333,0.00000000,0.00001897,1
17114.50833333,0.00000000,0.00001427,1
17114.67500000,0.00000000,0.00001390,1
17118.23333333,0.00003645,0.00000000,0
17120.00000000,0.00009431,0.00010912,6
17122.57500000,0.00005588,0.00000000,0
17122.66666667,0.00004951,0.00000000,0
17125.00000000,0.00013710,0.00021316,7
17130.00000000,0.00000000,0.00001976,1
17140.00000000,0.00011427,0.00012992,6
17150.00000000,0.00005139,0.00010388,7
17160.00000000,0.00014856,0.00013464,5
17165.25833333,0.00023424,0.00027042,6
17165.28333333,0.00025507,0.00020816,5
17165.36666667,0.00022849,0.00030717,6
17170.00000000,0.00002231,0.00002125,5
17175.00000000,0.00003396,0.00002492,3
17180.00000000,0.00017287,0.00016056,5
17187.50000000,0.00057807,0.00013806,4
17190.00000000,0.00003010,0.00001772,3
17200.00000000,0.00017550,0.00017732,5
17209.64166667,0.00005160,0.00012835,8
17209.72500000,0.00004789,0.00005071,6
17209.75000000,0.00003920,0.00005829,7
17210.00000000,0.00004455,0.00002706,3
17220.00000000,0.00024069,0.00020141,5
17225.00000000,0.00000000,0.00005125,1
17230.00000000,0.00004052,0.00001877,2
17240.00000000,0.00030511,0.00023510,5
17250.00000000,0.00042584,0.00032774,5
17260.00000000,0.00034555,0.00027157,5
17270.00000000,0.00004105,0.00001658,2
17275.00000000,0.00002687,0.00000000,0
17280.00000000,0.00038792,0.00028567,3
17289.99166667,0.00003569,0.00003302,5
17300.00000000,0.00045314,0.00030399,3
17310.00833333,0.00003119,0.00003553,6
17313.78333333,0.00000000,0.00001226,1
17320.00000000,0.00050525,0.00034887,3
17323.12500000,0.00000000,0.00001224,1
17323.13333333,0.00000000,0.00001258,1
17325.00000000,0.00003115,0.00004887,7
17329.15000000,0.00006078,0.00002454,2
17329.99166667,0.00002459,0.00004867,7
17330.35000000,0.00002253,0.00000000,0
17340.00000000,0.00053786,0.00036094,3
17342.49166667,0.00056151,0.00054926,5
17350.00000000,0.00005498,0.00007530,6
17360.00000000,0.00057688,0.00036772,3
17361.78333333,0.00000000,0.00001347,1
17370.00000000,0.00003855,0.00005125,6
17373.46666667,0.00003471,0.00001374,2
17373.48333333,0.00003774,0.00001325,2
17375.00000000,0.00006050,0.00003987,3
17380.00000000,0.00060191,0.00036737,3
17380.16666667,0.00002004,0.00000000,0
17380.62500000,0.00007495,0.00006915,5
17382.80833333,0.00009293,0.00005970,3
17390.00833333,0.00005813,0.00005130,5
17400.00000000,0.00059166,0.00032970,3
17408.35833333,0.00000000,0.00001977,1
17408.38333333,0.00000000,0.00002197,1
17410.00000000,0.00008162,0.00005929,3
17414.99166667,0.00000000,0.00001376,1
17420.00000000,0.00057533,0.00032546,3
17420.48333333,0.00002355,0.00000000,0
17425.01666667,0.00007836,0.00000000,0
17425.10000000,0.00005208,0.00005788,6
17426.90833333,0.00005151,0.00005935,6
17427.70833333,0.00138756,0.00198283,6
17430.00000000,0.00008084,0.00006767,5
17433.61666667,0.00003831,0.00001496,2
17433.63333333,0.00004134,0.00001573,2
17435.00833333,0.00001989,0.00001634,5
17440.00000000,0.00054990,0.00032010,3
17441.03333333,0.00002186,0.00000000,0
17450.00000000,0.00020974,0.00012010,3
17455.00833333,0.00002124,0.00000000,0
17455.20000000,0.00019171,0.00000000,0
17455.29166667,0.00016258,0.00000000,0
17456.40000000,0.00000000,0.00001237,1
17460.00000000,0.00050108,0.00026856,3
17462.94166667,0.00009699,0.00008170,5
17467.00000000,0.00002794,0.00001706,3
17468.69166667,0.00089795,0.00013280,0
17468.81666667,0.00076049,0.00034209,2
17470.00833333,0.00006897,0.00005635,5
17474.99166667,0.00007195,0.00000000,0
17475.04166667,0.00004122,0.00000000,0
17480.00000000,0.00043834,0.00023234,10
17480.55000000,0.00004684,0.00000000,0
17480.65833333,0.00004589,0.00000000,0
17485.32500000,0.00011843,0.00008431,3
17489.36666667,0.00009438,0.00003723,2
17489.38333333,0.00009358,0.00003599,2
17490.00000000,0.00007803,0.00004284,3
17500.00000000,0.00067079,0.00006568,0
17506.82500000,0.00002703,0.00001823,3
17509.99166667,0.00005457,0.00002731,2
17510.39166667,0.00121518,0.00105353,5
17520.00000000,0.00044609,0.00022561,2
17525.00000000,0.00003175,0.00008810,8
17530.00000000,0.00006664,0.00004510,3
17540.00000000,0.00052130,0.00026591,2
17541.60833333,0.00003343,0.00002858,5
17541.63333333,0.00003005,0.00002544,5
17549.01666667,0.00007028,0.00007669,6
17550.00000000,0.00021266,0.00005347,4
17557.71666667,0.00002771,0.00000000,0
17557.73333333,0.00002862,0.00000000,0
17560.00000000,0.00058945,0.00028681,2
17560.20833333,0.00003942,0.00005779,7
17560.32500000,0.00002579,0.00005702,8
17568.75000000,0.00002347,0.00001447,3
17568.80000000,0.00003594,0.00002012,3
17568.84166667,0.00002371,0.00001623,3
17570.00000000,0.00005342,0.00004875,5
17578.12500000,0.00008920,0.00004197,2
17580.00000000,0.00058061,0.00028476,2
17583.98333333,0.00000000,0.00001850,1
17590.00000000,0.00011126,0.00006940,3
17594.46666667,0.00000000,0.00001286,1
17594.48333333,0.00000000,0.00001234,1
17595.01666667,0.00000000,0.00001165,1
17597.48333333,0.00006189,0.00000000,0
17597.60833333,0.00004991,0.00000000,0
17600.00000000,0.00070191,0.00038438,3
17610.00000000,0.00012116,0.00007383,3
17620.00000000,0.00092042,0.00043554,2
17623.66666667,0.00003680,0.00001404,2
17625.00000000,0.00006756,0.00002080,4
17630.00000000,0.00010159,0.00006208,3
17640.00000000,0.00096438,0.00043445,2
17645.67500000,0.00054578,0.00059151,6
17645.80833333,0.00055675,0.00041211,3
17650.00000000,0.00002542,0.00002557,5
17656.25000000,0.00004620,0.00001271,4
17660.00000000,0.00091892,0.00042151,2
17663.68333333,0.00000000,0.00001822,1
17663.78333333,0.00000000,0.00001858,1
17664.99166667,0.00031770,0.00041294,6
17665.11666667,0.00024278,0.00039985,7
17666.38333333,0.00003424,0.00000000,0
17669.17500000,0.00004533,0.00003269,3
17669.29166667,0.00000000,0.00003479,1
17669.46666667,0.00004780,0.00004883,5
17669.56666667,0.00002627,0.00005232,7
17669.57500000,0.00002857,0.00005220,7
17670.00000000,0.00010673,0.00006817,3
17675.00000000,0.00004053,0.00000000,0
17680.00000000,0.00089483,0.00040023,2
17688.12500000,0.00002988,0.00002609,5
17688.13333333,0.00003003,0.00002480,5
17690.00000000,0.00009525,0.00002880,4
17690.19166667,0.00018789,0.00012036,3
17690.31666667,0.00013091,0.00012998,5
17695.00000000,0.00002510,0.00001298,2
17700.00000000,0.00097034,0.00037621,2
17702.46666667,0.00000000,0.00001799,1
17702.58333333,0.00001982,0.00000000,0
17710.00000000,0.00013884,0.00008111,3
17715.00000000,0.00003017,0.00000000,0
17720.00000000,0.00115782,0.00050575,2
17725.00000000,0.00011396,0.00007532,3
17730.00000000,0.00023012,0.00006973,4
17734.37500000,0.00005129,0.00000000,0
17734.99166667,0.00002329,0.00000000,0
17740.00000000,0.00109576,0.00044695,2
17750.00000000,0.00022359,0.00001754,0
17755.00000000,0.00002967,0.00000000,0
17760.00000000,0.00089275,0.00038251,2
17770.00000000,0.00006740,0.00000000,0
17773.44166667,0.00006916,0.00001841,4
17775.00000000,0.00006108,0.00002093,2
17780.00000000,0.00088611,0.00034630,2
17790.00000000,0.00014453,0.00006436,2
17794.93333333,0.00002243,0.00001158,2
17794.97500000,0.00003097,0.00001684,3
17795.04166667,0.00007302,0.00000000,0
17795.08333333,0.00005772,0.00000000,0
17795.19166667,0.00003108,0.00000000,0
17800.00000000,0.00114873,0.00027177,4
17810.00000000,0.00010568,0.00004029,2
17814.22500000,0.00000000,0.00001216,1
17815.00000000,0.00002841,0.00001176,2
17820.00000000,0.00082328,0.00031221,2
17825.00000000,0.00007547,0.00002727,2
17830.00833333,0.00004744,0.00003287,3
17835.00000000,0.00002372,0.00000000,0
17840.00000000,0.00063906,0.00025066,2
17850.00000000,0.00033031,0.00011423,2
17854.37500000,0.00004111,0.00004749,6
17860.00833333,0.00070185,0.00017293,4
17860.14166667,0.00021441,0.00027391,6
17866.99166667,0.00002224,0.00000000,0
17870.00000000,0.00009730,0.00006082,3
17875.00000000,0.00009420,0.00001336,0
17880.00000000,0.00062803,0.00024098,2
17890.00000000,0.00011616,0.00004660,2
17890.62500000,0.00003769,0.00000000,0
17891.65000000,0.00016897,0.00000000,0
17891.74166667,0.00016718,0.00001266,0
17900.00000000,0.00061582,0.00019213,4
17910.00000000,0.00009103,0.00004580,2
17915.72500000,0.00033504,0.00017834,3
17920.00000000,0.00030399,0.00013442,2
17925.00000000,0.00012795,0.00006229,2
17930.00000000,0.00009947,0.00002986,4
17940.00000000,0.00017534,0.00007161,2
17950.00000000,0.00031352,0.00022743,3
17960.00000000,0.00011773,0.00003070,4
17968.75000000,0.00085549,0.00029857,2
17970.00000000,0.00024961,0.00007745,4
17975.00000000,0.00008251,0.00001506,4
17979.10833333,0.00004592,0.00002814,3
17980.00000000,0.00019905,0.00008319,2
17987.97500000,0.00002144,0.00000000,0
17990.00000000,0.00019013,0.00004083,4
17994.99166667,0.00002938,0.00000000,0
