freq,int_water,int_deu,cluster
2001.94120000,0.00000000,0.00000000,0
2020.12062000,0.00001853,0.00000000,0
2024.16182000,0.00003966,0.00000000,0
2026.36719000,0.00000000,0.00000000,0
2029.49047000,0.00000000,0.00000000,0
2030.39646000,0.00000000,0.00000000,0
2034.54494000,0.00002919,0.00000000,0
2048.26593000,0.00000000,0.00000000,0
2060.53257000,0.00000000,0.00000000,0
2074.82576000,0.00002359,0.00000000,0
2076.49469000,0.00003743,0.00000000,0
2082.93200000,0.00000000,0.00000000,0
2084.01680000,0.00004245,0.00000000,0
2091.37201000,0.00011629,0.00000000,0
2092.99326000,0.00002278,0.00000000,0
2094.19727000,0.00002024,0.00000000,0
2096.78411000,0.00007230,0.00000000,0
2099.83587000,0.00008137,0.00000000,0
2101.92204000,0.00002159,0.00000000,0
2102.42271000,0.00003837,0.00003175,14
2104.38967000,0.00000000,0.00000000,0
2104.94995000,0.00004738,0.00000000,0
2110.35013000,0.00046547,0.00000000,0
2113.02042000,0.00000000,0.00000000,0
2121.94920000,0.00002460,0.00002012,14
2122.18761000,0.00000000,0.00000000,0
2122.27106000,0.00003687,0.00002441,12
2123.71349000,0.00000000,0.00000000,0
2124.02344000,0.00003012,0.00001811,11
2124.03536000,0.00002946,0.00000000,0
2124.61948000,0.00000000,0.00000000,0
2124.88174000,0.00000000,0.00000000,0
2125.23937000,0.00001844,0.00000000,0
2125.43011000,0.00000000,0.00000000,0
2125.54932000,0.00000000,0.00000000,0
2125.85926000,0.00000000,0.00000000,0
2127.20633000,0.00002269,0.00000000,0
2127.61164000,0.00003060,0.00002611,14
2127.89774000,0.00002386,0.00000000,0
2128.02887000,0.00001971,0.00000000,0
2128.58915000,0.00002103,0.00000000,0
2130.67532000,0.00002044,0.00000000,0
2131.33097000,0.00000000,0.00000000,0
2132.46346000,0.00002183,0.00000000,0
2132.74956000,0.00000000,0.00000000,0
2132.91645000,0.00000000,0.00000000,0
2133.50058000,0.00001966,0.00000000,0
2134.37080000,0.00000000,0.00000000,0
2134.49001000,0.00001894,0.00000000,0
2134.97877000,0.00000000,0.00000000,0
2135.74171000,0.00002048,0.00000000,0
2135.84900000,0.00002364,0.00000000,0
2137.60138000,0.00001953,0.00000000,0
2138.71002000,0.00002118,0.00000000,0
2139.04381000,0.00003071,0.00000000,0
2141.69025000,0.00000000,0.00000000,0
2146.51823000,0.00000000,0.00000000,0
2146.61360000,0.00001841,0.00000000,0
2146.67320000,0.00003192,0.00000000,0
2148.43750000,0.00000000,0.00000000,0
2149.56999000,0.00000000,0.00000000,0
2150.11835000,0.00001834,0.00000000,0
2150.22564000,0.00002546,0.00000000,0
2150.39253000,0.00003456,0.00000000,0
2150.65479000,0.00001899,0.00000000,0
2151.07203000,0.00002243,0.00000000,0
2151.45350000,0.00002461,0.00000000,0
2151.60847000,0.00000000,0.00000000,0
2151.98994000,0.00000000,0.00000000,0
2153.00322000,0.00001914,0.00000000,0
2153.07474000,0.00000000,0.00000000,0
2153.94497000,0.00000000,0.00000000,0
2154.19531000,0.00000000,0.00000000,0
2156.13842000,0.00002547,0.00000000,0
2156.28147000,0.00001807,0.00000000,0
2157.34243000,0.00000000,0.00000000,0
2157.46164000,0.00001811,0.00000000,0
2157.61662000,0.00001800,0.00000000,0
2157.62854000,0.00001792,0.00000000,0
2157.86695000,0.00000000,0.00000000,0
2159.53588000,0.00001949,0.00000000,0
2160.09617000,0.00001801,0.00000000,0
2160.57301000,0.00001970,0.00000000,0
2160.97832000,0.00000000,0.00000000,0
2161.20481000,0.00001921,0.00000000,0
2161.39555000,0.00000000,0.00000000,0
2161.59821000,0.00001879,0.00000000,0
2161.87239000,0.00001850,0.00000000,0
2162.49228000,0.00002215,0.00000000,0
2162.64725000,0.00002312,0.00000000,0
2163.48171000,0.00001813,0.00000000,0
2163.98239000,0.00002349,0.00000000,0
2165.98511000,0.00000000,0.00000000,0
2166.41426000,0.00000000,0.00000000,0
2166.78381000,0.00000000,0.00000000,0
2167.40370000,0.00000000,0.00000000,0
2169.71636000,0.00000000,0.00000000,0
2172.85156000,0.00003102,0.00000000,0
2173.23303000,0.00000000,0.00000000,0
2174.27015000,0.00000000,0.00000000,0
2174.79467000,0.00000000,0.00000000,0
2174.90196000,0.00003106,0.00001919,11
2177.23846000,0.00000000,0.00000000,0
2178.10869000,0.00000000,0.00000000,0
2178.74050000,0.00000000,0.00000000,0
2178.82395000,0.00000000,0.00000000,0
2180.14717000,0.00000000,0.00000000,0
2182.40023000,0.00000000,0.00000000,0
2187.50238000,0.00046969,0.00006541,2
2195.08410000,0.00003407,0.00002361,12
2196.26427000,0.00003753,0.00000000,0
2197.36099000,0.00002388,0.00000000,0
2199.73326000,0.00001849,0.00000000,0
2200.12665000,0.00022718,0.00000000,0
2206.38514000,0.00032088,0.00000000,0
2209.43689000,0.00000000,0.00000000,0
2215.85035000,0.00000000,0.00000000,0
2216.70866000,0.00001794,0.00000000,0
2223.95658000,0.00001995,0.00000000,0
2226.57919000,0.00000000,0.00000000,0
2237.49876000,0.00000000,0.00000000,0
2248.33488000,0.00000000,0.00000000,0
2252.44761000,0.00050608,0.00000000,0
2265.62023000,0.00002146,0.00000000,0
2265.63215000,0.00002200,0.00000000,0
2270.49589000,0.00000000,0.00000000,0
2271.25883000,0.00000000,0.00000000,0
2275.40731000,0.00000000,0.00000000,0
2276.26562000,0.00000000,0.00000000,0
2276.33715000,0.00000000,0.00000000,0
2290.01045000,0.00000000,0.00000000,0
2305.38845000,0.00000000,0.00000000,0
2314.44836000,0.00002601,0.00001870,13
2315.55700000,0.00000000,0.00000000,0
2318.51339000,0.00000000,0.00000000,0
2320.11080000,0.00000000,0.00000000,0
2320.48035000,0.00000000,0.00000000,0
2320.94526000,0.00019457,0.00000000,0
2333.02116000,0.00000000,0.00000000,0
2342.02147000,0.00000000,0.00000000,0
2349.06673000,0.00000000,0.00000000,0
2352.89335000,0.00000000,0.00000000,0
2353.65629000,0.00000000,0.00000000,0
2355.63517000,0.00000000,0.00000000,0
2355.81398000,0.00002099,0.00000000,0
2356.71997000,0.00011629,0.00000000,0
2362.60891000,0.00000000,0.00000000,0
2363.87253000,0.00000000,0.00000000,0
2364.67123000,0.00000000,0.00000000,0
2368.16406000,0.00000000,0.00000000,0
2369.43960000,0.00000000,0.00000000,0
2370.16678000,0.00000000,0.00000000,0
2370.28599000,0.00000000,0.00000000,0
2373.87419000,0.00000000,0.00000000,0
2377.27165000,0.00014087,0.00000000,0
2377.31934000,0.00023956,0.00000000,0
2382.86257000,0.00009996,0.00000000,0
2384.75800000,0.00000000,0.00000000,0
2384.96065000,0.00000000,0.00000000,0
2387.38060000,0.00000000,0.00000000,0
2387.49981000,0.00000000,0.00000000,0
2388.22699000,0.00000000,0.00000000,0
2389.13298000,0.00000000,0.00000000,0
2391.44564000,0.00000000,0.00000000,0
2392.61389000,0.00000000,0.00000000,0
2393.47219000,0.00000000,0.00000000,0
2396.29745000,0.00000000,0.00000000,0
2409.17206000,0.00002784,0.00002399,14
2411.11517000,0.00004243,0.00000000,0
2411.91387000,0.00005698,0.00005080,14
2414.85834000,0.00025453,0.00000000,0
2416.33654000,0.00000000,0.00000000,0
2416.99219000,0.00000000,0.00000000,0
2430.72510000,0.00003225,0.00002146,12
2432.02448000,0.00000000,0.00000000,0
2432.66821000,0.00002442,0.00000000,0
2433.18081000,0.00000000,0.00000000,0
2433.25233000,0.00002169,0.00000000,0
2433.32386000,0.00002185,0.00001822,14
2433.43115000,0.00000000,0.00000000,0
2433.50267000,0.00000000,0.00000000,0
2433.68149000,0.00000000,0.00000000,0
2433.74109000,0.00001926,0.00000000,0
2433.82454000,0.00000000,0.00000000,0
2434.06296000,0.00000000,0.00000000,0
2434.12256000,0.00001880,0.00000000,0
2434.57556000,0.00000000,0.00000000,0
2434.80206000,0.00000000,0.00000000,0
2434.94511000,0.00000000,0.00000000,0
2435.13584000,0.00000000,0.00000000,0
2435.26697000,0.00000000,0.00000000,0
2435.35042000,0.00003045,0.00000000,0
2435.56499000,0.00000000,0.00000000,0
2436.08952000,0.00000000,0.00000000,0
2436.20872000,0.00000000,0.00000000,0
2436.33986000,0.00002037,0.00000000,0
2436.45906000,0.00000000,0.00000000,0
2437.12664000,0.00000000,0.00000000,0
2437.29353000,0.00000000,0.00000000,0
2437.60347000,0.00000000,0.00000000,0
2437.75845000,0.00000000,0.00000000,0
2437.82997000,0.00000000,0.00000000,0
2438.11607000,0.00000000,0.00000000,0
2438.16376000,0.00000000,0.00000000,0
2438.27105000,0.00000000,0.00000000,0
2438.52139000,0.00000000,0.00000000,0
2438.65252000,0.00001817,0.00000000,0
2438.72404000,0.00000000,0.00000000,0
2438.80749000,0.00000000,0.00000000,0
2439.04591000,0.00000000,0.00000000,0
2439.30817000,0.00000000,0.00000000,0
2439.47506000,0.00001800,0.00000000,0
2439.84461000,0.00000000,0.00000000,0
2440.44065000,0.00002288,0.00000000,0
2441.13207000,0.00000000,0.00000000,0
2441.37049000,0.00000000,0.00000000,0
2441.82348000,0.00002200,0.00000000,0
2444.13614000,0.00000000,0.00000000,0
2446.24615000,0.00000000,0.00000000,0
2446.75875000,0.00003984,0.00000000,0
2454.22125000,0.00000000,0.00000000,0
2454.44775000,0.00000000,0.00000000,0
2457.51143000,0.00000000,0.00000000,0
2465.26003000,0.00004549,0.00000000,0
2465.80839000,0.00000000,0.00000000,0
2466.64286000,0.00000000,0.00000000,0
2480.10159000,0.00000000,0.00000000,0
2480.69763000,0.00014922,0.00000000,0
2481.53210000,0.00000000,0.00000000,0
2483.06990000,0.00000000,0.00000000,0
2491.21189000,0.00000000,0.00000000,0
2497.93530000,0.00000000,0.00000000,0
2500.12875000,0.00004591,0.00000000,0
2500.77248000,0.00000000,0.00000000,0
2501.30892000,0.00000000,0.00000000,0
2503.57389000,0.00004321,0.00000000,0
2509.66549000,0.00000000,0.00000000,0
2509.97543000,0.00000000,0.00000000,0
2510.89334000,0.00012431,0.00000000,0
2512.52651000,0.00000000,0.00000000,0
2512.62188000,0.00002124,0.00000000,0
2512.82454000,0.00000000,0.00000000,0
2513.27753000,0.00004060,0.00000000,0
2514.63652000,0.00000000,0.00000000,0
2519.66715000,0.00002391,0.00000000,0
2527.95219000,0.00000000,0.00000000,0
2529.29926000,0.00000000,0.00000000,0
2531.79073000,0.00000000,0.00000000,0
2538.75256000,0.00000000,0.00000000,0
2539.51550000,0.00000000,0.00000000,0
2543.55669000,0.00000000,0.00000000,0
2545.30907000,0.00000000,0.00000000,0
2545.80975000,0.00000000,0.00000000,0
2546.39387000,0.00000000,0.00000000,0
2549.68405000,0.00019603,0.00000000,0
2549.95823000,0.00035812,0.00000000,0
2555.10807000,0.00009769,0.00000000,0
2556.37169000,0.00000000,0.00000000,0
2559.30424000,0.00009229,0.00000000,0
2560.97317000,0.00000000,0.00000000,0
2563.75074000,0.00000000,0.00000000,0
2564.21566000,0.00002218,0.00000000,0
2565.06205000,0.00000000,0.00000000,0
2570.25957000,0.00000000,0.00000000,0
2573.03715000,0.00000000,0.00000000,0
2578.12738000,0.00000000,0.00000000,0
2578.58038000,0.00000000,0.00000000,0
2579.11682000,0.00007189,0.00000000,0
2579.54597000,0.00012281,0.00000000,0
2582.37123000,0.00000000,0.00000000,0
2587.35418000,0.00000000,0.00000000,0
2587.48531000,0.00000000,0.00000000,0
2590.45362000,0.00000000,0.00000000,0
2592.01527000,0.00000000,0.00000000,0
2594.62595000,0.00000000,0.00000000,0
2597.63002000,0.00005458,0.00000000,0
2600.50297000,0.00000000,0.00000000,0
2604.47264000,0.00003498,0.00002691,13
2607.85818000,0.00000000,0.00000000,0
2608.15620000,0.00000000,0.00000000,0
2609.78937000,0.00000000,0.00000000,0
2610.20660000,0.00000000,0.00000000,0
2611.64904000,0.00000000,0.00000000,0
2614.47430000,0.00000000,0.00000000,0
2614.80808000,0.00000000,0.00000000,0
2623.51036000,0.00002293,0.00000000,0
2623.74878000,0.00001914,0.00000000,0
2624.57132000,0.00002349,0.00000000,0
2626.08528000,0.00001984,0.00000000,0
2628.17144000,0.00002123,0.00000000,0
2628.42178000,0.00002107,0.00000000,0
2629.35162000,0.00002278,0.00000000,0
2635.10942000,0.00002533,0.00000000,0
2635.70547000,0.00000000,0.00000000,0
2636.25383000,0.00000000,0.00000000,0
2636.55186000,0.00000000,0.00000000,0
2637.51745000,0.00002021,0.00000000,0
2638.11350000,0.00001995,0.00000000,0
2638.45921000,0.00000000,0.00000000,0
2643.79978000,0.00003125,0.00000000,0
2647.42374000,0.00000000,0.00000000,0
2647.49527000,0.00001898,0.00000000,0
2647.91250000,0.00002276,0.00000000,0
2648.50855000,0.00001790,0.00000000,0
2649.37878000,0.00005659,0.00004766,14
2649.64104000,0.00000000,0.00000000,0
2650.67816000,0.00001842,0.00000000,0
2652.32325000,0.00001912,0.00000000,0
2652.94313000,0.00002962,0.00000000,0
2654.51670000,0.00006912,0.00000000,0
2657.35388000,0.00001979,0.00000000,0
2657.73535000,0.00001867,0.00000000,0
2658.97512000,0.00000000,0.00000000,0
2659.22546000,0.00000000,0.00000000,0
2663.21898000,0.00000000,0.00000000,0
2665.55548000,0.00000000,0.00000000,0
2674.38889000,0.00001821,0.00000000,0
2674.65115000,0.00002350,0.00000000,0
2675.58098000,0.00002063,0.00000000,0
2675.84324000,0.00002025,0.00000000,0
2676.54657000,0.00000000,0.00000000,0
2681.36263000,0.00000000,0.00000000,0
2682.73354000,0.00000000,0.00000000,0
2683.88987000,0.00001938,0.00000000,0
2685.03428000,0.00000000,0.00000000,0
2685.53495000,0.00000000,0.00000000,0
2686.96547000,0.00000000,0.00000000,0
2687.89530000,0.00000000,0.00000000,0
2692.10339000,0.00000000,0.00000000,0
2695.31012000,0.00000000,0.00000000,0
2698.68374000,0.00005521,0.00000000,0
2705.01375000,0.00000000,0.00000000,0
2705.77669000,0.00002096,0.00000000,0
2708.02975000,0.00004300,0.00000000,0
2708.25624000,0.00000000,0.00000000,0
2709.04303000,0.00000000,0.00000000,0
2709.36489000,0.00000000,0.00000000,0
2709.75828000,0.00004086,0.00000000,0
2710.48546000,0.00000000,0.00000000,0
2711.67755000,0.00000000,0.00000000,0
2712.98885000,0.00004841,0.00000000,0
2716.18366000,0.00000000,0.00000000,0
2717.23270000,0.00000000,0.00000000,0
2718.01949000,0.00000000,0.00000000,0
2721.44079000,0.00003489,0.00000000,0
2722.82362000,0.00000000,0.00000000,0
2723.58656000,0.00000000,0.00000000,0
2723.65808000,0.00000000,0.00000000,0
2725.35086000,0.00000000,0.00000000,0
2726.14956000,0.00000000,0.00000000,0
2728.91521000,0.00000000,0.00000000,0
2730.30996000,0.00008105,0.00000000,0
2731.39477000,0.00000000,0.00000000,0
2732.86104000,0.00004889,0.00004007,14
2733.79087000,0.00000000,0.00000000,0
2734.38692000,0.00000000,0.00000000,0
2735.38828000,0.00000000,0.00000000,0
2741.95671000,0.00000000,0.00000000,0
2744.59124000,0.00000000,0.00000000,0
2754.03261000,0.00080355,0.00004202,0
2754.81939000,0.00005534,0.00000000,0
2756.07109000,0.00000000,0.00000000,0
2757.14397000,0.00000000,0.00000000,0
2758.78906000,0.00000000,0.00000000,0
2759.08709000,0.00088145,0.00003803,0
2761.99579000,0.00021964,0.00000000,0
2763.67664000,0.00001918,0.00000000,0
2764.14156000,0.00003449,0.00000000,0
2765.10715000,0.00000000,0.00000000,0
2770.14971000,0.00000000,0.00000000,0
2770.40005000,0.00000000,0.00000000,0
2776.57509000,0.00004881,0.00000000,0
2779.99640000,0.00010069,0.00000000,0
2782.45211000,0.00025017,0.00000000,0
2783.20312000,0.00000000,0.00000000,0
2783.40578000,0.00004772,0.00000000,0
2786.46946000,0.00002961,0.00000000,0
2796.81683000,0.00004450,0.00000000,0
2803.62368000,0.00001989,0.00000000,0
2812.50477000,0.00089610,0.00070271,13
2815.54461000,0.00000000,0.00000000,0
2828.46689000,0.00000000,0.00000000,0
2829.65899000,0.00000000,0.00000000,0
2836.03668000,0.00010468,0.00000000,0
2840.03019000,0.00007305,0.00000000,0
2841.48455000,0.00019431,0.00016910,14
2843.05811000,0.00005851,0.00000000,0
2844.56015000,0.00003047,0.00000000,0
2845.15619000,0.00007128,0.00000000,0
2846.07410000,0.00019931,0.00000000,0
2846.08603000,0.00020091,0.00000000,0
2848.11258000,0.00000000,0.00000000,0
2852.79751000,0.00000000,0.00000000,0
2854.49028000,0.00000000,0.00000000,0
2857.38707000,0.00000000,0.00000000,0
2858.55532000,0.00000000,0.00000000,0
2858.97255000,0.00000000,0.00000000,0
2862.31041000,0.00003548,0.00000000,0
2868.47353000,0.00000000,0.00000000,0
2869.86828000,0.00000000,0.00000000,0
2870.07093000,0.00000000,0.00000000,0
2870.44048000,0.00000000,0.00000000,0
2871.51337000,0.00000000,0.00000000,0
2871.94252000,0.00000000,0.00000000,0
2872.16902000,0.00000000,0.00000000,0
2873.01540000,0.00003646,0.00000000,0
2874.60089000,0.00000000,0.00000000,0
2874.87507000,0.00000000,0.00000000,0
2877.24733000,0.00000000,0.00000000,0
2877.62880000,0.00000000,0.00000000,0
2882.89785000,0.00000000,0.00000000,0
2884.57870000,0.00000000,0.00000000,0
2886.12843000,0.00000000,0.00000000,0
2887.04634000,0.00006663,0.00000000,0
2890.62262000,0.00003530,0.00002347,12
2893.75782000,0.00007295,0.00006574,14
2894.80686000,0.00002801,0.00000000,0
2901.45874000,0.00006705,0.00005095,13
2912.11605000,0.00000000,0.00000000,0
2913.01012000,0.00000000,0.00000000,0
2913.14125000,0.00061873,0.00000000,0
2913.32006000,0.00101360,0.00002210,0
2913.34391000,0.00082992,0.00001872,0
2915.95459000,0.00002631,0.00000000,0
2917.21821000,0.00000000,0.00000000,0
2917.33742000,0.00002479,0.00000000,0
2917.63544000,0.00000000,0.00000000,0
2919.05403000,0.00000000,0.00000000,0
2920.34149000,0.00002196,0.00000000,0
2920.79449000,0.00002264,0.00000000,0
2920.96138000,0.00002789,0.00000000,0
2922.65415000,0.00001805,0.00000000,0
2925.58670000,0.00002211,0.00000000,0
2932.66773000,0.00003416,0.00002165,12
2933.77638000,0.00000000,0.00000000,0
2934.01480000,0.00000000,0.00000000,0
2934.62276000,0.00000000,0.00000000,0
2935.34994000,0.00000000,0.00000000,0
2935.96983000,0.00012814,0.00010225,13
2936.68509000,0.00000000,0.00000000,0
2939.45074000,0.00002429,0.00001874,13
2939.72492000,0.00000000,0.00000000,0
2940.10639000,0.00000000,0.00000000,0
2944.07606000,0.00000000,0.00000000,0
2944.99397000,0.00004885,0.00000000,0
2946.10262000,0.00000000,0.00000000,0
2947.73579000,0.00002591,0.00000000,0
2950.33455000,0.00002726,0.00000000,0
2950.73986000,0.00002171,0.00000000,0
2950.91867000,0.00000000,0.00000000,0
2951.01404000,0.00000000,0.00000000,0
2954.11348000,0.00000000,0.00000000,0
2955.32942000,0.00004023,0.00002822,12
2957.45134000,0.00000000,0.00000000,0
2957.64208000,0.00008600,0.00000000,0
2958.29773000,0.00000000,0.00000000,0
2958.98914000,0.00002354,0.00000000,0
2961.65943000,0.00000000,0.00000000,0
2967.72718000,0.00000000,0.00000000,0
2967.79871000,0.00004352,0.00000000,0
2969.68222000,0.00000000,0.00000000,0
2970.74318000,0.00001944,0.00000000,0
2970.95776000,0.00003243,0.00000000,0
2971.70877000,0.00002704,0.00000000,0
2971.93527000,0.00002401,0.00000000,0
2973.83070000,0.00000000,0.00000000,0
2976.03607000,0.00000000,0.00000000,0
2978.50370000,0.00000000,0.00000000,0
2978.93286000,0.00000000,0.00000000,0
2979.26664000,0.00003498,0.00001971,11
2979.27856000,0.00003371,0.00002016,11
2982.42569000,0.00000000,0.00000000,0
2982.80716000,0.00000000,0.00000000,0
2984.98869000,0.00016644,0.00000000,0
2988.50536000,0.00001947,0.00000000,0
2988.71994000,0.00002124,0.00000000,0
2988.92260000,0.00004405,0.00000000,0
2989.20870000,0.00003017,0.00000000,0
2989.98356000,0.00002898,0.00000000,0
2992.40351000,0.00000000,0.00000000,0
2998.05403000,0.00000000,0.00000000,0
2998.44742000,0.00011600,0.00000000,0
2999.19844000,0.00000000,0.00000000,0
2999.41301000,0.00016484,0.00014544,14
3000.65279000,0.00000000,0.00000000,0
3004.67014000,0.00002501,0.00000000,0
3005.00393000,0.00017919,0.00015376,14
3006.47020000,0.00012457,0.00000000,0
3007.81727000,0.00002724,0.00000000,0
3008.87823000,0.00000000,0.00000000,0
3011.91807000,0.00000000,0.00000000,0
3013.38434000,0.00002383,0.00000000,0
3014.60028000,0.00042668,0.00035870,14
3014.96983000,0.00000000,0.00000000,0
3015.58971000,0.00000000,0.00000000,0
3016.99638000,0.00000000,0.00000000,0
3017.84277000,0.00000000,0.00000000,0
3023.61250000,0.00002688,0.00000000,0
3024.72115000,0.00000000,0.00000000,0
3025.48409000,0.00000000,0.00000000,0
3025.66290000,0.00000000,0.00000000,0
3026.36623000,0.00000000,0.00000000,0
3027.15302000,0.00000000,0.00000000,0
3027.34375000,0.00000000,0.00000000,0
3030.45511000,0.00001954,0.00000000,0
3031.99291000,0.00000000,0.00000000,0
3032.83930000,0.00000000,0.00000000,0
3034.79433000,0.00002310,0.00000000,0
3035.02083000,0.00000000,0.00000000,0
3041.16011000,0.00051195,0.00000000,0
3042.38796000,0.00000000,0.00000000,0
3042.49525000,0.00000000,0.00000000,0
3045.70198000,0.00000000,0.00000000,0
3045.85695000,0.00000000,0.00000000,0
3046.00000000,0.00000000,0.00000000,0
3046.88215000,0.00000000,0.00000000,0
3048.41995000,0.00000000,0.00000000,0
3048.57492000,0.00000000,0.00000000,0
3052.68764000,0.00002314,0.00000000,0
3053.11680000,0.00000000,0.00000000,0
3055.52483000,0.00000000,0.00000000,0
3055.69172000,0.00000000,0.00000000,0
3055.77517000,0.00001813,0.00000000,0
3056.63347000,0.00002143,0.00001917,14
3057.99246000,0.00003771,0.00003250,14
3063.22575000,0.00000000,0.00000000,0
3064.09597000,0.00000000,0.00000000,0
3064.93044000,0.00000000,0.00000000,0
3065.83643000,0.00000000,0.00000000,0
3066.70666000,0.00002175,0.00000000,0
3066.73050000,0.00002343,0.00000000,0
3066.83779000,0.00005467,0.00004557,14
3068.07756000,0.00000000,0.00000000,0
3068.20869000,0.00004753,0.00004233,14
3068.70937000,0.00000000,0.00000000,0
3071.96379000,0.00007226,0.00000000,0
3072.57175000,0.00000000,0.00000000,0
3075.13475000,0.00000000,0.00000000,0
3077.30436000,0.00000000,0.00000000,0
3077.55470000,0.00000000,0.00000000,0
3080.01041000,0.00000000,0.00000000,0
3081.05946000,0.00000000,0.00000000,0
3084.99336000,0.00012838,0.00000000,0
3089.03456000,0.00000000,0.00000000,0
3093.61219000,0.00000000,0.00000000,0
3095.71028000,0.00000000,0.00000000,0
3102.33831000,0.00135190,0.00116631,14
3105.46160000,0.00002771,0.00000000,0
3107.03516000,0.00002535,0.00001802,13
3107.27358000,0.00003885,0.00000000,0
3108.95443000,0.00001932,0.00000000,0
3109.18093000,0.00000000,0.00000000,0
3112.72144000,0.00003478,0.00000000,0
3113.98506000,0.00000000,0.00000000,0
3114.22348000,0.00000000,0.00000000,0
3116.90569000,0.00020670,0.00000000,0
3118.97993000,0.00013738,0.00011423,14
3119.11106000,0.00002075,0.00000000,0
3119.25411000,0.00005226,0.00000000,0
3123.06881000,0.00002219,0.00001809,14
3123.08073000,0.00002167,0.00001826,14
3123.66486000,0.00002045,0.00000000,0
3124.02248000,0.00001927,0.00000000,0
3124.22514000,0.00000000,0.00000000,0
3124.32051000,0.00000000,0.00000000,0
3124.36819000,0.00001788,0.00000000,0
3124.41587000,0.00002201,0.00000000,0
3124.46356000,0.00000000,0.00000000,0
3124.51124000,0.00002914,0.00002070,13
3124.57085000,0.00002293,0.00000000,0
3124.66621000,0.00003302,0.00002044,11
3124.76158000,0.00004233,0.00003526,14
3124.79734000,0.00005521,0.00004235,13
3124.84503000,0.00008301,0.00006985,14
3124.88079000,0.00014286,0.00011764,14
3125.00000000,0.02195617,0.01793980,14
3125.11921000,0.00014562,0.00011731,14
3125.15497000,0.00007703,0.00006624,14
3125.20266000,0.00005723,0.00004589,14
3125.23842000,0.00004533,0.00003418,13
3125.33379000,0.00003088,0.00002614,14
3125.38147000,0.00002771,0.00000000,0
3125.48876000,0.00002119,0.00000000,0
3125.58413000,0.00002154,0.00000000,0
3125.67949000,0.00002528,0.00000000,0
3125.88215000,0.00002001,0.00000000,0
3125.97752000,0.00001861,0.00000000,0
3126.09673000,0.00000000,0.00000000,0
3126.28746000,0.00000000,0.00000000,0
3126.37091000,0.00000000,0.00000000,0
3128.25441000,0.00000000,0.00000000,0
3130.36442000,0.00002325,0.00000000,0
3133.28505000,0.00000000,0.00000000,0
3134.94205000,0.00000000,0.00000000,0
3135.40697000,0.00000000,0.00000000,0
3137.25471000,0.00004310,0.00000000,0
3137.45737000,0.00002853,0.00000000,0
3139.81771000,0.00002839,0.00000000,0
3140.40184000,0.00003732,0.00000000,0
3140.93828000,0.00002592,0.00000000,0
3141.21246000,0.00002047,0.00000000,0
3147.10140000,0.00007388,0.00000000,0
3147.80474000,0.00000000,0.00000000,0
3148.07892000,0.00000000,0.00000000,0
3148.81802000,0.00000000,0.00000000,0
3150.11740000,0.00099285,0.00000000,0
3151.02339000,0.00011420,0.00000000,0
3151.05915000,0.00016582,0.00000000,0
3152.14396000,0.00000000,0.00000000,0
3154.87385000,0.00000000,0.00000000,0
3155.99442000,0.00000000,0.00000000,0
3157.79448000,0.00000000,0.00000000,0
3161.56149000,0.00000000,0.00000000,0
3166.12720000,0.00000000,0.00000000,0
3166.87822000,0.00023097,0.00000000,0
3167.59348000,0.00000000,0.00000000,0
3169.42930000,0.00003128,0.00000000,0
3169.90614000,0.00006759,0.00000000,0
3171.05055000,0.00000000,0.00000000,0
3171.19360000,0.00005788,0.00000000,0
3172.48106000,0.00002315,0.00000000,0
3172.70756000,0.00000000,0.00000000,0
3173.50626000,0.00007187,0.00000000,0
3173.70892000,0.00000000,0.00000000,0
3174.38841000,0.00002035,0.00000000,0
3177.17791000,0.00000000,0.00000000,0
3178.14350000,0.00000000,0.00000000,0
3179.53825000,0.00008939,0.00000000,0
3180.77803000,0.00003419,0.00000000,0
3182.51848000,0.00045616,0.00000000,0
3182.54232000,0.00054383,0.00000000,0
3187.65640000,0.00021612,0.00015630,13
3187.82330000,0.00000000,0.00000000,0
3188.52663000,0.00000000,0.00000000,0
3189.90946000,0.00000000,0.00000000,0
3190.54127000,0.00032396,0.00002556,1
3190.58895000,0.00019220,0.00000000,0
3191.33997000,0.00000000,0.00000000,0
3191.50686000,0.00000000,0.00000000,0
3192.38901000,0.00000000,0.00000000,0
3192.92545000,0.00002075,0.00000000,0
3193.35461000,0.00000000,0.00000000,0
3194.10563000,0.00000000,0.00000000,0
3194.67783000,0.00000000,0.00000000,0
3195.50037000,0.00000000,0.00000000,0
3195.81032000,0.00000000,0.00000000,0
3201.44892000,0.00000000,0.00000000,0
3203.11785000,0.00002506,0.00000000,0
3203.12977000,0.00002527,0.00000000,0
3205.40667000,0.00000000,0.00000000,0
3207.74317000,0.00004884,0.00000000,0
3208.42266000,0.00000000,0.00000000,0
3209.71012000,0.00000000,0.00000000,0
3210.41346000,0.00000000,0.00000000,0
3211.16447000,0.00000000,0.00000000,0
3211.27176000,0.00000000,0.00000000,0
3212.65459000,0.00023479,0.00000000,0
3212.88109000,0.00000000,0.00000000,0
3216.82692000,0.00002130,0.00000000,0
3217.14878000,0.00003545,0.00000000,0
3217.69714000,0.00002712,0.00000000,0
3218.22166000,0.00003382,0.00002226,12
3218.23359000,0.00003314,0.00002310,12
3221.05885000,0.00000000,0.00000000,0
3221.28534000,0.00000000,0.00000000,0
3221.39263000,0.00000000,0.00000000,0
3221.49992000,0.00000000,0.00000000,0
3224.44439000,0.00002792,0.00000000,0
3227.18620000,0.00000000,0.00000000,0
3227.23389000,0.00002266,0.00000000,0
3229.40350000,0.00002353,0.00000000,0
3229.96378000,0.00003043,0.00002019,12
3229.97570000,0.00002999,0.00001993,12
3231.26316000,0.00005578,0.00005031,14
3232.82480000,0.00000000,0.00000000,0
3233.09898000,0.00013637,0.00000000,0
3234.04074000,0.00000000,0.00000000,0
3234.39837000,0.00008389,0.00000000,0
3235.11362000,0.00002462,0.00000000,0
3236.24611000,0.00006961,0.00000000,0
3237.79583000,0.00002059,0.00000000,0
3239.16674000,0.00000000,0.00000000,0
3242.18273000,0.00000000,0.00000000,0
3243.21985000,0.00011857,0.00000000,0
3244.20929000,0.00002874,0.00000000,0
3244.57884000,0.00005506,0.00000000,0
3245.65172000,0.00000000,0.00000000,0
3246.02127000,0.00000000,0.00000000,0
3248.47698000,0.00000000,0.00000000,0
3251.80292000,0.00002525,0.00000000,0
3251.94597000,0.00002716,0.00002007,13
3257.15542000,0.00000000,0.00000000,0
3258.47864000,0.00002877,0.00000000,0
3259.31311000,0.00009731,0.00000000,0
3262.12645000,0.00003180,0.00002620,14
3263.37814000,0.00000000,0.00000000,0
3265.22589000,0.00000000,0.00000000,0
3267.88425000,0.00000000,0.00000000,0
3270.23268000,0.00002837,0.00000000,0
3270.54262000,0.00000000,0.00000000,0
3270.97178000,0.00000000,0.00000000,0
3271.48437000,0.00002915,0.00000000,0
3276.45540000,0.00000000,0.00000000,0
3277.15874000,0.00001837,0.00000000,0
3280.58004000,0.00003562,0.00000000,0
3280.98536000,0.00000000,0.00000000,0
3281.81982000,0.00004676,0.00000000,0
3282.84502000,0.00002271,0.00000000,0
3284.19209000,0.00052434,0.00000000,0
3285.19344000,0.00000000,0.00000000,0
3288.18560000,0.00000000,0.00000000,0
3289.54458000,0.00000000,0.00000000,0
3290.87973000,0.00058215,0.00000000,0
3292.10758000,0.00000000,0.00000000,0
3294.11030000,0.00014855,0.00000000,0
3294.86132000,0.00000000,0.00000000,0
3295.08781000,0.00000000,0.00000000,0
3295.91036000,0.00001935,0.00000000,0
3298.97404000,0.00000000,0.00000000,0
3299.11709000,0.00000000,0.00000000,0
3299.46280000,0.00000000,0.00000000,0
3300.78602000,0.00002332,0.00002006,14
3301.72777000,0.00002401,0.00000000,0
3302.91986000,0.00000000,0.00000000,0
3304.20732000,0.00012092,0.00000000,0
3305.01795000,0.00000000,0.00000000,0
3305.16100000,0.00000000,0.00000000,0
3305.49479000,0.00010639,0.00000000,0
3306.86569000,0.00004053,0.00000000,0
3306.97298000,0.00000000,0.00000000,0
3309.48830000,0.00000000,0.00000000,0
3310.51350000,0.00001996,0.00000000,0
3310.53734000,0.00001836,0.00000000,0
3310.82344000,0.00000000,0.00000000,0
3311.27644000,0.00000000,0.00000000,0
3311.39565000,0.00004576,0.00000000,0
3311.65791000,0.00000000,0.00000000,0
3315.01961000,0.00001809,0.00000000,0
3315.56797000,0.00031498,0.00000000,0
3319.44227000,0.00004315,0.00003796,14
3319.69261000,0.00002201,0.00001807,14
3320.33634000,0.00002450,0.00000000,0
3320.43171000,0.00003145,0.00002029,12
3325.35505000,0.00000000,0.00000000,0
3325.59347000,0.00011238,0.00000000,0
3328.80020000,0.00000000,0.00000000,0
3330.73139000,0.00002037,0.00000000,0
3333.52089000,0.00000000,0.00000000,0
3333.68778000,0.00000000,0.00000000,0
3334.05733000,0.00000000,0.00000000,0
3335.82163000,0.00000000,0.00000000,0
3335.85739000,0.00001798,0.00000000,0
3336.76338000,0.00001925,0.00000000,0
3338.01508000,0.00002394,0.00000000,0
3338.02700000,0.00002468,0.00000000,0
3338.17005000,0.00004292,0.00000000,0
3338.62305000,0.00000000,0.00000000,0
3339.49327000,0.00000000,0.00000000,0
3341.16220000,0.00000000,0.00000000,0
3341.32910000,0.00000000,0.00000000,0
3341.56752000,0.00000000,0.00000000,0
3341.68673000,0.00000000,0.00000000,0
3342.97419000,0.00000000,0.00000000,0
3343.08147000,0.00000000,0.00000000,0
3346.24052000,0.00001846,0.00000000,0
3346.71736000,0.00000000,0.00000000,0
3347.75448000,0.00003673,0.00003256,14
3348.92273000,0.00033109,0.00000000,0
3349.10154000,0.00013074,0.00000000,0
3349.60222000,0.00000000,0.00000000,0
3350.72279000,0.00006778,0.00000000,0
3350.75855000,0.00004677,0.00000000,0
3351.11618000,0.00002631,0.00001916,13
3351.16386000,0.00005741,0.00004666,14
3351.17579000,0.00005685,0.00004769,14
3351.44997000,0.00000000,0.00000000,0
3351.97449000,0.00002555,0.00000000,0
3354.99048000,0.00004441,0.00000000,0
3356.36139000,0.00002151,0.00000000,0
3359.37738000,0.00000000,0.00000000,0
3360.41451000,0.00000000,0.00000000,0
3360.72445000,0.00000000,0.00000000,0
3361.48739000,0.00000000,0.00000000,0
3369.15255000,0.00002031,0.00000000,0
3371.13142000,0.00002292,0.00000000,0
3372.91956000,0.00000000,0.00000000,0
3374.66002000,0.00004272,0.00000000,0
3374.99380000,0.00004443,0.00000000,0
3375.47064000,0.00000000,0.00000000,0
3376.65081000,0.00000000,0.00000000,0
3378.00980000,0.00005381,0.00000000,0
3378.47471000,0.00000000,0.00000000,0
3378.90387000,0.00000000,0.00000000,0
3379.78601000,0.00000000,0.00000000,0
3380.83506000,0.00002158,0.00000000,0
3383.15964000,0.00000000,0.00000000,0
3384.17292000,0.00002559,0.00000000,0
3384.24444000,0.00000000,0.00000000,0
3384.50670000,0.00000000,0.00000000,0
3388.10682000,0.00000000,0.00000000,0
3389.28699000,0.00002880,0.00000000,0
3389.39428000,0.00000000,0.00000000,0
3390.68174000,0.00001839,0.00000000,0
3392.69638000,0.00001890,0.00000000,0
3392.87519000,0.00002154,0.00000000,0
3393.75734000,0.00000000,0.00000000,0
3395.11633000,0.00000000,0.00000000,0
3395.72430000,0.00000000,0.00000000,0
3396.55876000,0.00002978,0.00000000,0
3399.27673000,0.00000000,0.00000000,0
3399.43171000,0.00002159,0.00000000,0
3399.72973000,0.00002115,0.00000000,0
3399.83702000,0.00001875,0.00000000,0
3400.85030000,0.00000000,0.00000000,0
3401.13640000,0.00000000,0.00000000,0
3401.91126000,0.00001828,0.00000000,0
3402.19736000,0.00002005,0.00000000,0
3402.38810000,0.00002109,0.00000000,0
3404.73652000,0.00000000,0.00000000,0
3405.12991000,0.00003038,0.00000000,0
3405.22528000,0.00000000,0.00000000,0
3405.40409000,0.00000000,0.00000000,0
3406.02398000,0.00005448,0.00000000,0
3407.03726000,0.00000000,0.00000000,0
3408.52737000,0.00019452,0.00000000,0
3408.95653000,0.00012038,0.00000000,0
3409.96981000,0.00007210,0.00000000,0
3412.86659000,0.00002821,0.00000000,0
3413.56993000,0.00002794,0.00000000,0
3413.93948000,0.00000000,0.00000000,0
3414.15405000,0.00000000,0.00000000,0
3415.71569000,0.00001849,0.00000000,0
3415.93027000,0.00000000,0.00000000,0
3416.41903000,0.00000000,0.00000000,0
3417.49191000,0.00000000,0.00000000,0
3417.96875000,0.00002202,0.00000000,0
3418.14756000,0.00000000,0.00000000,0
3419.28005000,0.00000000,0.00000000,0
3419.64960000,0.00003685,0.00001843,10
3420.50791000,0.00000000,0.00000000,0
3421.98610000,0.00013927,0.00003647,5
3422.54639000,0.00000000,0.00000000,0
3423.01130000,0.00000000,0.00000000,0
3423.51198000,0.00000000,0.00000000,0
3423.96498000,0.00000000,0.00000000,0
3425.16899000,0.00002820,0.00000000,0
3425.32396000,0.00000000,0.00000000,0
3425.55046000,0.00000000,0.00000000,0
3425.90809000,0.00000000,0.00000000,0
3425.99154000,0.00001929,0.00000000,0
3426.11074000,0.00000000,0.00000000,0
3428.19691000,0.00002321,0.00000000,0
3428.84064000,0.00002805,0.00000000,0
3429.11482000,0.00000000,0.00000000,0
3429.47245000,0.00001959,0.00000000,0
3429.79431000,0.00000000,0.00000000,0
3429.97313000,0.00000000,0.00000000,0
3431.14138000,0.00000000,0.00000000,0
3431.28443000,0.00002564,0.00000000,0
3431.37980000,0.00000000,0.00000000,0
3431.57053000,0.00000000,0.00000000,0
3432.42884000,0.00000000,0.00000000,0
3434.20506000,0.00003613,0.00000000,0
3435.26602000,0.00014026,0.00000000,0
3435.56404000,0.00000000,0.00000000,0
3435.77862000,0.00000000,0.00000000,0
3436.66077000,0.00003300,0.00000000,0
3438.49659000,0.00000000,0.00000000,0
3439.52179000,0.00002323,0.00000000,0
3440.15360000,0.00000000,0.00000000,0
3440.49931000,0.00000000,0.00000000,0
3441.41722000,0.00003458,0.00000000,0
3444.13519000,0.00000000,0.00000000,0
3445.26768000,0.00000000,0.00000000,0
3448.37904000,0.00000000,0.00000000,0
3448.49825000,0.00000000,0.00000000,0
3448.58170000,0.00002273,0.00000000,0
3448.72475000,0.00000000,0.00000000,0
3449.24927000,0.00002072,0.00000000,0
3451.69306000,0.00000000,0.00000000,0
3451.78843000,0.00000000,0.00000000,0
3451.89571000,0.00000000,0.00000000,0
3453.55272000,0.00000000,0.00000000,0
3453.66001000,0.00000000,0.00000000,0
3456.97403000,0.00004273,0.00000000,0
3459.20324000,0.00002583,0.00001955,13
3461.03907000,0.00002158,0.00000000,0
3461.34901000,0.00012043,0.00000000,0
3461.43246000,0.00000000,0.00000000,0
3462.31461000,0.00005701,0.00000000,0
3466.79687000,0.00002965,0.00000000,0
3468.29891000,0.00000000,0.00000000,0
3470.20626000,0.00000000,0.00000000,0
3472.04208000,0.00000000,0.00000000,0
3472.66197000,0.00000000,0.00000000,0
3472.98384000,0.00051027,0.00000000,0
3484.16567000,0.00000000,0.00000000,0
3488.19494000,0.00000000,0.00000000,0
3490.36455000,0.00000000,0.00000000,0
3490.50760000,0.00000000,0.00000000,0
3491.42551000,0.00004968,0.00000000,0
3491.92619000,0.00001797,0.00000000,0
3492.77258000,0.00000000,0.00000000,0
3493.95275000,0.00000000,0.00000000,0
3494.20309000,0.00004306,0.00000000,0
3494.53688000,0.00000000,0.00000000,0
3495.00179000,0.00007350,0.00000000,0
3495.24021000,0.00002205,0.00000000,0
3495.52631000,0.00002680,0.00000000,0
3497.15948000,0.00003690,0.00000000,0
3500.86689000,0.00004419,0.00000000,0
3500.87881000,0.00004620,0.00000000,0
3501.58215000,0.00000000,0.00000000,0
3502.44045000,0.00000000,0.00000000,0
3503.22723000,0.00000000,0.00000000,0
3506.81543000,0.00000000,0.00000000,0
3509.37843000,0.00000000,0.00000000,0
3510.89239000,0.00000000,0.00000000,0
3511.51228000,0.00002094,0.00000000,0
3511.60765000,0.00002135,0.00000000,0
3511.92951000,0.00010977,0.00000000,0
3512.31098000,0.00000000,0.00000000,0
3514.79053000,0.00000000,0.00000000,0
3515.63692000,0.00003892,0.00002365,11
3516.88862000,0.00048425,0.00012004,5
3516.98399000,0.00012617,0.00003206,5
3517.81845000,0.00008145,0.00000000,0
3518.33105000,0.00000000,0.00000000,0
3519.30857000,0.00000000,0.00000000,0
3522.14575000,0.00000000,0.00000000,0
3522.33648000,0.00000000,0.00000000,0
3523.43321000,0.00024225,0.00006154,5
3523.54050000,0.00012267,0.00003602,5
3524.04118000,0.00000000,0.00000000,0
3525.23327000,0.00000000,0.00000000,0
3525.48361000,0.00000000,0.00000000,0
3525.91276000,0.00000000,0.00000000,0
3526.41344000,0.00001826,0.00000000,0
3528.49960000,0.00000000,0.00000000,0
3529.89435000,0.00037701,0.00000000,0
3530.00164000,0.00024176,0.00000000,0
3531.08644000,0.00000000,0.00000000,0
3531.57520000,0.00000000,0.00000000,0
3531.68249000,0.00000000,0.00000000,0
3531.82554000,0.00001914,0.00000000,0
3532.54080000,0.00001989,0.00000000,0
3532.89843000,0.00017917,0.00004387,5
3532.99379000,0.00007529,0.00001925,5
3534.16204000,0.00002032,0.00000000,0
3535.11572000,0.00003437,0.00000000,0
3535.43758000,0.00000000,0.00000000,0
3536.23629000,0.00002019,0.00000000,0
3536.47470000,0.00000000,0.00000000,0
3536.83233000,0.00000000,0.00000000,0
3538.65623000,0.00001980,0.00000000,0
3540.57550000,0.00000000,0.00000000,0
3542.30404000,0.00009626,0.00008672,14
3542.42325000,0.00000000,0.00000000,0
3542.63783000,0.00004111,0.00000000,0
3542.76896000,0.00001962,0.00000000,0
3543.78223000,0.00003994,0.00000000,0
3543.85376000,0.00000000,0.00000000,0
3543.97297000,0.00000000,0.00000000,0
3545.41540000,0.00002556,0.00000000,0
3546.09489000,0.00006487,0.00000000,0
3546.20218000,0.00002662,0.00000000,0
3546.61942000,0.00000000,0.00000000,0
3547.21546000,0.00002549,0.00000000,0
3547.62077000,0.00003267,0.00000000,0
3548.82479000,0.00002750,0.00000000,0
3549.25394000,0.00002106,0.00000000,0
3550.18377000,0.00002466,0.00000000,0
3552.04344000,0.00001945,0.00000000,0
3554.71373000,0.00005197,0.00000000,0
3559.20792000,0.00000000,0.00000000,0
3559.83973000,0.00000000,0.00000000,0
3560.20927000,0.00000000,0.00000000,0
3560.30464000,0.00000000,0.00000000,0
3560.63843000,0.00001967,0.00000000,0
3560.93645000,0.00001848,0.00000000,0
3561.07950000,0.00001945,0.00000000,0
3561.12719000,0.00002493,0.00000000,0
3561.21063000,0.00004421,0.00000000,0
3561.36560000,0.01129373,0.00021287,0
3561.48481000,0.00758437,0.00014287,0
3561.65171000,0.00002018,0.00000000,0
3561.71131000,0.00002122,0.00000000,0
3562.72459000,0.00000000,0.00000000,0
3563.73787000,0.00021035,0.00000000,0
3564.45312000,0.00002598,0.00002092,14
3564.63194000,0.00016762,0.00000000,0
3564.69154000,0.00004784,0.00000000,0
3566.44392000,0.00001945,0.00000000,0
3566.67042000,0.00000000,0.00000000,0
3566.73002000,0.00005982,0.00000000,0
3567.30223000,0.00003102,0.00000000,0
3567.52872000,0.00001923,0.00000000,0
3568.75658000,0.00007046,0.00000000,0
3568.98308000,0.00039595,0.00001847,0
3569.11421000,0.00003310,0.00000000,0
3569.25726000,0.00002062,0.00000000,0
3569.29302000,0.00000000,0.00000000,0
3569.91291000,0.00015620,0.00000000,0
3570.81890000,0.00000000,0.00000000,0
3571.24805000,0.00006302,0.00000000,0
3572.04676000,0.00010340,0.00000000,0
3572.53551000,0.00000000,0.00000000,0
3574.28789000,0.00002723,0.00002073,13
3574.37134000,0.00000000,0.00000000,0
3575.02699000,0.00003558,0.00000000,0
3575.39654000,0.00003357,0.00000000,0
3575.53959000,0.00005732,0.00004565,13
3575.77801000,0.00002048,0.00000000,0
3575.88530000,0.00003896,0.00003453,14
3576.55287000,0.00004709,0.00002250,9
3576.93434000,0.00000000,0.00000000,0
3578.20988000,0.00001968,0.00000000,0
3579.67615000,0.00004163,0.00000000,0
3579.99802000,0.00004621,0.00000000,0
3581.55966000,0.00002201,0.00000000,0
3581.64310000,0.00000000,0.00000000,0
3581.75039000,0.00000000,0.00000000,0
3581.89344000,0.00002942,0.00000000,0
3582.63254000,0.00002254,0.00000000,0
3585.48164000,0.00001811,0.00000000,0
3585.61277000,0.00169206,0.00009424,0
3586.44724000,0.00003831,0.00000000,0
3588.24730000,0.00000000,0.00000000,0
3588.41419000,0.00004131,0.00000000,0
3590.60764000,0.00000000,0.00000000,0
3590.75069000,0.00003109,0.00000000,0
3592.03815000,0.00008620,0.00000000,0
3592.13352000,0.00001945,0.00000000,0
3593.70708000,0.00000000,0.00000000,0
3593.75477000,0.00000000,0.00000000,0
3593.83821000,0.00000000,0.00000000,0
3594.11240000,0.00002063,0.00000000,0
3594.14816000,0.00000000,0.00000000,0
3594.19584000,0.00000000,0.00000000,0
3594.26737000,0.00001847,0.00000000,0
3595.49522000,0.00015138,0.00000000,0
3595.60251000,0.00002017,0.00000000,0
3596.04359000,0.00000000,0.00000000,0
3597.04494000,0.00035381,0.00002383,1
3597.66483000,0.00000000,0.00000000,0
3598.90461000,0.00003258,0.00000000,0
3599.60794000,0.00009326,0.00000000,0
3601.51529000,0.00013243,0.00000000,0
3601.58682000,0.00004339,0.00002365,11
3603.30343000,0.00002480,0.00000000,0
3603.89948000,0.00006199,0.00000000,0
3604.49553000,0.00001822,0.00000000,0
3604.66242000,0.00002349,0.00000000,0
3605.10349000,0.00000000,0.00000000,0
3605.97372000,0.00000000,0.00000000,0
3606.09293000,0.00006572,0.00005482,14
3606.73666000,0.00000000,0.00000000,0
3608.52480000,0.00002341,0.00000000,0
3609.29966000,0.00000000,0.00000000,0
3610.02684000,0.00003014,0.00000000,0
3610.09836000,0.00000000,0.00000000,0
3611.37390000,0.00002553,0.00000000,0
3611.46927000,0.00007809,0.00000000,0
3611.67192000,0.00001906,0.00000000,0
3612.25605000,0.00002577,0.00000000,0
3613.74617000,0.00000000,0.00000000,0
3613.94882000,0.00000000,0.00000000,0
3614.18724000,0.00000000,0.00000000,0
3614.56871000,0.00015413,0.00012495,14
3614.58063000,0.00015962,0.00012911,14
3614.68792000,0.00010681,0.00009480,14
3615.51046000,0.00002073,0.00000000,0
3615.53431000,0.00002639,0.00000000,0
3615.65351000,0.00000000,0.00000000,0
3616.04691000,0.00000000,0.00000000,0
3616.58335000,0.00000000,0.00000000,0
3617.17939000,0.00000000,0.00000000,0
3617.39397000,0.00002905,0.00000000,0
3618.29996000,0.00000000,0.00000000,0
3618.80064000,0.00000000,0.00000000,0
3618.86024000,0.00000000,0.00000000,0
3619.34900000,0.00000000,0.00000000,0
3622.74647000,0.00006277,0.00002066,7
3622.78223000,0.00009116,0.00000000,0
3626.13201000,0.00003102,0.00000000,0
3626.59693000,0.00005732,0.00000000,0
3626.79958000,0.00047269,0.00000000,0
3627.37179000,0.00008828,0.00002081,5
3628.46851000,0.00000000,0.00000000,0
3630.38778000,0.00000000,0.00000000,0
3630.74541000,0.00002015,0.00000000,0
3631.25801000,0.00000000,0.00000000,0
3632.77197000,0.00001795,0.00000000,0
3632.95078000,0.00002188,0.00000000,0
3633.47530000,0.00000000,0.00000000,0
3634.23824000,0.00000000,0.00000000,0
3634.46474000,0.00002014,0.00000000,0
3634.67932000,0.00000000,0.00000000,0
3636.84893000,0.00000000,0.00000000,0
3637.03966000,0.00006697,0.00000000,0
3638.58938000,0.00000000,0.00000000,0
3638.68475000,0.00001957,0.00000000,0
3639.60266000,0.00001901,0.00000000,0
3639.97221000,0.00001928,0.00000000,0
3640.03181000,0.00002360,0.00000000,0
3640.81860000,0.00003571,0.00002188,11
3641.06894000,0.00003352,0.00000000,0
3641.77227000,0.00003008,0.00000000,0
3643.40544000,0.00000000,0.00000000,0
3643.48888000,0.00000000,0.00000000,0
3646.21878000,0.00028130,0.00001861,1
3646.23070000,0.00032347,0.00001962,1
3647.17245000,0.00006106,0.00004194,12
3647.19629000,0.00005116,0.00003652,13
3647.93539000,0.00000000,0.00000000,0
3648.14997000,0.00002015,0.00000000,0
3649.11556000,0.00010567,0.00000000,0
3649.93811000,0.00000000,0.00000000,0
3650.36726000,0.00002492,0.00000000,0
3655.80320000,0.00000000,0.00000000,0
3656.19659000,0.00000000,0.00000000,0
3656.75688000,0.00024940,0.00000000,0
3657.06682000,0.00001829,0.00000000,0
3657.53174000,0.00004345,0.00000000,0
3657.91321000,0.00002765,0.00000000,0
3658.17547000,0.00002540,0.00000000,0
3658.69999000,0.00004970,0.00000000,0
3658.81920000,0.00000000,0.00000000,0
3658.96225000,0.00000000,0.00000000,0
3659.06954000,0.00000000,0.00000000,0
3659.11722000,0.00000000,0.00000000,0
3659.16491000,0.00001811,0.00000000,0
3659.26027000,0.00000000,0.00000000,0
3659.30796000,0.00000000,0.00000000,0
3659.35564000,0.00002339,0.00000000,0
3659.42717000,0.00005072,0.00004501,14
3659.74903000,0.00002629,0.00000000,0
3659.79671000,0.00000000,0.00000000,0
3659.89208000,0.00000000,0.00000000,0
3659.98745000,0.00000000,0.00000000,0
3660.03513000,0.00000000,0.00000000,0
3660.13050000,0.00000000,0.00000000,0
3660.33316000,0.00000000,0.00000000,0
3660.63118000,0.00002063,0.00000000,0
3660.71463000,0.00006981,0.00000000,0
3660.89344000,0.00012729,0.00000000,0
3661.35836000,0.00002977,0.00000000,0
3662.57429000,0.00002325,0.00000000,0
3664.13593000,0.00000000,0.00000000,0
3664.41011000,0.00000000,0.00000000,0
3665.73334000,0.00000000,0.00000000,0
3666.06712000,0.00002094,0.00000000,0
3666.60357000,0.00000000,0.00000000,0
3667.42611000,0.00001836,0.00000000,0
3668.06984000,0.00009221,0.00003909,8
3668.08176000,0.00013616,0.00004007,6
3668.12944000,0.00027430,0.00002321,1
3668.55860000,0.00011280,0.00000000,0
3668.65396000,0.00001822,0.00000000,0
3669.23809000,0.00004216,0.00000000,0
3669.67916000,0.00005156,0.00000000,0
3669.83414000,0.00002008,0.00000000,0
3670.74013000,0.00004837,0.00000000,0
3670.81165000,0.00002019,0.00000000,0
3671.36002000,0.00005420,0.00000000,0
3671.45538000,0.00000000,0.00000000,0
3671.93222000,0.00006493,0.00000000,0
3673.12431000,0.00000000,0.00000000,0
3673.83957000,0.00000000,0.00000000,0
3674.01838000,0.00001843,0.00000000,0
3674.76940000,0.00003798,0.00003117,14
3674.79324000,0.00004331,0.00003618,14
3675.04358000,0.00015355,0.00013153,14
3676.03302000,0.00000000,0.00000000,0
3676.35489000,0.00001854,0.00000000,0
3677.91653000,0.00012936,0.00001927,2
3679.10862000,0.00011403,0.00000000,0
3679.23975000,0.00000000,0.00000000,0
3679.63314000,0.00000000,0.00000000,0
3679.85964000,0.00001841,0.00000000,0
3680.96828000,0.00000000,0.00000000,0
3681.63586000,0.00000000,0.00000000,0
3681.96964000,0.00000000,0.00000000,0
3682.74450000,0.00002380,0.00000000,0
3683.28094000,0.00003032,0.00000000,0
3683.84123000,0.00000000,0.00000000,0
3684.03196000,0.00000000,0.00000000,0
3684.75914000,0.00001842,0.00000000,0
3684.86643000,0.00002055,0.00000000,0
3684.87835000,0.00002146,0.00000000,0
3686.41615000,0.00005985,0.00000000,0
3687.87050000,0.00001841,0.00000000,0
3688.01355000,0.00009745,0.00008506,14
3688.03740000,0.00010335,0.00009312,14
3689.16988000,0.00004307,0.00000000,0
3689.18180000,0.00004239,0.00001903,9
3689.89706000,0.00002517,0.00000000,0
3690.12356000,0.00000000,0.00000000,0
3690.48119000,0.00000000,0.00000000,0
3691.23220000,0.00000000,0.00000000,0
3692.77000000,0.00000000,0.00000000,0
3692.91306000,0.00000000,0.00000000,0
3693.31837000,0.00052962,0.00002267,0
3693.83097000,0.00001824,0.00000000,0
3694.36741000,0.00001836,0.00000000,0
3694.61775000,0.00000000,0.00000000,0
3694.83232000,0.00000000,0.00000000,0
3695.03498000,0.00003256,0.00000000,0
3695.34492000,0.00000000,0.00000000,0
3696.17939000,0.00002174,0.00000000,0
3696.27476000,0.00000000,0.00000000,0
3696.44165000,0.00011003,0.00000000,0
3696.52510000,0.00003591,0.00000000,0
3697.19267000,0.00001790,0.00000000,0
3697.22843000,0.00000000,0.00000000,0
3697.34764000,0.00002312,0.00000000,0
3698.13442000,0.00000000,0.00000000,0
3699.01657000,0.00004579,0.00000000,0
3699.25499000,0.00000000,0.00000000,0
3699.44572000,0.00000000,0.00000000,0
3699.87488000,0.00000000,0.00000000,0
3701.51997000,0.00000000,0.00000000,0
3701.72262000,0.00045434,0.00002603,0
3701.75838000,0.00030280,0.00001816,1
3701.82991000,0.00000000,0.00000000,0
3701.90144000,0.00000000,0.00000000,0
3702.02065000,0.00000000,0.00000000,0
3702.16370000,0.00000000,0.00000000,0
3702.28291000,0.00011721,0.00000000,0
3702.41404000,0.00000000,0.00000000,0
3702.56901000,0.00000000,0.00000000,0
3702.61669000,0.00000000,0.00000000,0
3702.66438000,0.00000000,0.00000000,0
3702.75974000,0.00000000,0.00000000,0
3702.81935000,0.00002019,0.00000000,0
3702.86703000,0.00000000,0.00000000,0
3702.91471000,0.00000000,0.00000000,0
3702.96240000,0.00000000,0.00000000,0
3703.01008000,0.00000000,0.00000000,0
3703.06969000,0.00000000,0.00000000,0
3703.11737000,0.00000000,0.00000000,0
3703.16505000,0.00000000,0.00000000,0
3703.22466000,0.00002716,0.00002105,13
3703.26042000,0.00000000,0.00000000,0
3703.30811000,0.00001851,0.00000000,0
3703.36771000,0.00004731,0.00000000,0
3703.46308000,0.00013647,0.00003705,5
3703.47500000,0.00013745,0.00003849,5
3703.55844000,0.00005378,0.00000000,0
3703.60613000,0.00004198,0.00002326,11
3703.66573000,0.00002042,0.00000000,0
3703.85647000,0.00003580,0.00002562,13
3704.39291000,0.00004896,0.00003842,13
3704.58364000,0.00003292,0.00002454,13
3704.83398000,0.00002162,0.00000000,0
3704.91743000,0.00000000,0.00000000,0
3704.97704000,0.00000000,0.00000000,0
3705.07240000,0.00000000,0.00000000,0
3705.12009000,0.00000000,0.00000000,0
3705.16777000,0.00000000,0.00000000,0
3705.22738000,0.00000000,0.00000000,0
3705.27506000,0.00002440,0.00000000,0
3705.37043000,0.00000000,0.00000000,0
3705.41811000,0.00000000,0.00000000,0
3705.52540000,0.00001936,0.00000000,0
3705.62077000,0.00000000,0.00000000,0
3705.66845000,0.00000000,0.00000000,0
3705.71613000,0.00000000,0.00000000,0
3705.82342000,0.00002073,0.00000000,0
3706.02608000,0.00000000,0.00000000,0
3706.12144000,0.00000000,0.00000000,0
3706.24065000,0.00011384,0.00009816,14
3706.61020000,0.00000000,0.00000000,0
3706.63404000,0.00001991,0.00000000,0
3707.12280000,0.00000000,0.00000000,0
3707.21817000,0.00000000,0.00000000,0
3709.08976000,0.00000000,0.00000000,0
3709.32817000,0.00008711,0.00000000,0
3709.51891000,0.00000000,0.00000000,0
3709.72157000,0.00000000,0.00000000,0
3710.59179000,0.00184490,0.00002703,0
3712.28456000,0.00089001,0.00076258,14
3713.50050000,0.00004618,0.00000000,0
3713.59587000,0.00000000,0.00000000,0
3713.81044000,0.00004347,0.00000000,0
3714.13231000,0.00018421,0.00000000,0
3714.62107000,0.00000000,0.00000000,0
3714.84756000,0.00000000,0.00000000,0
3715.99197000,0.00000000,0.00000000,0
3716.32576000,0.00000000,0.00000000,0
3719.01989000,0.00002784,0.00002360,14
3719.03181000,0.00002790,0.00002293,14
3719.40136000,0.00000000,0.00000000,0
3720.45040000,0.00002885,0.00002399,14
3720.77227000,0.00007104,0.00005476,13
3721.65442000,0.00002919,0.00001929,12
3721.76170000,0.00005248,0.00004318,14
3722.59617000,0.00000000,0.00000000,0
3724.01476000,0.00000000,0.00000000,0
3724.46775000,0.00016013,0.00000000,0
3727.28109000,0.00000000,0.00000000,0
3728.17516000,0.00000000,0.00000000,0
3729.58183000,0.00002308,0.00000000,0
3729.99907000,0.00002048,0.00000000,0
3732.99122000,0.00018225,0.00000000,0
3733.17003000,0.00007385,0.00000000,0
3734.89857000,0.00009093,0.00000000,0
3740.96632000,0.00000000,0.00000000,0
3741.15705000,0.00000000,0.00000000,0
3742.34915000,0.00003401,0.00000000,0
3742.69485000,0.00003141,0.00000000,0
3743.07632000,0.00000000,0.00000000,0
3745.24593000,0.00000000,0.00000000,0
3745.60356000,0.00002739,0.00000000,0
3745.74661000,0.00002636,0.00000000,0
3746.31882000,0.00000000,0.00000000,0
3746.77181000,0.00000000,0.00000000,0
3747.85662000,0.00000000,0.00000000,0
3747.91622000,0.00000000,0.00000000,0
3748.01159000,0.00000000,0.00000000,0
3748.05927000,0.00000000,0.00000000,0
3748.10696000,0.00000000,0.00000000,0
3748.15464000,0.00000000,0.00000000,0
3748.20232000,0.00000000,0.00000000,0
3748.26193000,0.00000000,0.00000000,0
3748.30961000,0.00000000,0.00000000,0
3748.35730000,0.00000000,0.00000000,0
3748.40498000,0.00000000,0.00000000,0
3748.45266000,0.00000000,0.00000000,0
3748.48843000,0.00000000,0.00000000,0
3748.57187000,0.00004377,0.00003718,14
3748.82221000,0.00005001,0.00003935,13
3748.85798000,0.00002649,0.00002227,14
3748.88182000,0.00000000,0.00000000,0
3748.94142000,0.00002190,0.00000000,0
3748.98911000,0.00000000,0.00000000,0
3749.07255000,0.00000000,0.00000000,0
3749.13216000,0.00000000,0.00000000,0
3749.17984000,0.00000000,0.00000000,0
3749.22752000,0.00000000,0.00000000,0
3749.27521000,0.00000000,0.00000000,0
3749.37057000,0.00000000,0.00000000,0
3749.41826000,0.00000000,0.00000000,0
3749.52555000,0.00000000,0.00000000,0
3749.62091000,0.00000000,0.00000000,0
3750.00238000,0.00010992,0.00003521,7
3750.37193000,0.00000000,0.00000000,0
3750.66996000,0.00000000,0.00000000,0
3750.81301000,0.00000000,0.00000000,0
3751.00374000,0.00002499,0.00000000,0
3751.85013000,0.00000000,0.00000000,0
3752.00510000,0.00010666,0.00000000,0
3752.10047000,0.00000000,0.00000000,0
3752.56538000,0.00000000,0.00000000,0
3752.74420000,0.00000000,0.00000000,0
3753.73363000,0.00000000,0.00000000,0
3755.16415000,0.00000000,0.00000000,0
3755.39064000,0.00000000,0.00000000,0
3756.71387000,0.00037964,0.00000000,0
3756.83308000,0.00019012,0.00000000,0
3758.62122000,0.00002735,0.00000000,0
3760.51664000,0.00000000,0.00000000,0
3760.74314000,0.00002519,0.00000000,0
3762.10213000,0.00000000,0.00000000,0
3762.22134000,0.00000000,0.00000000,0
3762.63857000,0.00000000,0.00000000,0
3763.96179000,0.00000000,0.00000000,0
3764.95123000,0.00000000,0.00000000,0
3765.84530000,0.00000000,0.00000000,0
3766.14332000,0.00002302,0.00000000,0
3766.34598000,0.00000000,0.00000000,0
3767.74073000,0.00000000,0.00000000,0
3768.24141000,0.00021979,0.00000000,0
3768.31293000,0.00005068,0.00000000,0
3768.46790000,0.00021919,0.00000000,0
3768.87321000,0.00000000,0.00000000,0
3769.88649000,0.00000000,0.00000000,0
3770.53022000,0.00000000,0.00000000,0
3770.84017000,0.00000000,0.00000000,0
3771.65079000,0.00000000,0.00000000,0
3771.96074000,0.00000000,0.00000000,0
3776.26419000,0.00000000,0.00000000,0
3778.06425000,0.00003324,0.00000000,0
3778.35035000,0.00008507,0.00000000,0
3779.37555000,0.00000000,0.00000000,0
3779.64973000,0.00000000,0.00000000,0
3780.43652000,0.00000000,0.00000000,0
3780.60341000,0.00000000,0.00000000,0
3782.98759000,0.00002424,0.00000000,0
3783.65517000,0.00002623,0.00000000,0
3783.97703000,0.00000000,0.00000000,0
3784.44195000,0.00000000,0.00000000,0
3785.00223000,0.00000000,0.00000000,0
3785.28833000,0.00000000,0.00000000,0
3785.57444000,0.00008231,0.00000000,0
3786.07512000,0.00000000,0.00000000,0
3786.28969000,0.00002752,0.00000000,0
3787.15992000,0.00007459,0.00000000,0
3788.48314000,0.00002742,0.00002068,13
3788.91230000,0.00002105,0.00000000,0
3789.25800000,0.00000000,0.00000000,0
3791.57066000,0.00020321,0.00000000,0
3791.80908000,0.00001992,0.00000000,0
3791.88061000,0.00000000,0.00000000,0
3793.91909000,0.00002417,0.00000000,0
3795.24231000,0.00002123,0.00000000,0
3795.82644000,0.00001985,0.00000000,0
3796.82779000,0.00004362,0.00000000,0
3797.90068000,0.00000000,0.00000000,0
3798.71130000,0.00000000,0.00000000,0
3799.28350000,0.00003988,0.00000000,0
3799.73650000,0.00003011,0.00000000,0
3800.09413000,0.00001986,0.00000000,0
3800.28486000,0.00008274,0.00000000,0
3802.90747000,0.00000000,0.00000000,0
3805.64928000,0.00001795,0.00000000,0
3806.01883000,0.00003668,0.00000000,0
3806.31685000,0.00003672,0.00000000,0
3806.32877000,0.00003578,0.00000000,0
3806.88906000,0.00002132,0.00000000,0
3808.20036000,0.00000000,0.00000000,0
3808.24804000,0.00002403,0.00000000,0
3809.42822000,0.00003609,0.00000000,0
3810.27460000,0.00002844,0.00000000,0
3810.90641000,0.00002352,0.00000000,0
3814.33964000,0.00003039,0.00000000,0
3815.00721000,0.00003024,0.00000000,0
3815.04297000,0.00003888,0.00000000,0
3815.79399000,0.00002368,0.00000000,0
3817.04569000,0.00002213,0.00000000,0
3817.23642000,0.00000000,0.00000000,0
3817.42716000,0.00000000,0.00000000,0
3817.98744000,0.00001797,0.00000000,0
3818.16626000,0.00000000,0.00000000,0
3819.27490000,0.00000000,0.00000000,0
3820.74118000,0.00002066,0.00000000,0
3820.78886000,0.00000000,0.00000000,0
3820.88423000,0.00001875,0.00000000,0
3821.05112000,0.00000000,0.00000000,0
3821.56372000,0.00000000,0.00000000,0
3822.24321000,0.00003932,0.00000000,0
3824.03135000,0.00000000,0.00000000,0
3827.32153000,0.00001793,0.00000000,0
3827.89373000,0.00000000,0.00000000,0
3829.71764000,0.00000000,0.00000000,0
3829.82492000,0.00000000,0.00000000,0
3830.02758000,0.00009866,0.00000000,0
3830.46865000,0.00001800,0.00000000,0
3830.67131000,0.00004783,0.00000000,0
3831.57730000,0.00000000,0.00000000,0
3831.75611000,0.00003238,0.00000000,0
3833.87804000,0.00000000,0.00000000,0
3834.97477000,0.00006108,0.00000000,0
3837.99076000,0.00003858,0.00002962,13
3838.72986000,0.00003829,0.00000000,0
3838.96828000,0.00001891,0.00000000,0
3840.14845000,0.00000000,0.00000000,0
3840.67297000,0.00000000,0.00000000,0
3843.56976000,0.00002901,0.00000000,0
3844.13004000,0.00000000,0.00000000,0
3844.30885000,0.00000000,0.00000000,0
3844.52343000,0.00000000,0.00000000,0
3845.21484000,0.00003156,0.00000000,0
3846.44270000,0.00003106,0.00000000,0
3846.94338000,0.00002848,0.00000000,0
3847.81361000,0.00002630,0.00000000,0
3849.50638000,0.00000000,0.00000000,0
3851.33028000,0.00002387,0.00000000,0
3853.46413000,0.00000000,0.00000000,0
3855.45492000,0.00003526,0.00000000,0
3855.52645000,0.00011048,0.00000000,0
3856.49204000,0.00000000,0.00000000,0
3857.74374000,0.00000000,0.00000000,0
3860.10408000,0.00002371,0.00000000,0
3863.01279000,0.00000000,0.00000000,0
3865.57579000,0.00000000,0.00000000,0
3866.21952000,0.00000000,0.00000000,0
3870.48721000,0.00000000,0.00000000,0
3870.74947000,0.00000000,0.00000000,0
3870.94021000,0.00003976,0.00000000,0
3871.59586000,0.00000000,0.00000000,0
3872.43032000,0.00004865,0.00002861,11
3876.93644000,0.00000000,0.00000000,0
3878.18813000,0.00000000,0.00000000,0
3878.49808000,0.00000000,0.00000000,0
3879.39215000,0.00001828,0.00000000,0
3879.97627000,0.00000000,0.00000000,0
3881.01339000,0.00000000,0.00000000,0
3882.12204000,0.00007831,0.00000000,0
3884.23204000,0.00000000,0.00000000,0
3888.34476000,0.00000000,0.00000000,0
3888.91697000,0.00000000,0.00000000,0
3889.39381000,0.00000000,0.00000000,0
3889.46533000,0.00000000,0.00000000,0
3889.64415000,0.00000000,0.00000000,0
3889.76336000,0.00000000,0.00000000,0
3890.10906000,0.00001824,0.00000000,0
3890.37132000,0.00003295,0.00000000,0
3891.94489000,0.00000000,0.00000000,0
3892.31443000,0.00000000,0.00000000,0
3893.18466000,0.00000000,0.00000000,0
3893.28003000,0.00000000,0.00000000,0
3893.54229000,0.00000000,0.00000000,0
3896.46292000,0.00001932,0.00000000,0
3898.08416000,0.00000000,0.00000000,0
3899.47891000,0.00000000,0.00000000,0
3900.27761000,0.00008717,0.00000000,0
3903.21016000,0.00000000,0.00000000,0
3903.57971000,0.00000000,0.00000000,0
3904.31881000,0.00000000,0.00000000,0
3904.62875000,0.00002147,0.00000000,0
3905.67780000,0.00000000,0.00000000,0
3906.25000000,0.00001896,0.00000000,0
3906.61955000,0.00000000,0.00000000,0
3906.70300000,0.00114496,0.00002023,0
3906.72684000,0.00140432,0.00002607,0
3907.76396000,0.00000000,0.00000000,0
3908.06198000,0.00002745,0.00000000,0
3908.18119000,0.00000000,0.00000000,0
3910.35080000,0.00000000,0.00000000,0
3911.22103000,0.00020238,0.00000000,0
3911.73363000,0.00000000,0.00000000,0
3912.13894000,0.00000000,0.00000000,0
3912.53233000,0.00001972,0.00000000,0
3913.30719000,0.00000000,0.00000000,0
3913.58137000,0.00000000,0.00000000,0
3914.14165000,0.00000000,0.00000000,0
3914.21318000,0.00004083,0.00000000,0
3915.02380000,0.00010829,0.00000000,0
3915.38143000,0.00000000,0.00000000,0
3915.64369000,0.00000000,0.00000000,0
3918.27822000,0.00002185,0.00000000,0
3918.48087000,0.00000000,0.00000000,0
3919.33918000,0.00003207,0.00000000,0
3920.40014000,0.00003100,0.00000000,0
3920.49551000,0.00006793,0.00001926,5
3920.60280000,0.00011136,0.00000000,0
3921.29421000,0.00000000,0.00000000,0
3925.31157000,0.00000000,0.00000000,0
3926.32484000,0.00000000,0.00000000,0
3926.43213000,0.00000000,0.00000000,0
3928.58982000,0.00002041,0.00000000,0
3928.80440000,0.00006685,0.00000000,0
3934.52644000,0.00000000,0.00000000,0
3934.78870000,0.00004498,0.00003707,14
3938.61532000,0.00063682,0.00056427,14
3938.62724000,0.00064117,0.00056735,14
3939.68821000,0.00000000,0.00000000,0
3941.90550000,0.00000000,0.00000000,0
3943.02607000,0.00000000,0.00000000,0
3943.41946000,0.00000000,0.00000000,0
3944.25392000,0.00012217,0.00000000,0
3944.57579000,0.00000000,0.00000000,0
3945.29104000,0.00001993,0.00000000,0
3945.58907000,0.00000000,0.00000000,0
3946.54274000,0.00000000,0.00000000,0
3946.81692000,0.00001785,0.00000000,0
3949.16534000,0.00000000,0.00000000,0
3949.65410000,0.00000000,0.00000000,0
3949.92828000,0.00002165,0.00001913,14
3950.04749000,0.00000000,0.00000000,0
3950.25015000,0.00002261,0.00000000,0
3950.48857000,0.00000000,0.00000000,0
3951.26343000,0.00000000,0.00000000,0
3951.43032000,0.00000000,0.00000000,0
3953.05157000,0.00001950,0.00000000,0
3953.77874000,0.00019573,0.00000000,0
3955.00660000,0.00002372,0.00000000,0
3955.44767000,0.00000000,0.00000000,0
3955.75762000,0.00008329,0.00000000,0
3955.85299000,0.00006241,0.00000000,0
3956.31790000,0.00000000,0.00000000,0
3957.06892000,0.00007279,0.00000000,0
3957.91531000,0.00006516,0.00000000,0
3958.22525000,0.00000000,0.00000000,0
3958.72593000,0.00000000,0.00000000,0
3958.78553000,0.00002387,0.00000000,0
3959.57232000,0.00000000,0.00000000,0
3960.81209000,0.00000000,0.00000000,0
3961.93266000,0.00000000,0.00000000,0
3963.69696000,0.00000000,0.00000000,0
3964.01882000,0.00000000,0.00000000,0
3964.19764000,0.00000000,0.00000000,0
3964.71024000,0.00000000,0.00000000,0
3965.23476000,0.00005882,0.00000000,0
3965.34204000,0.00002250,0.00000000,0
3965.58046000,0.00002106,0.00000000,0
3967.22555000,0.00001798,0.00000000,0
3967.32092000,0.00001854,0.00000000,0
3967.92889000,0.00004480,0.00000000,0
3969.34748000,0.00000000,0.00000000,0
3971.89856000,0.00035673,0.00000000,0
3972.61381000,0.00068811,0.00003301,0
3973.13833000,0.00002948,0.00000000,0
3974.35427000,0.00001909,0.00000000,0
3976.69077000,0.00000000,0.00000000,0
3977.75173000,0.00000000,0.00000000,0
3978.27625000,0.00000000,0.00000000,0
3980.99422000,0.00015340,0.00000000,0
3981.81677000,0.00000000,0.00000000,0
3982.06711000,0.00001849,0.00000000,0
3982.59163000,0.00000000,0.00000000,0
3983.73604000,0.00027089,0.00000000,0
3985.15463000,0.00000000,0.00000000,0
3987.14542000,0.00000000,0.00000000,0
3987.34808000,0.00000000,0.00000000,0
3987.50305000,0.00057130,0.00000000,0
3988.13486000,0.00000000,0.00000000,0
3988.32560000,0.00000000,0.00000000,0
3990.90052000,0.00004505,0.00004091,15
3992.86747000,0.00000000,0.00000000,0
3993.22510000,0.00000000,0.00000000,0
3996.56296000,0.00000000,0.00000000,0
3996.93251000,0.00000000,0.00000000,0
3997.11132000,0.00000000,0.00000000,0
3998.66104000,0.00002218,0.00000000,0
3999.84121000,0.00000000,0.00000000,0
4000.12732000,0.00000000,0.00000000,0
4001.46246000,0.00022766,0.00000000,0
4001.99890000,0.00000000,0.00000000,0
4005.00298000,0.00000000,0.00000000,0
4005.22947000,0.00001913,0.00000000,0
4005.95665000,0.00003673,0.00000000,0
4006.36196000,0.00000000,0.00000000,0
4007.01761000,0.00000000,0.00000000,0
4007.19643000,0.00002132,0.00000000,0
4007.49445000,0.00000000,0.00000000,0
4007.93552000,0.00002081,0.00000000,0
4008.09050000,0.00000000,0.00000000,0
4008.38852000,0.00000000,0.00000000,0
4008.91304000,0.00002261,0.00000000,0
4009.03225000,0.00003364,0.00000000,0
4013.19265000,0.00000000,0.00000000,0
4013.29994000,0.00000000,0.00000000,0
4014.03904000,0.00000000,0.00000000,0
4014.80198000,0.00001831,0.00000000,0
4015.49339000,0.00000000,0.00000000,0
4016.07752000,0.00000000,0.00000000,0
4017.24577000,0.00000000,0.00000000,0
4017.38882000,0.00000000,0.00000000,0
4023.64731000,0.00000000,0.00000000,0
4025.39968000,0.00000000,0.00000000,0
4027.10438000,0.00038335,0.00034770,15
4028.65410000,0.00000000,0.00000000,0
4029.97732000,0.00003378,0.00000000,0
4032.39727000,0.00004448,0.00000000,0
4034.06620000,0.00003837,0.00002752,13
4034.07812000,0.00003837,0.00002787,13
4034.67417000,0.00002306,0.00000000,0
4035.04372000,0.00002783,0.00000000,0
4035.22253000,0.00000000,0.00000000,0
4035.37750000,0.00000000,0.00000000,0
4036.20005000,0.00004523,0.00002853,12
4036.83186000,0.00000000,0.00000000,0
4037.17756000,0.00000000,0.00000000,0
4037.51135000,0.00001858,0.00000000,0
4038.60807000,0.00000000,0.00000000,0
4038.66768000,0.00001853,0.00000000,0
4039.32333000,0.00000000,0.00000000,0
4039.40678000,0.00002774,0.00000000,0
4040.08627000,0.00002157,0.00000000,0
4041.14723000,0.00001985,0.00000000,0
4042.87577000,0.00000000,0.00000000,0
4044.00826000,0.00000000,0.00000000,0
4044.85464000,0.00003311,0.00000000,0
4045.62950000,0.00000000,0.00000000,0
4047.81103000,0.00000000,0.00000000,0
4048.60973000,0.00003281,0.00000000,0
4049.32499000,0.00000000,0.00000000,0
4052.03104000,0.00000000,0.00000000,0
4053.00856000,0.00005620,0.00000000,0
4053.93839000,0.00000000,0.00000000,0
4054.72517000,0.00000000,0.00000000,0
4054.86822000,0.00004306,0.00000000,0
4057.12128000,0.00002975,0.00002660,14
4058.31337000,0.00000000,0.00000000,0
4059.10015000,0.00000000,0.00000000,0
4059.18360000,0.00001904,0.00000000,0
4059.56507000,0.00002199,0.00000000,0
4059.73196000,0.00002012,0.00000000,0
4060.43530000,0.00000000,0.00000000,0
4060.76908000,0.00000000,0.00000000,0
4061.19823000,0.00002458,0.00000000,0
4062.49762000,0.00018377,0.00011200,11
4062.65259000,0.00000000,0.00000000,0
4062.99829000,0.00015078,0.00000000,0
4064.30960000,0.00008102,0.00000000,0
4066.68186000,0.00007461,0.00000000,0
4067.34943000,0.00000000,0.00000000,0
4068.07661000,0.00000000,0.00000000,0
4069.59057000,0.00012796,0.00000000,0
4070.85419000,0.00000000,0.00000000,0
4071.08068000,0.00000000,0.00000000,0
4071.92707000,0.00004602,0.00000000,0
4072.74961000,0.00000000,0.00000000,0
4074.09668000,0.00002315,0.00000000,0
4075.22917000,0.00000000,0.00000000,0
4078.84121000,0.00033601,0.00000000,0
4079.17500000,0.00001890,0.00000000,0
4079.62799000,0.00002551,0.00000000,0
4079.83065000,0.00002211,0.00000000,0
4082.01218000,0.00001950,0.00000000,0
4082.90625000,0.00002597,0.00000000,0
4085.18314000,0.00068701,0.00000000,0
4088.27066000,0.00022948,0.00000000,0
4089.02168000,0.00003720,0.00000000,0
4089.26010000,0.00000000,0.00000000,0
4093.00327000,0.00002125,0.00000000,0
4096.05503000,0.00003082,0.00000000,0
4097.06831000,0.00011525,0.00000000,0
4098.08159000,0.00002577,0.00000000,0
4098.62995000,0.00003250,0.00000000,0
4098.80877000,0.00002535,0.00000000,0
4099.78628000,0.00000000,0.00000000,0
4100.20351000,0.00002455,0.00000000,0
4100.62075000,0.00002718,0.00000000,0
4101.24063000,0.00000000,0.00000000,0
4102.13470000,0.00000000,0.00000000,0
4102.40889000,0.00000000,0.00000000,0
4102.56386000,0.00007442,0.00006186,14
4102.57578000,0.00007279,0.00006227,14
4102.84996000,0.00000000,0.00000000,0
4102.93341000,0.00001857,0.00000000,0
4105.34143000,0.00000000,0.00000000,0
4106.05669000,0.00003035,0.00000000,0
4107.39183000,0.00000000,0.00000000,0
4107.76138000,0.00001904,0.00000000,0
4107.99980000,0.00000000,0.00000000,0
4108.15477000,0.00000000,0.00000000,0
4108.72698000,0.00000000,0.00000000,0
4108.90579000,0.00000000,0.00000000,0
4109.29918000,0.00006905,0.00000000,0
4109.47800000,0.00001797,0.00000000,0
4109.62105000,0.00145124,0.00006936,0
4109.91907000,0.00000000,0.00000000,0
4110.31246000,0.00000000,0.00000000,0
4110.86082000,0.00000000,0.00000000,0
4112.42247000,0.00138708,0.00000000,0
4112.63704000,0.00000000,0.00000000,0
4113.14964000,0.00000000,0.00000000,0
4113.39998000,0.00000000,0.00000000,0
4114.41326000,0.00000000,0.00000000,0
4114.62784000,0.00001875,0.00000000,0
4117.35773000,0.00002069,0.00000000,0
4118.07299000,0.00001796,0.00000000,0
4118.18027000,0.00002357,0.00000000,0
4119.57502000,0.00003443,0.00000000,0
4119.95649000,0.00000000,0.00000000,0
4120.89825000,0.00002142,0.00000000,0
4122.25723000,0.00000000,0.00000000,0
4122.72215000,0.00001910,0.00000000,0
4122.82944000,0.00002744,0.00000000,0
4123.07978000,0.00001980,0.00000000,0
4123.86656000,0.00000000,0.00000000,0
4124.25995000,0.00002471,0.00000000,0
4125.01097000,0.00000000,0.00000000,0
4125.13018000,0.00000000,0.00000000,0
4125.23746000,0.00000000,0.00000000,0
4125.33283000,0.00000000,0.00000000,0
4126.53685000,0.00070484,0.00000000,0
4126.58453000,0.00130282,0.00000000,0
4128.25346000,0.00000000,0.00000000,0
4128.49188000,0.00000000,0.00000000,0
4128.61109000,0.00000000,0.00000000,0
4128.73030000,0.00000000,0.00000000,0
4130.43499000,0.00002121,0.00000000,0
4130.82838000,0.00002333,0.00000000,0
4132.17545000,0.00002016,0.00000000,0
4132.37810000,0.00014454,0.00000000,0
4133.73709000,0.00003218,0.00000000,0
4133.88014000,0.00000000,0.00000000,0
4134.59539000,0.00000000,0.00000000,0
4136.77692000,0.00002364,0.00000000,0
4137.09879000,0.00001868,0.00000000,0
4137.74252000,0.00020261,0.00000000,0
4138.13591000,0.00003655,0.00000000,0
4138.29088000,0.00016108,0.00000000,0
4139.99557000,0.00000000,0.00000000,0
4140.13863000,0.00006355,0.00000000,0
4140.65123000,0.00071918,0.00003707,0
4140.87772000,0.00004370,0.00003832,14
4141.28304000,0.00003197,0.00000000,0
4141.77179000,0.00002264,0.00000000,0
4141.87908000,0.00002627,0.00000000,0
4142.66586000,0.00000000,0.00000000,0
4145.13350000,0.00028333,0.00000000,0
4149.98531000,0.00002085,0.00000000,0
4150.35486000,0.00002102,0.00000000,0
4154.74176000,0.00027664,0.00000000,0
4155.82657000,0.00003376,0.00002058,11
4157.14979000,0.00002397,0.00000000,0
4158.69951000,0.00000000,0.00000000,0
4159.83200000,0.00000000,0.00000000,0
4162.75263000,0.00002364,0.00000000,0
4163.81359000,0.00000000,0.00000000,0
4165.48252000,0.00000000,0.00000000,0
4168.66541000,0.00035246,0.00002458,1
4168.67733000,0.00035553,0.00002418,1
4168.97535000,0.00000000,0.00000000,0
4169.15417000,0.00000000,0.00000000,0
4169.27338000,0.00007333,0.00000000,0
4170.48931000,0.00004994,0.00000000,0
4170.84694000,0.00008185,0.00000000,0
4172.08672000,0.00003051,0.00000000,0
4173.54107000,0.00000000,0.00000000,0
4174.68548000,0.00000000,0.00000000,0
4175.96102000,0.00003365,0.00000000,0
4176.40209000,0.00000000,0.00000000,0
4176.93853000,0.00038418,0.00000000,0
4178.41673000,0.00002223,0.00000000,0
4178.66707000,0.00014618,0.00000000,0
4184.87787000,0.00007256,0.00000000,0
4186.23686000,0.00000000,0.00000000,0
4187.59584000,0.00002813,0.00000000,0
4188.81178000,0.00000000,0.00000000,0
4189.45551000,0.00000000,0.00000000,0
4189.92043000,0.00000000,0.00000000,0
4190.43303000,0.00000000,0.00000000,0
4191.63704000,0.00000000,0.00000000,0
4193.13908000,0.00004220,0.00002687,12
4194.00930000,0.00001833,0.00000000,0
4195.39213000,0.00003464,0.00000000,0
4196.78688000,0.00000000,0.00000000,0
4198.19355000,0.00027268,0.00000000,0
4198.50349000,0.00004156,0.00000000,0
4199.09954000,0.00000000,0.00000000,0
4199.21875000,0.00000000,0.00000000,0
4201.86520000,0.00000000,0.00000000,0
4204.07057000,0.00001860,0.00000000,0
4204.54741000,0.00002275,0.00000000,0
4204.64277000,0.00015471,0.00000000,0
4205.31034000,0.00000000,0.00000000,0
4205.78718000,0.00002115,0.00000000,0
4207.22961000,0.00002031,0.00000000,0
4208.27866000,0.00002443,0.00000000,0
4209.39922000,0.00000000,0.00000000,0
4209.82838000,0.00000000,0.00000000,0
4213.45234000,0.00001891,0.00000000,0
4216.05110000,0.00000000,0.00000000,0
4226.01700000,0.00020493,0.00000000,0
4226.30310000,0.00000000,0.00000000,0
4227.53096000,0.00001928,0.00000000,0
4228.15084000,0.00003416,0.00000000,0
4229.17604000,0.00002597,0.00000000,0
4229.85554000,0.00009608,0.00000000,0
4233.19340000,0.00065373,0.00048382,13
4235.41069000,0.00002956,0.00000000,0
4236.76968000,0.00000000,0.00000000,0
4237.22267000,0.00002909,0.00001864,12
4237.23459000,0.00002922,0.00002008,12
4237.65182000,0.00008448,0.00000000,0
4239.82143000,0.00005561,0.00000000,0
4245.31698000,0.00002472,0.00000000,0
4247.68925000,0.00006666,0.00000000,0
4248.05880000,0.00002309,0.00000000,0
4248.79789000,0.00006275,0.00005692,15
4249.40586000,0.00004049,0.00000000,0
4253.35169000,0.00000000,0.00000000,0
4254.82988000,0.00001901,0.00000000,0
4255.84316000,0.00005197,0.00000000,0
4259.08566000,0.00004414,0.00003720,14
4259.22871000,0.00000000,0.00000000,0
4259.78899000,0.00000000,0.00000000,0
4260.74266000,0.00001893,0.00000000,0
4261.68442000,0.00000000,0.00000000,0
4262.51888000,0.00002370,0.00000000,0
4263.22222000,0.00005603,0.00000000,0
4264.37855000,0.00004238,0.00000000,0
4264.73618000,0.00002062,0.00000000,0
4266.90578000,0.00000000,0.00000000,0
4270.26749000,0.00038439,0.00000000,0
4270.62511000,0.00001794,0.00000000,0
4271.22116000,0.00000000,0.00000000,0
4275.56038000,0.00001869,0.00000000,0
4276.43061000,0.00000000,0.00000000,0
4276.64518000,0.00001869,0.00000000,0
4277.68230000,0.00003711,0.00003297,14
4277.92072000,0.00000000,0.00000000,0
4280.63869000,0.00000000,0.00000000,0
4280.84135000,0.00002354,0.00000000,0
4281.07977000,0.00008876,0.00006445,13
4281.52084000,0.00002597,0.00000000,0
4281.54469000,0.00002347,0.00001892,14
4281.81887000,0.00006048,0.00000000,0
4282.67717000,0.00000000,0.00000000,0
4283.82158000,0.00002786,0.00000000,0
4284.16729000,0.00000000,0.00000000,0
4285.07328000,0.00003535,0.00002700,13
4285.53820000,0.00037419,0.00001799,0
4288.04159000,0.00015692,0.00000000,0
4291.47482000,0.00000000,0.00000000,0
4292.03510000,0.00002236,0.00000000,0
4293.91861000,0.00000000,0.00000000,0
4294.24047000,0.00000000,0.00000000,0
4294.59810000,0.00000000,0.00000000,0
4295.73059000,0.00000000,0.00000000,0
4296.93460000,0.00015527,0.00000000,0
4300.08173000,0.00000000,0.00000000,0
4302.35863000,0.00002084,0.00000000,0
4302.78778000,0.00002875,0.00000000,0
4303.93219000,0.00000000,0.00000000,0
4304.73089000,0.00006243,0.00000000,0
4304.92163000,0.00000000,0.00000000,0
4307.52039000,0.00000000,0.00000000,0
4313.07554000,0.00001939,0.00000000,0
4313.73119000,0.00003425,0.00000000,0
4316.30611000,0.00015797,0.00000000,0
4323.48251000,0.00006048,0.00000000,0
4325.04416000,0.00003132,0.00000000,0
4325.50907000,0.00011506,0.00000000,0
4325.90246000,0.00012557,0.00000000,0
4326.59388000,0.00014281,0.00012079,14
4326.71309000,0.00006664,0.00000000,0
4326.80845000,0.00003904,0.00000000,0
4326.90382000,0.00002575,0.00000000,0
4327.45218000,0.00003925,0.00000000,0
4327.61908000,0.00011566,0.00000000,0
4327.83365000,0.00002561,0.00000000,0
4328.65620000,0.00002698,0.00000000,0
4329.66948000,0.00004044,0.00000000,0
4330.18208000,0.00023483,0.00000000,0
4333.19807000,0.00002095,0.00000000,0
4334.67627000,0.00001866,0.00000000,0
4334.85508000,0.00001859,0.00000000,0
4336.54785000,0.00006147,0.00005318,14
4336.73859000,0.00000000,0.00000000,0
4337.29887000,0.00002924,0.00000000,0
4337.63266000,0.00005541,0.00000000,0
4339.62345000,0.00000000,0.00000000,0
4340.50560000,0.00003028,0.00000000,0
4343.97459000,0.00002469,0.00000000,0
4349.30325000,0.00008192,0.00000000,0
4349.52974000,0.00000000,0.00000000,0
4349.63703000,0.00000000,0.00000000,0
4350.32845000,0.00000000,0.00000000,0
4350.42381000,0.00000000,0.00000000,0
4351.17483000,0.00007406,0.00005470,13
4351.22252000,0.00007102,0.00005219,13
4351.23444000,0.00007117,0.00005274,13
4351.46093000,0.00005294,0.00003697,12
4351.60398000,0.00003053,0.00002379,13
4351.94969000,0.00005918,0.00000000,0
4352.62918000,0.00004089,0.00000000,0
4352.84376000,0.00002387,0.00000000,0
4354.96569000,0.00000000,0.00000000,0
4355.19218000,0.00000000,0.00000000,0
4356.37236000,0.00003026,0.00000000,0
4357.23066000,0.00005678,0.00000000,0
4357.27835000,0.00003393,0.00000000,0
4358.22010000,0.00000000,0.00000000,0
4359.01880000,0.00011947,0.00000000,0
4360.18705000,0.00004007,0.00000000,0
4361.48643000,0.00001892,0.00000000,0
4363.00039000,0.00001798,0.00000000,0
4369.87877000,0.00004141,0.00000000,0
4370.71323000,0.00254110,0.00002667,0
4370.86821000,0.00002868,0.00000000,0
4370.88013000,0.00003059,0.00000000,0
4371.41657000,0.00000000,0.00000000,0
4371.55962000,0.00000000,0.00000000,0
4373.15702000,0.00000000,0.00000000,0
4373.94381000,0.00002700,0.00000000,0
4376.55449000,0.00003512,0.00000000,0
4376.68562000,0.00000000,0.00000000,0
4376.91212000,0.00003356,0.00000000,0
4378.10421000,0.00000000,0.00000000,0
4379.73738000,0.00002154,0.00000000,0
4380.36919000,0.00002931,0.00000000,0
4380.53608000,0.00002831,0.00000000,0
4381.12020000,0.00000000,0.00000000,0
4381.23941000,0.00000000,0.00000000,0
4381.63280000,0.00000000,0.00000000,0
4382.97987000,0.00008022,0.00006778,14
4387.04491000,0.00000000,0.00000000,0
4388.11779000,0.00000000,0.00000000,0
4388.33237000,0.00008798,0.00003381,8
4388.39197000,0.00024013,0.00000000,0
4388.51118000,0.00001970,0.00000000,0
4388.82113000,0.00000000,0.00000000,0
4388.90457000,0.00000000,0.00000000,0
4389.21452000,0.00000000,0.00000000,0
4389.39333000,0.00000000,0.00000000,0
4389.79864000,0.00070284,0.00000000,0
4392.96961000,0.00003411,0.00000000,0
4396.39091000,0.00002525,0.00000000,0
4396.64125000,0.00002811,0.00001857,12
4396.91544000,0.00002585,0.00000000,0
4397.14193000,0.00003554,0.00001965,11
4397.34459000,0.00001976,0.00000000,0
4398.46516000,0.00002232,0.00000000,0
4400.16985000,0.00000000,0.00000000,0
4401.13544000,0.00002837,0.00000000,0
4403.07856000,0.00002973,0.00000000,0
4403.54347000,0.00000000,0.00000000,0
4404.62828000,0.00000000,0.00000000,0
4407.52506000,0.00021242,0.00000000,0
4407.84693000,0.00000000,0.00000000,0
4409.17015000,0.00002326,0.00000000,0
4409.55162000,0.00002551,0.00000000,0
4409.99269000,0.00000000,0.00000000,0
4410.12383000,0.00002633,0.00000000,0
4410.51722000,0.00000000,0.00000000,0
4412.46033000,0.00001887,0.00000000,0
4412.65106000,0.00065806,0.00054250,14
4414.61802000,0.00001787,0.00000000,0
4415.65514000,0.00003131,0.00000000,0
4416.48960000,0.00006087,0.00000000,0
4417.57441000,0.00002787,0.00000000,0
4417.86051000,0.00004210,0.00000000,0
4418.38503000,0.00002635,0.00000000,0
4418.84995000,0.00002861,0.00002353,14
4419.45791000,0.00002066,0.00000000,0
4420.39967000,0.00000000,0.00000000,0
4420.84074000,0.00002080,0.00000000,0
4420.87650000,0.00002570,0.00000000,0
4421.36526000,0.00000000,0.00000000,0
4421.50831000,0.00019140,0.00003107,3
4421.55600000,0.00009498,0.00003794,8
4422.37854000,0.00001915,0.00000000,0
4423.10572000,0.00002360,0.00000000,0
4423.67792000,0.00002476,0.00000000,0
4428.25556000,0.00003082,0.00000000,0
4429.60262000,0.00004356,0.00002781,12
4431.67686000,0.00004218,0.00000000,0
4432.02257000,0.00002234,0.00000000,0
4432.33252000,0.00005975,0.00004207,12
4433.47692000,0.00002303,0.00002007,14
4433.59613000,0.00000000,0.00000000,0
4434.95512000,0.00011297,0.00000000,0
4435.81343000,0.00000000,0.00000000,0
4436.12337000,0.00022864,0.00000000,0
4436.62405000,0.00001908,0.00000000,0
4437.05320000,0.00000000,0.00000000,0
4437.14857000,0.00002015,0.00000000,0
4437.50620000,0.00000000,0.00000000,0
4437.75654000,0.00000000,0.00000000,0
4438.45987000,0.00002910,0.00000000,0
4438.59100000,0.00000000,0.00000000,0
4438.72213000,0.00000000,0.00000000,0
4439.59236000,0.00002069,0.00000000,0
4440.05728000,0.00001838,0.00000000,0
4440.95135000,0.00000000,0.00000000,0
4441.66660000,0.00002374,0.00000000,0
4442.28649000,0.00002472,0.00000000,0
4442.79909000,0.00000000,0.00000000,0
4442.91830000,0.00001907,0.00000000,0
4442.98983000,0.00000000,0.00000000,0
4443.20440000,0.00000000,0.00000000,0
4443.31169000,0.00000000,0.00000000,0
4443.59779000,0.00012514,0.00000000,0
4444.31305000,0.00002644,0.00002181,14
4444.51571000,0.00001921,0.00000000,0
4444.70644000,0.00000000,0.00000000,0
4444.93294000,0.00000000,0.00000000,0
4445.17136000,0.00002363,0.00000000,0
4445.27864000,0.00000000,0.00000000,0
4446.18464000,0.00002017,0.00000000,0
4446.43497000,0.00002849,0.00002458,14
4447.43633000,0.00000000,0.00000000,0
4447.62707000,0.00000000,0.00000000,0
4448.15159000,0.00001793,0.00000000,0
4448.23503000,0.00002047,0.00000000,0
4449.33176000,0.00005579,0.00004642,14
4450.28543000,0.00000000,0.00000000,0
4450.70267000,0.00002087,0.00000000,0
4450.79803000,0.00001803,0.00000000,0
4450.89340000,0.00000000,0.00000000,0
4451.28679000,0.00002440,0.00001931,13
4451.38216000,0.00007455,0.00002759,8
4451.46561000,0.00006842,0.00005863,14
4451.50137000,0.00009942,0.00008466,14
4451.62058000,0.01689902,0.01436000,14
4451.63250000,0.01691185,0.01434533,14
4451.75171000,0.00009265,0.00007623,14
4451.78747000,0.00005427,0.00003985,13
4451.91860000,0.00002975,0.00000000,0
4451.96629000,0.00002585,0.00000000,0
4452.06165000,0.00002708,0.00000000,0
4452.70538000,0.00002333,0.00000000,0
4452.95572000,0.00001978,0.00000000,0
4453.03917000,0.00000000,0.00000000,0
4453.74250000,0.00003270,0.00000000,0
4454.88691000,0.00035485,0.00000000,0
4455.66177000,0.00002499,0.00000000,0
4456.04324000,0.00004239,0.00000000,0
4457.81946000,0.00000000,0.00000000,0
4457.96251000,0.00000000,0.00000000,0
4459.94139000,0.00000000,0.00000000,0
4462.09908000,0.00003710,0.00000000,0
4462.26597000,0.00000000,0.00000000,0
4463.21964000,0.00000000,0.00000000,0
4465.28196000,0.00001809,0.00000000,0
4465.49654000,0.00000000,0.00000000,0
4465.88993000,0.00003406,0.00000000,0
4466.15219000,0.00002035,0.00000000,0
4466.49790000,0.00000000,0.00000000,0
4466.80784000,0.00002274,0.00000000,0
4467.97609000,0.00002768,0.00000000,0
4468.21451000,0.00003714,0.00000000,0
4469.65694000,0.00002126,0.00000000,0
4470.37220000,0.00002067,0.00000000,0
4470.44373000,0.00002078,0.00000000,0
4471.14706000,0.00003047,0.00002106,12
4471.79079000,0.00004717,0.00000000,0
4472.00537000,0.00001903,0.00000000,0
4472.36300000,0.00002301,0.00000000,0
4473.88887000,0.00002360,0.00000000,0
4474.38955000,0.00000000,0.00000000,0
4475.36707000,0.00000000,0.00000000,0
4476.52340000,0.00000000,0.00000000,0
4476.83334000,0.00002800,0.00000000,0
4476.91679000,0.00000000,0.00000000,0
4477.97775000,0.00000000,0.00000000,0
4480.05199000,0.00005271,0.00000000,0
4480.46923000,0.00014000,0.00000000,0
4482.15008000,0.00006897,0.00000000,0
4483.04415000,0.00000000,0.00000000,0
4483.16336000,0.00002832,0.00000000,0
4483.49714000,0.00000000,0.00000000,0
4485.09455000,0.00000000,0.00000000,0
4485.86941000,0.00034767,0.00002198,1
4486.37009000,0.00007463,0.00000000,0
4487.52642000,0.00003479,0.00002805,14
4487.60986000,0.00021146,0.00000000,0
4487.75291000,0.00002342,0.00000000,0
4487.97941000,0.00008658,0.00000000,0
4488.03902000,0.00005826,0.00002729,9
4488.11054000,0.00010404,0.00000000,0
4489.36224000,0.00002719,0.00000000,0
4490.76891000,0.00004387,0.00000000,0
4491.65106000,0.00010657,0.00000000,0
4491.77027000,0.00002367,0.00000000,0
4492.18750000,0.00000000,0.00000000,0
4492.62857000,0.00002422,0.00000000,0
4494.28558000,0.00002530,0.00000000,0
4494.82203000,0.00001963,0.00000000,0
4494.98892000,0.00000000,0.00000000,0
4495.33463000,0.00002645,0.00000000,0
4496.75322000,0.00002638,0.00000000,0
4496.80090000,0.00001831,0.00000000,0
4497.15853000,0.00003667,0.00000000,0
4497.45655000,0.00002183,0.00000000,0
4497.57576000,0.00005098,0.00000000,0
4497.73073000,0.00014506,0.00000000,0
4497.83802000,0.00008228,0.00000000,0
4498.18373000,0.00006134,0.00000000,0
4498.82746000,0.00000000,0.00000000,0
4499.37582000,0.00001955,0.00000000,0
4499.78113000,0.00002727,0.00000000,0
4501.09243000,0.00000000,0.00000000,0
4502.21300000,0.00002101,0.00000000,0
4503.17860000,0.00002034,0.00000000,0
4503.40509000,0.00000000,0.00000000,0
4503.96538000,0.00001784,0.00000000,0
4504.46606000,0.00000000,0.00000000,0
4504.63295000,0.00002323,0.00000000,0
4507.54166000,0.00001995,0.00000000,0
4510.08081000,0.00006074,0.00000000,0
4510.42652000,0.00002526,0.00000000,0
4511.09409000,0.00000000,0.00000000,0
4512.48884000,0.00009501,0.00000000,0
4514.07433000,0.00000000,0.00000000,0
4514.36043000,0.00000000,0.00000000,0
4514.70613000,0.00000000,0.00000000,0
4515.20681000,0.00005707,0.00000000,0
4515.36179000,0.00003491,0.00003039,14
4516.05320000,0.00002090,0.00000000,0
4516.22009000,0.00042991,0.00004070,1
4516.23201000,0.00044084,0.00004200,1
4519.00959000,0.00000000,0.00000000,0
4519.92750000,0.00002363,0.00000000,0
4520.28513000,0.00000000,0.00000000,0
4522.03751000,0.00001981,0.00000000,0
4522.13287000,0.00002571,0.00000000,0
4522.45474000,0.00003896,0.00003223,14
4522.82429000,0.00001958,0.00000000,0
4524.31440000,0.00002490,0.00000000,0
4524.82700000,0.00000000,0.00000000,0
4525.00582000,0.00002523,0.00000000,0
4525.29192000,0.00002568,0.00000000,0
4525.64955000,0.00000000,0.00000000,0
4526.15023000,0.00000000,0.00000000,0
4528.05758000,0.00004586,0.00000000,0
4528.26023000,0.00005723,0.00000000,0
4528.90396000,0.00002839,0.00001887,12
4529.16622000,0.00003324,0.00000000,0
4531.46696000,0.00021009,0.00000000,0
4532.95708000,0.00002329,0.00000000,0
4533.01668000,0.00000000,0.00000000,0
4533.25510000,0.00001868,0.00000000,0
4533.39815000,0.00002173,0.00000000,0
4535.22205000,0.00000000,0.00000000,0
4536.16381000,0.00000000,0.00000000,0
4536.52143000,0.00030539,0.00000000,0
4536.53336000,0.00031819,0.00000000,0
4537.08172000,0.00007169,0.00001942,5
4537.94003000,0.00003196,0.00000000,0
4540.59839000,0.00002109,0.00000000,0
4542.11235000,0.00000000,0.00000000,0
4543.08987000,0.00000000,0.00000000,0
4544.59190000,0.00000000,0.00000000,0
4545.98665000,0.00000000,0.00000000,0
4546.84496000,0.00003250,0.00000000,0
4547.07146000,0.00003571,0.00002913,14
4547.83440000,0.00003487,0.00000000,0
4548.54965000,0.00009950,0.00000000,0
4550.34971000,0.00003964,0.00000000,0
4551.76830000,0.00000000,0.00000000,0
4552.34051000,0.00159574,0.00003158,0
4552.61469000,0.00000000,0.00000000,0
4553.99752000,0.00000000,0.00000000,0
4554.95119000,0.00003377,0.00000000,0
4555.05848000,0.00000000,0.00000000,0
4555.20153000,0.00002785,0.00000000,0
4556.23865000,0.00000000,0.00000000,0
4559.08775000,0.00005899,0.00000000,0
4559.62420000,0.00001932,0.00000000,0
4559.82685000,0.00001972,0.00000000,0
4563.12895000,0.00000000,0.00000000,0
4563.99918000,0.00000000,0.00000000,0
4564.73827000,0.00000000,0.00000000,0
4566.47873000,0.00002194,0.00000000,0
4566.74099000,0.00002013,0.00000000,0
4567.64698000,0.00000000,0.00000000,0
4568.09998000,0.00003766,0.00000000,0
4568.17150000,0.00001842,0.00000000,0
4569.06557000,0.00000000,0.00000000,0
4569.50665000,0.00002230,0.00000000,0
4569.80467000,0.00002433,0.00000000,0
4570.05501000,0.00002169,0.00000000,0
4571.29478000,0.00000000,0.00000000,0
4571.43784000,0.00001948,0.00000000,0
4572.43919000,0.00009045,0.00007902,14
4573.10677000,0.00000000,0.00000000,0
4573.29750000,0.00000000,0.00000000,0
4574.09620000,0.00000000,0.00000000,0
4575.83666000,0.00002323,0.00000000,0
4576.44463000,0.00002202,0.00000000,0
4576.53999000,0.00027796,0.00000000,0
4576.69497000,0.00007371,0.00000000,0
4577.13604000,0.00003144,0.00000000,0
4578.20892000,0.00002931,0.00000000,0
4578.41158000,0.00002859,0.00000000,0
4578.67384000,0.00001894,0.00000000,0
4579.40102000,0.00002910,0.00000000,0
4579.55599000,0.00002195,0.00000000,0
4579.92554000,0.00003541,0.00000000,0
4580.58119000,0.00001798,0.00000000,0
4580.80769000,0.00005215,0.00000000,0
4581.65407000,0.00000000,0.00000000,0
4581.99978000,0.00000000,0.00000000,0
4582.17859000,0.00000000,0.00000000,0
4583.45413000,0.00002297,0.00000000,0
4584.02634000,0.00000000,0.00000000,0
4584.27668000,0.00000000,0.00000000,0
4586.51781000,0.00000000,0.00000000,0
4587.45956000,0.00018798,0.00016094,14
4587.62646000,0.00000000,0.00000000,0
4588.53245000,0.00000000,0.00000000,0
4588.97352000,0.00000000,0.00000000,0
4589.78415000,0.00002874,0.00000000,0
4591.07161000,0.00001917,0.00000000,0
4591.35771000,0.00001962,0.00000000,0
4592.44251000,0.00002317,0.00000000,0
4593.27698000,0.00003221,0.00000000,0
4593.36042000,0.00004060,0.00000000,0
4597.37778000,0.00000000,0.00000000,0
4597.48507000,0.00001977,0.00000000,0
4597.89038000,0.00000000,0.00000000,0
4599.01094000,0.00000000,0.00000000,0
4599.17784000,0.00012731,0.00000000,0
4599.51162000,0.00002189,0.00000000,0
4599.66660000,0.00000000,0.00000000,0
4601.10903000,0.00002817,0.00000000,0
4601.35937000,0.00004934,0.00000000,0
4602.50378000,0.00003331,0.00000000,0
4605.25751000,0.00000000,0.00000000,0
4605.38864000,0.00004625,0.00000000,0
4605.78203000,0.00000000,0.00000000,0
4607.84435000,0.00004731,0.00002733,11
4608.22582000,0.00000000,0.00000000,0
4611.48024000,0.00004149,0.00001962,9
4611.55176000,0.00026205,0.00000000,0
4611.64713000,0.00016022,0.00000000,0
4612.21933000,0.00003335,0.00000000,0
4612.72001000,0.00000000,0.00000000,0
4612.88691000,0.00007468,0.00000000,0
4612.94651000,0.00003060,0.00000000,0
4615.77177000,0.00002802,0.00000000,0
4616.94002000,0.00001901,0.00000000,0
4618.52551000,0.00000000,0.00000000,0
4618.75200000,0.00010015,0.00000000,0
4618.77584000,0.00008663,0.00000000,0
4618.99042000,0.00004977,0.00000000,0
4620.62359000,0.00000000,0.00000000,0
4620.79048000,0.00000000,0.00000000,0
4621.67263000,0.00000000,0.00000000,0
4623.36540000,0.00000000,0.00000000,0
4623.97337000,0.00000000,0.00000000,0
4624.11642000,0.00001818,0.00000000,0
4624.83168000,0.00010650,0.00000000,0
4625.27275000,0.00003119,0.00000000,0
4625.42772000,0.00000000,0.00000000,0
4626.14298000,0.00004705,0.00000000,0
4626.34563000,0.00000000,0.00000000,0
4628.90863000,0.00000000,0.00000000,0
4629.94576000,0.00003877,0.00000000,0
4631.87695000,0.00009922,0.00004464,9
4633.16441000,0.00000000,0.00000000,0
4633.61740000,0.00000000,0.00000000,0
4633.74853000,0.00002211,0.00000000,0
4634.17768000,0.00004062,0.00000000,0
4635.53667000,0.00003240,0.00000000,0
4635.81085000,0.00022560,0.00017584,13
4635.95390000,0.00000000,0.00000000,0
4636.21616000,0.00005055,0.00000000,0
4636.56187000,0.00000000,0.00000000,0
4636.84797000,0.00000000,0.00000000,0
4637.03871000,0.00000000,0.00000000,0
4639.08911000,0.00007497,0.00000000,0
4639.48250000,0.00000000,0.00000000,0
4640.31696000,0.00003406,0.00000000,0
4640.51962000,0.00007788,0.00000000,0
4640.73420000,0.00001811,0.00000000,0
4642.42697000,0.00001817,0.00000000,0
4644.00053000,0.00001882,0.00000000,0
4644.96613000,0.00007990,0.00001850,5
4644.97805000,0.00007841,0.00001852,5
4645.37144000,0.00000000,0.00000000,0
4645.39528000,0.00001793,0.00000000,0
4646.15822000,0.00003370,0.00002109,12
4646.53969000,0.00000000,0.00000000,0
4647.04037000,0.00005190,0.00000000,0
4647.26686000,0.00000000,0.00000000,0
4647.94636000,0.00000000,0.00000000,0
4648.47088000,0.00003580,0.00000000,0
4649.29342000,0.00000000,0.00000000,0
4650.73586000,0.00001942,0.00000000,0
4651.59416000,0.00000000,0.00000000,0
4652.42863000,0.00000000,0.00000000,0
4652.95315000,0.00000000,0.00000000,0
4653.06044000,0.00010177,0.00007857,13
4653.35846000,0.00004978,0.00000000,0
4654.01411000,0.00001920,0.00000000,0
4654.88434000,0.00002110,0.00001817,14
4654.99163000,0.00003267,0.00000000,0
4655.51615000,0.00000000,0.00000000,0
4655.61152000,0.00002205,0.00000000,0
4656.99434000,0.00000000,0.00000000,0
4657.26852000,0.00000000,0.00000000,0
4657.53078000,0.00000000,0.00000000,0
4658.97322000,0.00006090,0.00000000,0
4660.01034000,0.00001864,0.00000000,0
4663.20515000,0.00002833,0.00000000,0
4663.57470000,0.00002783,0.00002504,14
4663.58662000,0.00002808,0.00002457,14
4664.33764000,0.00007777,0.00000000,0
4665.30323000,0.00091471,0.00000000,0
4665.47012000,0.00003354,0.00000000,0
4665.80391000,0.00002526,0.00000000,0
4666.61453000,0.00002714,0.00000000,0
4667.56821000,0.00004772,0.00000000,0
4668.47420000,0.00005532,0.00005019,15
4668.98680000,0.00003429,0.00000000,0
4669.15369000,0.00002164,0.00000000,0
4670.87030000,0.00008579,0.00003106,7
4672.72997000,0.00000000,0.00000000,0
4674.24393000,0.00000000,0.00000000,0
4674.36314000,0.00000000,0.00000000,0
4674.80421000,0.00032774,0.00003225,1
4675.50755000,0.00000000,0.00000000,0
4675.82941000,0.00017935,0.00000000,0
4675.92478000,0.00002803,0.00000000,0
4676.11551000,0.00008552,0.00002393,5
4676.12743000,0.00008809,0.00002363,5
4676.67580000,0.00001797,0.00000000,0
4678.16591000,0.00006517,0.00005255,14
4678.17783000,0.00006694,0.00005225,13
4678.59507000,0.00000000,0.00000000,0
4678.97654000,0.00000000,0.00000000,0
4679.20303000,0.00000000,0.00000000,0
4679.64411000,0.00010507,0.00006103,11
4679.90637000,0.00010015,0.00000000,0
4680.91965000,0.00005285,0.00001945,8
4681.42033000,0.00001874,0.00000000,0
4681.52761000,0.00000000,0.00000000,0
4681.99253000,0.00002326,0.00000000,0
4682.20711000,0.00000000,0.00000000,0
4682.50513000,0.00001923,0.00000000,0
4683.17270000,0.00004828,0.00000000,0
4683.42304000,0.00002986,0.00000000,0
4683.61378000,0.00003559,0.00000000,0
4683.91180000,0.00003955,0.00002658,12
4684.94892000,0.00001966,0.00000000,0
4686.24830000,0.00001920,0.00000000,0
4687.05893000,0.00301732,0.00005168,0
4687.50000000,0.00073074,0.00035531,9
4687.92915000,0.00003540,0.00000000,0
4688.06028000,0.00000000,0.00000000,0
4688.19141000,0.00028451,0.00000000,0
4689.84842000,0.00000000,0.00000000,0
4690.58752000,0.00002183,0.00000000,0
4690.89746000,0.00002002,0.00000000,0
4691.19549000,0.00002121,0.00000000,0
4691.63656000,0.00002190,0.00000000,0
4692.11340000,0.00001814,0.00000000,0
4692.31606000,0.00001900,0.00000000,0
4693.61544000,0.00007892,0.00000000,0
4696.47646000,0.00001975,0.00000000,0
4696.94138000,0.00256330,0.00219464,14
4697.10827000,0.00002323,0.00000000,0
4697.16787000,0.00002115,0.00000000,0
4697.37053000,0.00002236,0.00000000,0
4697.78776000,0.00005746,0.00000000,0
4697.96658000,0.00000000,0.00000000,0
4699.40901000,0.00000000,0.00000000,0
4700.44613000,0.00000000,0.00000000,0
4700.81568000,0.00000000,0.00000000,0
4701.35212000,0.00002147,0.00000000,0
4702.05545000,0.00005713,0.00003671,12
4703.12834000,0.00000000,0.00000000,0
4704.60653000,0.00000000,0.00000000,0
4704.96416000,0.00002066,0.00000000,0
4705.41716000,0.00002058,0.00000000,0
4706.37083000,0.00002155,0.00000000,0
4706.40659000,0.00000000,0.00000000,0
4706.75230000,0.00002153,0.00000000,0
4707.71790000,0.00001948,0.00000000,0
4708.18281000,0.00007380,0.00003075,8
4709.26762000,0.00009347,0.00008222,14
4709.27954000,0.00009791,0.00007940,14
4709.43451000,0.00002333,0.00000000,0
4709.76830000,0.00003776,0.00002127,11
4711.22265000,0.00033796,0.00000000,0
4711.56836000,0.00001884,0.00000000,0
4713.02271000,0.00176684,0.00002011,0
4713.24921000,0.00003235,0.00002378,13
4713.35649000,0.00002745,0.00000000,0
4713.91678000,0.00002315,0.00000000,0
4714.02407000,0.00030763,0.00013608,9
4714.03599000,0.00029370,0.00012655,9
4716.19368000,0.00006412,0.00000000,0
4716.74204000,0.00018289,0.00016263,14
4717.48114000,0.00002544,0.00000000,0
4720.73555000,0.00008629,0.00000000,0
4722.80979000,0.00000000,0.00000000,0
4725.62313000,0.00008717,0.00000000,0
4728.22189000,0.00000000,0.00000000,0
4728.35302000,0.00000000,0.00000000,0
4730.39150000,0.00002136,0.00000000,0
4730.42727000,0.00000000,0.00000000,0
4730.65376000,0.00000000,0.00000000,0
4731.07100000,0.00002030,0.00000000,0
4731.23789000,0.00000000,0.00000000,0
4732.51343000,0.00001814,0.00000000,0
4733.12140000,0.00001868,0.00000000,0
4733.38366000,0.00002107,0.00000000,0
4734.12275000,0.00002229,0.00000000,0
4734.62343000,0.00002374,0.00000000,0
4734.77840000,0.00002051,0.00000000,0
4735.07643000,0.00002344,0.00000000,0
4735.17179000,0.00002489,0.00000000,0
4735.26716000,0.00002046,0.00000000,0
4735.36253000,0.00002622,0.00000000,0
4735.51750000,0.00008956,0.00003288,8
4735.56519000,0.00007732,0.00002599,7
4735.67247000,0.00004037,0.00003024,13
4735.72016000,0.00005055,0.00004224,14
4735.76784000,0.00004315,0.00003624,14
4735.86321000,0.00006987,0.00005807,14
4735.91089000,0.00007724,0.00006602,14
4735.94666000,0.00008277,0.00007290,14
4735.99434000,0.00015999,0.00013539,14
4736.03010000,0.00029860,0.00025549,14
4736.14931000,0.04434010,0.03755656,14
4736.30428000,0.00013500,0.00011293,14
4736.39965000,0.00008287,0.00006637,13
4736.44733000,0.00007274,0.00005530,13
4736.48310000,0.00004441,0.00003898,14
4736.54270000,0.00005093,0.00004249,14
4736.59039000,0.00004931,0.00003955,14
4736.63807000,0.00003449,0.00002702,13
4736.73344000,0.00004147,0.00003089,13
4736.78112000,0.00002458,0.00002114,14
4736.87649000,0.00003075,0.00002005,12
4736.98378000,0.00002572,0.00001944,13
4737.07914000,0.00002491,0.00000000,0
4737.12683000,0.00002245,0.00000000,0
4737.23412000,0.00001868,0.00000000,0
4737.32948000,0.00002487,0.00000000,0
4737.44869000,0.00005901,0.00000000,0
4737.73479000,0.00001786,0.00000000,0
4737.86592000,0.00000000,0.00000000,0
4740.50045000,0.00003958,0.00000000,0
4741.34684000,0.00005509,0.00000000,0
4741.93096000,0.00003134,0.00000000,0
4742.94424000,0.00000000,0.00000000,0
4745.19730000,0.00034353,0.00000000,0
4745.61453000,0.00001903,0.00000000,0
4746.10329000,0.00003116,0.00000000,0
4746.42515000,0.00002503,0.00000000,0
4746.89007000,0.00003360,0.00002689,13
4747.17617000,0.00000000,0.00000000,0
4747.61724000,0.00004737,0.00000000,0
4749.01199000,0.00072913,0.00000000,0
4749.27425000,0.00001975,0.00000000,0
4751.20544000,0.00000000,0.00000000,0
4754.14991000,0.00003855,0.00000000,0
4755.17511000,0.00000000,0.00000000,0
4756.77252000,0.00003862,0.00000000,0
4757.17783000,0.00000000,0.00000000,0
4758.91829000,0.00002816,0.00000000,0
4759.12094000,0.00006637,0.00000000,0
4760.71835000,0.00004496,0.00000000,0
4761.07597000,0.00002009,0.00000000,0
4762.43496000,0.00000000,0.00000000,0
4762.79259000,0.00000000,0.00000000,0
4763.13829000,0.00002052,0.00000000,0
4764.38999000,0.00012379,0.00000000,0
4765.68937000,0.00000000,0.00000000,0
4766.03508000,0.00013617,0.00000000,0
4766.08276000,0.00006681,0.00002786,8
4767.53712000,0.00000000,0.00000000,0
4767.73977000,0.00001954,0.00000000,0
4768.18085000,0.00006273,0.00000000,0
4768.57424000,0.00000000,0.00000000,0
4768.70537000,0.00006236,0.00000000,0
4769.61136000,0.00004066,0.00000000,0
4771.39950000,0.00000000,0.00000000,0
4772.72272000,0.00000000,0.00000000,0
4775.32148000,0.00000000,0.00000000,0
4777.66991000,0.00003184,0.00000000,0
4777.84872000,0.00004229,0.00000000,0
4779.63686000,0.00007052,0.00000000,0
4780.41172000,0.00308148,0.00016057,0
4780.57861000,0.00005675,0.00000000,0
4783.36811000,0.00002857,0.00002377,14
4784.42907000,0.00002541,0.00000000,0
4784.71518000,0.00149700,0.00008469,0
4785.16817000,0.00000000,0.00000000,0
4787.00399000,0.00000000,0.00000000,0
4787.60004000,0.00000000,0.00000000,0
4788.35106000,0.00000000,0.00000000,0
4788.66100000,0.00002414,0.00000000,0
4789.72197000,0.00001799,0.00000000,0
4790.28225000,0.00000000,0.00000000,0
4790.49683000,0.00002156,0.00000000,0
4792.08231000,0.00002525,0.00000000,0
4792.32073000,0.00002160,0.00000000,0
4793.11943000,0.00022368,0.00018871,14
4793.13135000,0.00023532,0.00019696,14
4794.24000000,0.00000000,0.00000000,0
4795.07446000,0.00000000,0.00000000,0
4795.37249000,0.00003585,0.00000000,0
4796.70763000,0.00004643,0.00002765,11
4796.73147000,0.00004122,0.00003184,13
4799.84283000,0.00000000,0.00000000,0
4800.62962000,0.00002295,0.00000000,0
4801.59521000,0.00000000,0.00000000,0
4803.15685000,0.00000000,0.00000000,0
4803.84827000,0.00004570,0.00000000,0
4806.28014000,0.00005551,0.00004994,14
4807.18613000,0.00001937,0.00000000,0
4808.42590000,0.00007638,0.00000000,0
4810.92930000,0.00042025,0.00000000,0
4811.82337000,0.00002169,0.00000000,0
4812.64591000,0.00002238,0.00002018,14
4822.83831000,0.00000000,0.00000000,0
4823.19593000,0.00000000,0.00000000,0
4825.19865000,0.00002391,0.00000000,0
4825.93775000,0.00010645,0.00000000,0
4826.04504000,0.00003077,0.00000000,0
4829.65708000,0.00000000,0.00000000,0
4830.27697000,0.00000000,0.00000000,0
4831.17104000,0.00000000,0.00000000,0
4831.36177000,0.00000000,0.00000000,0
4831.85053000,0.00002068,0.00000000,0
4832.80420000,0.00011782,0.00000000,0
4832.91149000,0.00002177,0.00000000,0
4833.98437000,0.00000000,0.00000000,0
4834.86652000,0.00000000,0.00000000,0
4835.25991000,0.00005373,0.00000000,0
4835.60562000,0.00000000,0.00000000,0
4837.45337000,0.00000000,0.00000000,0
4840.55281000,0.00000000,0.00000000,0
4841.38727000,0.00006866,0.00000000,0
4843.59264000,0.00000000,0.00000000,0
4843.75954000,0.00002812,0.00000000,0
4845.52383000,0.00005909,0.00004859,14
4845.73841000,0.00000000,0.00000000,0
4848.22989000,0.00000000,0.00000000,0
4848.39678000,0.00000000,0.00000000,0
4848.84977000,0.00000000,0.00000000,0
4849.01667000,0.00000000,0.00000000,0
4849.38622000,0.00004927,0.00000000,0
4849.72000000,0.00000000,0.00000000,0
4850.62599000,0.00021698,0.00000000,0
4850.95978000,0.00002649,0.00000000,0
4851.84193000,0.00011825,0.00000000,0
4853.57046000,0.00027032,0.00007075,5
4853.60622000,0.00020877,0.00012628,11
4854.90561000,0.00002550,0.00000000,0
4855.12018000,0.00002343,0.00000000,0
4855.54934000,0.00013041,0.00005679,9
4855.59702000,0.00022212,0.00002785,2
4856.20499000,0.00009390,0.00000000,0
4856.62222000,0.00000000,0.00000000,0
4857.75471000,0.00000000,0.00000000,0
4859.59053000,0.00000000,0.00000000,0
4859.91240000,0.00012015,0.00009541,13
4860.22234000,0.00010396,0.00002021,3
4862.45155000,0.00000000,0.00000000,0
4862.86879000,0.00002154,0.00000000,0
4862.99992000,0.00003314,0.00000000,0
4863.03568000,0.00004314,0.00000000,0
4863.16681000,0.00879857,0.00013679,0
4863.45291000,0.00010176,0.00000000,0
4864.44235000,0.00000000,0.00000000,0
4864.74037000,0.00003213,0.00000000,0
4865.18145000,0.00004987,0.00000000,0
4866.12320000,0.00002197,0.00000000,0
4866.90998000,0.00001933,0.00000000,0
4867.04111000,0.00002672,0.00000000,0
4867.26761000,0.00009103,0.00000000,0
4868.09015000,0.00003776,0.00000000,0
4868.19744000,0.00003230,0.00000000,0
4868.94846000,0.00000000,0.00000000,0
4869.21072000,0.00000000,0.00000000,0
4869.59219000,0.00000000,0.00000000,0
4869.69948000,0.00001798,0.00000000,0
4869.74716000,0.00000000,0.00000000,0
4870.76044000,0.00000000,0.00000000,0
4870.87965000,0.00010059,0.00000000,0
4870.99886000,0.00000000,0.00000000,0
4871.10615000,0.00001899,0.00000000,0
4871.53530000,0.00530501,0.00028087,0
4871.66643000,0.00002547,0.00000000,0
4871.69027000,0.00002219,0.00000000,0
4871.73796000,0.00001843,0.00000000,0
4871.78564000,0.00000000,0.00000000,0
4871.89293000,0.00000000,0.00000000,0
4872.07174000,0.00000000,0.00000000,0
4872.22672000,0.00000000,0.00000000,0
4873.71683000,0.00001932,0.00000000,0
4874.39632000,0.00016661,0.00000000,0
4874.89700000,0.00001831,0.00000000,0
4876.14870000,0.00277482,0.00014400,0
4876.26791000,0.00002039,0.00000000,0
4876.80435000,0.00000000,0.00000000,0
4877.37656000,0.00013337,0.00000000,0
4878.06797000,0.00000000,0.00000000,0
4878.71170000,0.00000000,0.00000000,0
4879.54617000,0.00000000,0.00000000,0
4880.04684000,0.00000000,0.00000000,0
4880.60713000,0.00032044,0.00000000,0
4881.10781000,0.00003909,0.00000000,0
4882.19261000,0.00002093,0.00000000,0
4882.35950000,0.00000000,0.00000000,0
4882.82442000,0.00004172,0.00000000,0
4883.17013000,0.00001821,0.00000000,0
4885.68544000,0.00004495,0.00000000,0
4885.82850000,0.00001855,0.00000000,0
4886.37686000,0.00004130,0.00000000,0
4887.13980000,0.00000000,0.00000000,0
4887.93850000,0.00006481,0.00000000,0
4890.51342000,0.00000000,0.00000000,0
4892.57574000,0.00002450,0.00000000,0
4893.58902000,0.00000000,0.00000000,0
4894.25659000,0.00010660,0.00000000,0
4894.38772000,0.00009273,0.00000000,0
4895.15066000,0.00000000,0.00000000,0
4895.98513000,0.00004776,0.00000000,0
4897.08185000,0.00000000,0.00000000,0
4897.18914000,0.00000000,0.00000000,0
4897.30835000,0.00003633,0.00000000,0
4898.38123000,0.00002156,0.00000000,0
4899.41835000,0.00004028,0.00000000,0
4900.55084000,0.00001881,0.00000000,0
4900.82502000,0.00019830,0.00000000,0
4901.42107000,0.00004005,0.00000000,0
4906.61860000,0.00002265,0.00000000,0
4909.26504000,0.00027176,0.00000000,0
4909.27696000,0.00028215,0.00000000,0
4909.53922000,0.00008299,0.00000000,0
4910.48098000,0.00007772,0.00000000,0
4910.93397000,0.00000000,0.00000000,0
4911.93533000,0.00007658,0.00006132,13
4912.91285000,0.00002702,0.00000000,0
4913.06782000,0.00551120,0.00028022,0
4913.07974000,0.00548701,0.00028039,0
4913.23471000,0.00001840,0.00000000,0
4913.46121000,0.00001923,0.00000000,0
4914.54601000,0.00004693,0.00000000,0
4914.68906000,0.00014229,0.00000000,0
4915.53545000,0.00025683,0.00000000,0
4915.61890000,0.00011491,0.00000000,0
4916.40568000,0.00000000,0.00000000,0
4916.51297000,0.00000000,0.00000000,0
4917.26398000,0.00000000,0.00000000,0
4920.06540000,0.00000000,0.00000000,0
4920.26806000,0.00002006,0.00000000,0
4922.91451000,0.00002244,0.00000000,0
4924.02315000,0.00001914,0.00000000,0
4925.62056000,0.00162554,0.00004299,0
4925.68016000,0.00048618,0.00005971,2
4926.00203000,0.00002900,0.00000000,0
4926.50270000,0.00000000,0.00000000,0
4927.55175000,0.00003271,0.00002293,12
4927.61135000,0.00010958,0.00000000,0
4930.99689000,0.00008037,0.00001916,5
4931.03266000,0.00011291,0.00000000,0
4932.71351000,0.00000000,0.00000000,0
4932.89232000,0.00000000,0.00000000,0
4936.79047000,0.00007086,0.00000000,0
4936.94544000,0.00006885,0.00000000,0
4938.34019000,0.00007558,0.00000000,0
4938.55476000,0.00001956,0.00000000,0
4940.98663000,0.00002557,0.00000000,0
4941.41579000,0.00011743,0.00000000,0
4941.53500000,0.00007029,0.00000000,0
4941.79726000,0.00010053,0.00000000,0
4942.25025000,0.00010198,0.00000000,0
4942.53635000,0.00000000,0.00000000,0
4942.67941000,0.00018321,0.00000000,0
4943.09664000,0.00005078,0.00000000,0
4943.49003000,0.00277082,0.00013817,0
4944.24105000,0.00006439,0.00000000,0
4945.08743000,0.00002599,0.00000000,0
4945.36161000,0.00003485,0.00000000,0
4947.00670000,0.00003891,0.00003428,14
4951.59626000,0.00010230,0.00000000,0
4951.76315000,0.00006915,0.00000000,0
4952.74067000,0.00003190,0.00000000,0
4953.77779000,0.00000000,0.00000000,0
4955.80435000,0.00002970,0.00000000,0
4956.36463000,0.00002519,0.00000000,0
4956.66265000,0.00000000,0.00000000,0
4958.31966000,0.00002056,0.00000000,0
4958.33158000,0.00002118,0.00000000,0
4958.73690000,0.00000000,0.00000000,0
4960.33430000,0.00000000,0.00000000,0
4961.64560000,0.00000000,0.00000000,0
4962.62312000,0.00002031,0.00000000,0
4962.99267000,0.00000000,0.00000000,0
4965.50798000,0.00000000,0.00000000,0
4967.09347000,0.00000000,0.00000000,0
4967.18884000,0.00002452,0.00000000,0
4967.61799000,0.00000000,0.00000000,0
4968.11867000,0.00000000,0.00000000,0
4969.08426000,0.00000000,0.00000000,0
4969.42997000,0.00003136,0.00000000,0
4971.06314000,0.00140255,0.00008174,0
4971.07506000,0.00137609,0.00008261,1
4971.76647000,0.00010922,0.00000000,0
4972.10026000,0.00001879,0.00000000,0
4976.02224000,0.00022571,0.00000000,0
4976.61829000,0.00002899,0.00000000,0
4977.30970000,0.00004622,0.00000000,0
4977.40507000,0.00014657,0.00000000,0
4979.16937000,0.00000000,0.00000000,0
4982.67412000,0.00000000,0.00000000,0
4983.13904000,0.00002920,0.00000000,0
4983.37746000,0.00001991,0.00000000,0
4984.71260000,0.00001838,0.00000000,0
4985.57091000,0.00000000,0.00000000,0
4985.84509000,0.00000000,0.00000000,0
4986.60803000,0.00000000,0.00000000,0
4987.26368000,0.00000000,0.00000000,0
4989.82668000,0.00000000,0.00000000,0
4990.41080000,0.00000000,0.00000000,0
4991.00685000,0.00002408,0.00000000,0
4991.07838000,0.00001965,0.00000000,0
4991.84132000,0.00000000,0.00000000,0
4992.12742000,0.00041869,0.00000000,0
4992.65194000,0.00002200,0.00000000,0
4994.38047000,0.00003302,0.00000000,0
4994.65466000,0.00000000,0.00000000,0
4995.38183000,0.00002986,0.00000000,0
4995.58449000,0.00005831,0.00000000,0
4996.87195000,0.00001867,0.00000000,0
4997.50376000,0.00002836,0.00000000,0
4998.71969000,0.00002055,0.00000000,0
5000.12636000,0.00001791,0.00000000,0
5000.50783000,0.00004642,0.00000000,0
5003.45230000,0.00002392,0.00000000,0
5003.47614000,0.00002842,0.00000000,0
5004.50134000,0.00003838,0.00000000,0
5005.55038000,0.00027308,0.00002062,1
5006.80208000,0.00000000,0.00000000,0
5007.76768000,0.00004621,0.00000000,0
5008.43525000,0.00000000,0.00000000,0
5009.30548000,0.00000000,0.00000000,0
5010.48565000,0.00009716,0.00000000,0
5010.60486000,0.00005270,0.00000000,0
5011.16514000,0.00001927,0.00000000,0
5011.24859000,0.00002183,0.00000000,0
5012.81023000,0.00006580,0.00000000,0
5012.96520000,0.00000000,0.00000000,0
5014.49108000,0.00061934,0.00000000,0
5015.71894000,0.00006451,0.00000000,0
5015.95736000,0.00000000,0.00000000,0
5016.73222000,0.00005120,0.00000000,0
5019.77205000,0.00000000,0.00000000,0
5021.45290000,0.00002038,0.00000000,0
5022.81189000,0.00011210,0.00000000,0
5026.05438000,0.00001850,0.00000000,0
5027.81868000,0.00001855,0.00000000,0
5030.44128000,0.00002108,0.00000000,0
5032.84931000,0.00000000,0.00000000,0
5034.88779000,0.00001911,0.00000000,0
5036.03220000,0.00000000,0.00000000,0
5038.90514000,0.00000000,0.00000000,0
5039.57272000,0.00002180,0.00000000,0
5040.62176000,0.00002724,0.00000000,0
5043.73312000,0.00023178,0.00000000,0
5043.85233000,0.00010302,0.00000000,0
5047.39285000,0.00000000,0.00000000,0
5047.81008000,0.00002573,0.00000000,0
5047.90545000,0.00000000,0.00000000,0
5048.01273000,0.00000000,0.00000000,0
5049.21675000,0.00000000,0.00000000,0
5050.26579000,0.00000000,0.00000000,0
5050.95720000,0.00000000,0.00000000,0
5054.10433000,0.00000000,0.00000000,0
5054.35467000,0.00004530,0.00000000,0
5054.78382000,0.00000000,0.00000000,0
5055.12953000,0.00000000,0.00000000,0
5055.98783000,0.00000000,0.00000000,0
5056.23817000,0.00002308,0.00000000,0
5056.41699000,0.00000000,0.00000000,0
5057.10840000,0.00000000,0.00000000,0
5057.70445000,0.00013630,0.00000000,0
5061.17344000,0.00000000,0.00000000,0
5062.15096000,0.00004442,0.00000000,0
5062.36553000,0.00003344,0.00000000,0
5063.00926000,0.00008276,0.00000000,0
5063.47418000,0.00008315,0.00000000,0
5063.91525000,0.00004169,0.00002202,10
5065.61995000,0.00004292,0.00000000,0
5065.85836000,0.00000000,0.00000000,0
5067.15775000,0.00000000,0.00000000,0
5067.74187000,0.00000000,0.00000000,0
5068.21871000,0.00002031,0.00000000,0
5068.46905000,0.00000000,0.00000000,0
5068.51673000,0.00000000,0.00000000,0
5068.58826000,0.00003199,0.00000000,0
5069.68498000,0.00000000,0.00000000,0
5071.15126000,0.00001819,0.00000000,0
5073.13013000,0.00000000,0.00000000,0
5073.26126000,0.00000000,0.00000000,0
5073.67849000,0.00010035,0.00000000,0
5074.20301000,0.00000000,0.00000000,0
5074.33414000,0.00000000,0.00000000,0
5075.03748000,0.00000000,0.00000000,0
5075.58584000,0.00000000,0.00000000,0
5076.78986000,0.00000000,0.00000000,0
5078.32766000,0.00000000,0.00000000,0
5079.23365000,0.00002959,0.00000000,0
5079.62704000,0.00000000,0.00000000,0
5080.02043000,0.00001885,0.00000000,0
5080.90258000,0.00006278,0.00000000,0
5081.24828000,0.00000000,0.00000000,0
5082.03506000,0.00000000,0.00000000,0
5082.23772000,0.00000000,0.00000000,0
5083.69207000,0.00004413,0.00000000,0
5084.63383000,0.00000000,0.00000000,0
5085.52790000,0.00000000,0.00000000,0
5086.48157000,0.00001848,0.00000000,0
5088.01937000,0.00030751,0.00002448,1
5088.03129000,0.00029258,0.00002482,1
5088.19818000,0.00010100,0.00007498,13
5089.47372000,0.00003068,0.00000000,0
5090.24858000,0.00001890,0.00000000,0
5090.43932000,0.00000000,0.00000000,0
5090.65390000,0.00000000,0.00000000,0
5090.84463000,0.00000000,0.00000000,0
5092.21554000,0.00002855,0.00002186,13
5092.22746000,0.00002794,0.00002197,13
5092.32283000,0.00000000,0.00000000,0
5092.45396000,0.00002189,0.00000000,0
5093.93215000,0.00000000,0.00000000,0
5094.96927000,0.00013134,0.00000000,0
5095.35074000,0.00003628,0.00000000,0
5096.45939000,0.00017711,0.00000000,0
5097.29385000,0.00008088,0.00000000,0
5098.87934000,0.00001936,0.00000000,0
5099.22504000,0.00003578,0.00000000,0
5099.40386000,0.00000000,0.00000000,0
5099.85685000,0.00000000,0.00000000,0
5100.57211000,0.00000000,0.00000000,0
5104.06494000,0.00006053,0.00000000,0
5105.86500000,0.00000000,0.00000000,0
5106.15110000,0.00001949,0.00000000,0
5106.52065000,0.00002102,0.00000000,0
5108.55913000,0.00002027,0.00000000,0
5109.22670000,0.00004635,0.00000000,0
5109.41744000,0.00000000,0.00000000,0
5109.87043000,0.00000000,0.00000000,0
5111.52744000,0.00000000,0.00000000,0
5112.11157000,0.00003913,0.00000000,0
5112.38575000,0.00003135,0.00000000,0
5112.81490000,0.00223236,0.00004815,0
5113.02948000,0.00000000,0.00000000,0
5113.70897000,0.00000000,0.00000000,0
5114.96067000,0.00002074,0.00000000,0
5115.41367000,0.00002041,0.00000000,0
5116.29581000,0.00005779,0.00000000,0
5116.39118000,0.00040095,0.00000000,0
5117.32101000,0.00000000,0.00000000,0
5119.39526000,0.00001818,0.00000000,0
5119.99130000,0.00009420,0.00000000,0
5120.62311000,0.00005121,0.00000000,0
5122.42317000,0.00014321,0.00000000,0
5122.43509000,0.00014064,0.00000000,0
5124.23515000,0.00018787,0.00000000,0
5124.74775000,0.00003128,0.00000000,0
5125.16499000,0.00000000,0.00000000,0
5125.65374000,0.00001871,0.00000000,0
5125.83256000,0.00004551,0.00000000,0
5126.38092000,0.00000000,0.00000000,0
5126.95312000,0.00002090,0.00000000,0
5127.06041000,0.00000000,0.00000000,0
5127.28691000,0.00002253,0.00000000,0
5128.93200000,0.00000000,0.00000000,0
5129.00352000,0.00001819,0.00000000,0
5129.08697000,0.00004171,0.00000000,0
5129.13465000,0.00000000,0.00000000,0
5130.36251000,0.00003039,0.00002656,14
5130.60093000,0.00000000,0.00000000,0
5131.37579000,0.00001819,0.00000000,0
5132.24602000,0.00000000,0.00000000,0
5132.57980000,0.00001843,0.00000000,0
5133.24738000,0.00000000,0.00000000,0
5134.36794000,0.00000000,0.00000000,0
5134.65405000,0.00002176,0.00000000,0
5134.68981000,0.00001888,0.00000000,0
5136.16800000,0.00009077,0.00000000,0
5136.62100000,0.00016331,0.00000000,0
5136.88326000,0.00000000,0.00000000,0
5137.47931000,0.00000000,0.00000000,0
5137.99191000,0.00000000,0.00000000,0
5138.26609000,0.00009005,0.00000000,0
5139.76812000,0.00000000,0.00000000,0
5139.93502000,0.00000000,0.00000000,0
5140.03038000,0.00000000,0.00000000,0
5142.33112000,0.00002736,0.00000000,0
5142.78412000,0.00001852,0.00000000,0
5143.54706000,0.00000000,0.00000000,0
5145.07294000,0.00006109,0.00005147,14
5145.40672000,0.00000000,0.00000000,0
5147.56441000,0.00000000,0.00000000,0
5147.61209000,0.00002330,0.00000000,0
5149.00684000,0.00003952,0.00000000,0
5150.91419000,0.00000000,0.00000000,0
5152.11821000,0.00001876,0.00000000,0
5154.15668000,0.00000000,0.00000000,0
5154.41895000,0.00003774,0.00000000,0
5154.43087000,0.00003491,0.00000000,0
5154.57392000,0.00000000,0.00000000,0
5154.78849000,0.00004493,0.00000000,0
5154.90770000,0.00000000,0.00000000,0
5156.13556000,0.00002969,0.00000000,0
5156.60048000,0.00005873,0.00000000,0
5156.63624000,0.00004497,0.00000000,0
5157.36341000,0.00000000,0.00000000,0
5158.01907000,0.00000000,0.00000000,0
5159.22308000,0.00004185,0.00000000,0
5159.55687000,0.00003515,0.00000000,0
5160.77280000,0.00000000,0.00000000,0
5160.97546000,0.00000000,0.00000000,0
5162.47749000,0.00000000,0.00000000,0
5163.34772000,0.00000000,0.00000000,0
5165.48157000,0.00001937,0.00000000,0
5166.05377000,0.00000000,0.00000000,0
5166.12530000,0.00003298,0.00000000,0
5166.56637000,0.00001883,0.00000000,0
5168.12801000,0.00002111,0.00000000,0
5169.18898000,0.00000000,0.00000000,0
5171.59700000,0.00000000,0.00000000,0
5172.20497000,0.00005775,0.00000000,0
5172.43147000,0.00000000,0.00000000,0
5172.92023000,0.00000000,0.00000000,0
5173.32554000,0.00094799,0.00000000,0
5174.30305000,0.00004249,0.00000000,0
5175.53091000,0.00000000,0.00000000,0
5175.72165000,0.00012095,0.00000000,0
5176.04351000,0.00006024,0.00000000,0
5177.19984000,0.00000000,0.00000000,0
5177.65284000,0.00000000,0.00000000,0
5177.84357000,0.00006010,0.00003279,11
5178.16544000,0.00000000,0.00000000,0
5178.35617000,0.00002088,0.00000000,0
5178.48730000,0.00000000,0.00000000,0
5179.54826000,0.00000000,0.00000000,0
5181.50330000,0.00002516,0.00000000,0
5183.41064000,0.00001911,0.00000000,0
5185.65178000,0.00000000,0.00000000,0
5185.73523000,0.00003300,0.00000000,0
5186.08093000,0.00000000,0.00000000,0
5189.02540000,0.00000000,0.00000000,0
5191.76722000,0.00000000,0.00000000,0
5191.79106000,0.00002112,0.00000000,0
5192.07716000,0.00000000,0.00000000,0
5193.55536000,0.00000000,0.00000000,0
5196.58327000,0.00000000,0.00000000,0
5198.02570000,0.00000000,0.00000000,0
5199.62311000,0.00000000,0.00000000,0
5200.24300000,0.00000000,0.00000000,0
5201.07746000,0.00003493,0.00000000,0
5201.38741000,0.00000000,0.00000000,0
5201.75695000,0.00002134,0.00000000,0
5204.77295000,0.00000000,0.00000000,0
5207.63397000,0.00002302,0.00000000,0
5208.46844000,0.00000000,0.00000000,0
5211.36522000,0.00001803,0.00000000,0
5213.78517000,0.00010347,0.00000000,0
5216.07399000,0.00002774,0.00002149,13
5216.08591000,0.00002895,0.00002267,13
5217.76676000,0.00002690,0.00000000,0
5217.87405000,0.00000000,0.00000000,0
5218.41049000,0.00000000,0.00000000,0
5218.63699000,0.00000000,0.00000000,0
5219.82908000,0.00005759,0.00000000,0
5220.62778000,0.00011338,0.00000000,0
5221.12846000,0.00005704,0.00002507,9
5221.90332000,0.00007823,0.00000000,0
5222.05830000,0.00000000,0.00000000,0
5222.34440000,0.00001841,0.00000000,0
5224.22791000,0.00000000,0.00000000,0
5226.67170000,0.00008475,0.00000000,0
5226.83859000,0.00000000,0.00000000,0
5227.78034000,0.00000000,0.00000000,0
5229.60424000,0.00001947,0.00000000,0
5231.15396000,0.00000000,0.00000000,0
5231.53543000,0.00000000,0.00000000,0
5231.72617000,0.00027411,0.00000000,0
5232.28645000,0.00000000,0.00000000,0
5232.66792000,0.00000000,0.00000000,0
5232.79905000,0.00000000,0.00000000,0
5232.90634000,0.00000000,0.00000000,0
5233.80041000,0.00000000,0.00000000,0
5233.91962000,0.00002112,0.00000000,0
5234.00307000,0.00003225,0.00000000,0
5235.74352000,0.00000000,0.00000000,0
5236.44686000,0.00001989,0.00000000,0
5237.09059000,0.00000000,0.00000000,0
5239.11715000,0.00000000,0.00000000,0
5240.64302000,0.00000000,0.00000000,0
5241.23907000,0.00056241,0.00000000,0
5241.58478000,0.00001894,0.00000000,0
5242.89608000,0.00020275,0.00001908,1
5243.13450000,0.00004499,0.00000000,0
5243.89744000,0.00000000,0.00000000,0
5245.01801000,0.00000000,0.00000000,0
5246.42467000,0.00000000,0.00000000,0
5246.90151000,0.00003371,0.00000000,0
5247.49756000,0.00000000,0.00000000,0
5248.46315000,0.00000000,0.00000000,0
5249.52412000,0.00000000,0.00000000,0
5249.67909000,0.00002043,0.00000000,0
5251.89638000,0.00003001,0.00002707,14
5252.06327000,0.00005422,0.00000000,0
5252.93350000,0.00000000,0.00000000,0
5253.20768000,0.00010431,0.00000000,0
5253.80373000,0.00002930,0.00000000,0
5254.88853000,0.00002133,0.00000000,0
5255.79453000,0.00001810,0.00000000,0
5256.04486000,0.00001860,0.00000000,0
5257.74956000,0.00000000,0.00000000,0
5258.64363000,0.00001981,0.00001799,15
5262.12454000,0.00000000,0.00000000,0
5263.17358000,0.00001924,0.00000000,0
5264.06765000,0.00005143,0.00000000,0
5264.55641000,0.00014856,0.00000000,0
5266.69025000,0.00000000,0.00000000,0
5269.02676000,0.00000000,0.00000000,0
5269.33670000,0.00000000,0.00000000,0
5270.62416000,0.00000000,0.00000000,0
5271.50631000,0.00012193,0.00000000,0
5273.43750000,0.00001912,0.00000000,0
5274.21236000,0.00000000,0.00000000,0
5275.83361000,0.00001807,0.00000000,0
5276.57270000,0.00038080,0.00032878,14
5276.58463000,0.00039789,0.00034195,14
5276.70383000,0.00002464,0.00000000,0
5277.76480000,0.00002837,0.00000000,0
5278.09858000,0.00001877,0.00000000,0
5279.30260000,0.00001798,0.00000000,0
5280.39932000,0.00015053,0.00000000,0
5280.51853000,0.00001943,0.00000000,0
5282.56893000,0.00003257,0.00000000,0
5282.83119000,0.00000000,0.00000000,0
5283.73718000,0.00002482,0.00000000,0
5283.95176000,0.00000000,0.00000000,0
5284.64317000,0.00002524,0.00000000,0
5284.84583000,0.00000000,0.00000000,0
5286.89623000,0.00001831,0.00000000,0
5287.00352000,0.00003915,0.00000000,0
5287.44459000,0.00002422,0.00001907,13
5289.74533000,0.00000000,0.00000000,0
5290.15064000,0.00029522,0.00000000,0
5291.03279000,0.00000000,0.00000000,0
5291.33081000,0.00004727,0.00000000,0
5291.59307000,0.00005182,0.00000000,0
5292.61827000,0.00009908,0.00000000,0
5295.39585000,0.00003180,0.00000000,0
5295.68195000,0.00002457,0.00000000,0
5295.82500000,0.00000000,0.00000000,0
5296.68331000,0.00004089,0.00000000,0
5297.94693000,0.00000000,0.00000000,0
5298.16151000,0.00004703,0.00000000,0
5298.55490000,0.00000000,0.00000000,0
5299.01981000,0.00002396,0.00000000,0
5299.17479000,0.00337660,0.00006863,0
5299.80659000,0.00006505,0.00000000,0
5300.39072000,0.00005256,0.00000000,0
5300.68874000,0.00002000,0.00000000,0
5300.78411000,0.00002410,0.00000000,0
5300.92716000,0.00011692,0.00000000,0
5301.07021000,0.00012876,0.00000000,0
5301.33247000,0.00002429,0.00000000,0
5301.58281000,0.00011893,0.00000000,0
5301.73779000,0.00011594,0.00000000,0
5301.89276000,0.00001894,0.00000000,0
5302.16694000,0.00000000,0.00000000,0
5302.45304000,0.00000000,0.00000000,0
5302.95372000,0.00005592,0.00000000,0
5304.01468000,0.00002214,0.00001875,14
5304.81339000,0.00005354,0.00000000,0
5305.33791000,0.00000000,0.00000000,0
5305.75514000,0.00000000,0.00000000,0
5306.70881000,0.00003612,0.00003152,14
5306.73265000,0.00003869,0.00002654,12
5307.05452000,0.00000000,0.00000000,0
5307.60288000,0.00000000,0.00000000,0
5308.36582000,0.00002101,0.00000000,0
5308.79498000,0.00002589,0.00000000,0
5309.76057000,0.00000000,0.00000000,0
5310.73809000,0.00000000,0.00000000,0
5311.19108000,0.00000000,0.00000000,0
5311.70368000,0.00005267,0.00002231,8
5312.39510000,0.00000000,0.00000000,0
5312.72888000,0.00000000,0.00000000,0
5312.84809000,0.00006023,0.00000000,0
5314.24284000,0.00003302,0.00000000,0
5314.33821000,0.00000000,0.00000000,0
5315.06538000,0.00076843,0.00002171,0
5315.47070000,0.00000000,0.00000000,0
5315.85217000,0.00000000,0.00000000,0
5316.84160000,0.00003304,0.00000000,0
5317.22307000,0.00000000,0.00000000,0
5317.90257000,0.00021378,0.00000000,0
5319.39268000,0.00046299,0.00002884,1
5320.75167000,0.00000000,0.00000000,0
5321.20466000,0.00006058,0.00000000,0
5323.12393000,0.00000000,0.00000000,0
5323.27890000,0.00000000,0.00000000,0
5324.11337000,0.00000000,0.00000000,0
5324.85247000,0.00000000,0.00000000,0
5325.04320000,0.00000000,0.00000000,0
5325.16241000,0.00003189,0.00002550,13
5326.87902000,0.00000000,0.00000000,0
5327.42739000,0.00000000,0.00000000,0
5327.48699000,0.00002984,0.00000000,0
5328.15456000,0.00004021,0.00000000,0
5328.34530000,0.00000000,0.00000000,0
5328.76253000,0.00000000,0.00000000,0
5332.30305000,0.00000000,0.00000000,0
5337.70323000,0.00003145,0.00000000,0
5338.13238000,0.00000000,0.00000000,0
5339.76555000,0.00000000,0.00000000,0
5340.00397000,0.00000000,0.00000000,0
5340.64770000,0.00000000,0.00000000,0
5340.89804000,0.00000000,0.00000000,0
5341.23182000,0.00000000,0.00000000,0
5341.93516000,0.00000000,0.00000000,0
5343.47296000,0.00000000,0.00000000,0
5343.80674000,0.00002406,0.00000000,0
5344.03324000,0.00017477,0.00000000,0
5344.16437000,0.00000000,0.00000000,0
5344.27166000,0.00022110,0.00000000,0
5344.48624000,0.00000000,0.00000000,0
5345.04652000,0.00021022,0.00000000,0
5345.28494000,0.00018611,0.00000000,0
5345.51144000,0.00002312,0.00000000,0
5345.63065000,0.00000000,0.00000000,0
5346.07172000,0.00000000,0.00000000,0
5347.91946000,0.00000000,0.00000000,0
5347.99099000,0.00002229,0.00000000,0
5348.03867000,0.00000000,0.00000000,0
5348.34862000,0.00000000,0.00000000,0
5348.73009000,0.00000000,0.00000000,0
5348.98043000,0.00000000,0.00000000,0
5350.38710000,0.00002407,0.00000000,0
5350.86393000,0.00000000,0.00000000,0
5351.38845000,0.00000000,0.00000000,0
5352.13947000,0.00008064,0.00000000,0
5352.22292000,0.00000000,0.00000000,0
5352.50902000,0.00000000,0.00000000,0
5354.03490000,0.00015225,0.00000000,0
5354.46405000,0.00000000,0.00000000,0
5354.63095000,0.00000000,0.00000000,0
5354.72631000,0.00000000,0.00000000,0
5354.84552000,0.00000000,0.00000000,0
5355.39389000,0.00000000,0.00000000,0
5355.62038000,0.00000000,0.00000000,0
5356.58598000,0.00000000,0.00000000,0
5357.14626000,0.00000000,0.00000000,0
5357.45621000,0.00000000,0.00000000,0
5357.81384000,0.00000000,0.00000000,0
5358.06417000,0.00003569,0.00000000,0
5358.75559000,0.00000000,0.00000000,0
5359.59005000,0.00000000,0.00000000,0
5359.88808000,0.00000000,0.00000000,0
5360.41260000,0.00002711,0.00000000,0
5360.80599000,0.00000000,0.00000000,0
5361.50932000,0.00000000,0.00000000,0
5361.81927000,0.00000000,0.00000000,0
5362.60605000,0.00000000,0.00000000,0
5362.68950000,0.00003380,0.00000000,0
5362.72526000,0.00002935,0.00000000,0
5362.82063000,0.00000000,0.00000000,0
5362.91599000,0.00001841,0.00000000,0
5362.96368000,0.00000000,0.00000000,0
5363.09481000,0.00000000,0.00000000,0
5363.36899000,0.00000000,0.00000000,0
5363.48820000,0.00000000,0.00000000,0
5364.26306000,0.00003327,0.00002809,14
5364.28690000,0.00003566,0.00003094,14
5364.54916000,0.00000000,0.00000000,0
5364.77566000,0.00000000,0.00000000,0
5365.02600000,0.00002987,0.00000000,0
5365.20481000,0.00000000,0.00000000,0
5365.44323000,0.00000000,0.00000000,0
5366.76645000,0.00000000,0.00000000,0
5366.88566000,0.00000000,0.00000000,0
5366.93335000,0.00002030,0.00000000,0
5367.43402000,0.00015864,0.00000000,0
5367.49363000,0.00006290,0.00000000,0
5367.92278000,0.00007495,0.00002110,5
5367.93470000,0.00007415,0.00002235,7
5368.01815000,0.00000000,0.00000000,0
5368.14928000,0.00000000,0.00000000,0
5369.30561000,0.00000000,0.00000000,0
5370.81957000,0.00031616,0.00000000,0
5370.83149000,0.00033622,0.00001933,0
5370.98646000,0.00000000,0.00000000,0
5371.51098000,0.00000000,0.00000000,0
5371.83285000,0.00002934,0.00000000,0
5371.95206000,0.00002251,0.00000000,0
5372.67923000,0.00002464,0.00000000,0
5372.81036000,0.00000000,0.00000000,0
5372.92957000,0.00007967,0.00000000,0
5373.81172000,0.00000000,0.00000000,0
5374.14551000,0.00000000,0.00000000,0
5374.86076000,0.00002417,0.00000000,0
5375.24223000,0.00001835,0.00000000,0
5375.50449000,0.00007812,0.00000000,0
5375.68331000,0.00000000,0.00000000,0
5376.04094000,0.00000000,0.00000000,0
5376.13630000,0.00000000,0.00000000,0
5376.38664000,0.00005591,0.00000000,0
5376.51777000,0.00000000,0.00000000,0
5376.85156000,0.00000000,0.00000000,0
5376.97077000,0.00007314,0.00000000,0
5377.75755000,0.00001844,0.00000000,0
5377.96021000,0.00000000,0.00000000,0
5378.12710000,0.00029328,0.00002594,1
5378.25823000,0.00029251,0.00000000,0
5378.40128000,0.00000000,0.00000000,0
5379.45032000,0.00002375,0.00000000,0
5381.58417000,0.00000000,0.00000000,0
5382.22790000,0.00000000,0.00000000,0
5382.51400000,0.00000000,0.00000000,0
5382.66897000,0.00000000,0.00000000,0
5382.96700000,0.00002714,0.00000000,0
5383.03852000,0.00003945,0.00000000,0
5383.67033000,0.00000000,0.00000000,0
5384.75513000,0.00000000,0.00000000,0
5385.45847000,0.00007048,0.00000000,0
5385.69689000,0.00030157,0.00002084,1
5386.26909000,0.00000000,0.00000000,0
5386.37638000,0.00002283,0.00000000,0
5386.49559000,0.00000000,0.00000000,0
5386.73401000,0.00012194,0.00000000,0
5386.91282000,0.00000000,0.00000000,0
5387.11548000,0.00000000,0.00000000,0
5387.46119000,0.00000000,0.00000000,0
5387.80689000,0.00000000,0.00000000,0
5388.05723000,0.00011125,0.00002533,4
5388.30757000,0.00001785,0.00000000,0
5389.20164000,0.00000000,0.00000000,0
5389.35661000,0.00052800,0.00002122,0
5389.40430000,0.00030323,0.00000000,0
5389.94074000,0.00000000,0.00000000,0
5390.09571000,0.00000000,0.00000000,0
5390.53679000,0.00000000,0.00000000,0
5390.73944000,0.00113487,0.00005364,0
5392.03882000,0.00002535,0.00000000,0
5392.15803000,0.00000000,0.00000000,0
5392.74216000,0.00000000,0.00000000,0
5392.87329000,0.00000000,0.00000000,0
5394.06538000,0.00000000,0.00000000,0
5394.42301000,0.00000000,0.00000000,0
5395.06674000,0.00003950,0.00000000,0
5395.15018000,0.00000000,0.00000000,0
5396.23499000,0.00000000,0.00000000,0
5396.75951000,0.00000000,0.00000000,0
5397.08138000,0.00000000,0.00000000,0
5397.31979000,0.00000000,0.00000000,0
5397.58205000,0.00003123,0.00000000,0
5398.36884000,0.00000000,0.00000000,0
5398.59533000,0.00013280,0.00000000,0
5398.70262000,0.00002084,0.00000000,0
5398.91720000,0.00013612,0.00004943,7
5399.02449000,0.00000000,0.00000000,0
5399.11985000,0.00002635,0.00000000,0
5399.35827000,0.00013576,0.00000000,0
5399.47748000,0.00003312,0.00000000,0
5400.34771000,0.00000000,0.00000000,0
5400.89607000,0.00000000,0.00000000,0
5401.06297000,0.00000000,0.00000000,0
5401.14641000,0.00008749,0.00000000,0
5401.31330000,0.00000000,0.00000000,0
5402.07624000,0.00000000,0.00000000,0
5402.32658000,0.00003926,0.00000000,0
5402.60077000,0.00001977,0.00000000,0
5403.57828000,0.00002181,0.00000000,0
5403.79286000,0.00000000,0.00000000,0
5404.01936000,0.00003986,0.00002457,11
5404.21009000,0.00000000,0.00000000,0
5404.56772000,0.00000000,0.00000000,0
5404.79422000,0.00000000,0.00000000,0
5405.64060000,0.00000000,0.00000000,0
5405.89094000,0.00000000,0.00000000,0
5406.65388000,0.00002239,0.00000000,0
5407.17840000,0.00000000,0.00000000,0
5408.64468000,0.00009812,0.00007036,13
5408.91886000,0.00002574,0.00000000,0
5409.04999000,0.00000000,0.00000000,0
5409.51490000,0.00001965,0.00000000,0
5409.72948000,0.00004535,0.00000000,0
5410.14671000,0.00000000,0.00000000,0
5410.56395000,0.00016613,0.00000000,0
5410.77852000,0.00004982,0.00000000,0
5411.46994000,0.00000000,0.00000000,0
5411.63683000,0.00002589,0.00001948,13
5412.03022000,0.00002991,0.00000000,0
5412.16135000,0.00000000,0.00000000,0
5413.00774000,0.00008281,0.00007204,14
5413.43689000,0.00000000,0.00000000,0
5414.27135000,0.00000000,0.00000000,0
5414.47401000,0.00004770,0.00000000,0
5416.40520000,0.00002944,0.00000000,0
5416.58401000,0.00000000,0.00000000,0
5416.75091000,0.00000000,0.00000000,0
5417.03701000,0.00000000,0.00000000,0
5417.32311000,0.00016190,0.00000000,0
5417.72842000,0.00002240,0.00000000,0
5417.93108000,0.00001819,0.00000000,0
5418.50328000,0.00000000,0.00000000,0
5418.92052000,0.00001882,0.00000000,0
5419.32583000,0.00000000,0.00000000,0
5420.55368000,0.00002906,0.00000000,0
5420.73250000,0.00000000,0.00000000,0
5420.95900000,0.00033467,0.00000000,0
5421.03052000,0.00006713,0.00000000,0
5422.36567000,0.00002068,0.00000000,0
5422.47295000,0.00003180,0.00000000,0
5422.49680000,0.00002552,0.00000000,0
5423.51007000,0.00016864,0.00000000,0
5424.01075000,0.00087949,0.00002646,0
5424.03460000,0.00102419,0.00002444,0
5424.46375000,0.00000000,0.00000000,0
5424.78561000,0.00001955,0.00000000,0
5425.05980000,0.00000000,0.00000000,0
5425.90618000,0.00002639,0.00000000,0
5425.93002000,0.00003132,0.00000000,0
5426.34726000,0.00003091,0.00000000,0
5427.69432000,0.00001845,0.00000000,0
5427.73008000,0.00000000,0.00000000,0
5428.88641000,0.00000000,0.00000000,0
5429.29173000,0.00002683,0.00000000,0
5429.69704000,0.00000000,0.00000000,0
5430.29308000,0.00116955,0.00000000,0
5430.38845000,0.00003962,0.00000000,0
5432.10506000,0.00010931,0.00008573,13
5432.61766000,0.00000000,0.00000000,0
5433.36868000,0.00000000,0.00000000,0
5433.85744000,0.00003220,0.00000000,0
5434.17931000,0.00002898,0.00000000,0
5434.22699000,0.00000000,0.00000000,0
5434.77535000,0.00002856,0.00000000,0
5435.26411000,0.00002437,0.00000000,0
5435.52637000,0.00000000,0.00000000,0
5436.46812000,0.00000000,0.00000000,0
5437.45756000,0.00000000,0.00000000,0
5437.70790000,0.00002227,0.00000000,0
5437.85095000,0.00002034,0.00000000,0
5438.23242000,0.00000000,0.00000000,0
5439.66293000,0.00000000,0.00000000,0
5439.77022000,0.00001974,0.00000000,0
5439.92519000,0.00410133,0.00009113,0
5440.43779000,0.00001821,0.00000000,0
5440.59277000,0.00014853,0.00000000,0
5441.57028000,0.00002574,0.00000000,0
5441.67757000,0.00002663,0.00000000,0
5442.23785000,0.00000000,0.00000000,0
5442.44051000,0.00001830,0.00000000,0
5443.09616000,0.00021952,0.00000000,0
5443.81142000,0.00000000,0.00000000,0
5443.93063000,0.00001976,0.00000000,0
5444.03791000,0.00001948,0.00000000,0
5444.14520000,0.00000000,0.00000000,0
5445.12272000,0.00018548,0.00002692,2
5445.45650000,0.00000000,0.00000000,0
5447.22080000,0.00003889,0.00003408,14
5447.24464000,0.00004473,0.00003888,14
5447.42346000,0.00000000,0.00000000,0
5448.92550000,0.00007737,0.00000000,0
5449.71228000,0.00005113,0.00003615,13
5449.78380000,0.00000000,0.00000000,0
5450.53482000,0.00000000,0.00000000,0
5450.67787000,0.00001857,0.00000000,0
5451.16663000,0.00000000,0.00000000,0
5451.17855000,0.00001815,0.00000000,0
5452.63290000,0.00000000,0.00000000,0
5454.07534000,0.00000000,0.00000000,0
5454.54025000,0.00012796,0.00000000,0
5455.30319000,0.00002076,0.00000000,0
5455.42240000,0.00002231,0.00000000,0
5456.67410000,0.00000000,0.00000000,0
5457.27015000,0.00003131,0.00000000,0
5457.49664000,0.00002316,0.00000000,0
5458.46224000,0.00000000,0.00000000,0
5458.56953000,0.00001967,0.00000000,0
5458.58145000,0.00001934,0.00000000,0
5458.67682000,0.00002786,0.00000000,0
5459.20134000,0.00000000,0.00000000,0
5459.51128000,0.00002706,0.00002352,14
5459.72586000,0.00000000,0.00000000,0
5460.20269000,0.00004059,0.00000000,0
5460.64377000,0.00000000,0.00000000,0
5460.85835000,0.00001891,0.00000000,0
5461.28750000,0.00002253,0.00000000,0
5461.40671000,0.00003342,0.00002704,14
5461.62128000,0.00000000,0.00000000,0
5463.01603000,0.00000000,0.00000000,0
5463.40942000,0.00004194,0.00000000,0
5464.29157000,0.00000000,0.00000000,0
5465.87706000,0.00000000,0.00000000,0
5466.33005000,0.00000000,0.00000000,0
5468.69040000,0.00000000,0.00000000,0
5469.00034000,0.00000000,0.00000000,0
5469.16723000,0.00000000,0.00000000,0
5471.47989000,0.00035898,0.00000000,0
5472.13554000,0.00014516,0.00000000,0
5472.51701000,0.00000000,0.00000000,0
5473.20843000,0.00004199,0.00000000,0
5474.17402000,0.00002878,0.00000000,0
5474.55549000,0.00044078,0.00000000,0
5474.84159000,0.00002025,0.00000000,0
5475.31843000,0.00002205,0.00000000,0
5475.34227000,0.00001986,0.00000000,0
5476.43900000,0.00003310,0.00000000,0
5476.70126000,0.00002067,0.00000000,0
5477.39267000,0.00002015,0.00000000,0
5479.10929000,0.00024221,0.00000000,0
5481.00471000,0.00000000,0.00000000,0
5482.29218000,0.00000000,0.00000000,0
5482.67365000,0.00000000,0.00000000,0
5483.03127000,0.00000000,0.00000000,0
5483.31738000,0.00003098,0.00000000,0
5483.42466000,0.00008594,0.00006113,13
5486.16648000,0.00002893,0.00000000,0
5487.29897000,0.00000000,0.00000000,0
5487.44202000,0.00000000,0.00000000,0
5487.53738000,0.00000000,0.00000000,0
5487.59699000,0.00000000,0.00000000,0
5487.64467000,0.00000000,0.00000000,0
5487.69236000,0.00000000,0.00000000,0
5487.74004000,0.00000000,0.00000000,0
5487.79964000,0.00001969,0.00000000,0
5487.84733000,0.00002107,0.00000000,0
5487.93077000,0.00000000,0.00000000,0
5487.99038000,0.00000000,0.00000000,0
5488.03806000,0.00000000,0.00000000,0
5488.08575000,0.00000000,0.00000000,0
5488.13343000,0.00000000,0.00000000,0
5488.19304000,0.00000000,0.00000000,0
5488.24072000,0.00000000,0.00000000,0
5488.28840000,0.00000000,0.00000000,0
5488.38377000,0.00002518,0.00000000,0
5488.43145000,0.00000000,0.00000000,0
5488.47914000,0.00000000,0.00000000,0
5488.62219000,0.00002077,0.00000000,0
5489.11095000,0.00002542,0.00000000,0
5489.15863000,0.00003449,0.00002266,12
5489.20631000,0.00000000,0.00000000,0
5489.30168000,0.00000000,0.00000000,0
5489.34937000,0.00002123,0.00000000,0
5489.40897000,0.00000000,0.00000000,0
5489.44473000,0.00000000,0.00000000,0
5489.50434000,0.00003143,0.00002261,13
5489.55202000,0.00002430,0.00000000,0
5489.59970000,0.00000000,0.00000000,0
5489.64739000,0.00000000,0.00000000,0
5489.75468000,0.00000000,0.00000000,0
5489.80236000,0.00000000,0.00000000,0
5489.85004000,0.00000000,0.00000000,0
5489.89773000,0.00000000,0.00000000,0
5489.94541000,0.00000000,0.00000000,0
5490.00502000,0.00000000,0.00000000,0
5490.05270000,0.00000000,0.00000000,0
5490.10038000,0.00000000,0.00000000,0
5490.14807000,0.00000000,0.00000000,0
5490.19575000,0.00000000,0.00000000,0
5490.24343000,0.00000000,0.00000000,0
5490.39841000,0.00000000,0.00000000,0
5490.49377000,0.00000000,0.00000000,0
5490.58914000,0.00002431,0.00000000,0
5490.69643000,0.00000000,0.00000000,0
5491.41169000,0.00000000,0.00000000,0
5491.49513000,0.00000000,0.00000000,0
5492.44881000,0.00014037,0.00012110,14
5493.79587000,0.00000000,0.00000000,0
5494.03429000,0.00001856,0.00000000,0
5494.39192000,0.00000000,0.00000000,0
5494.60649000,0.00000000,0.00000000,0
5494.84491000,0.00000000,0.00000000,0
5495.32175000,0.00000000,0.00000000,0
5496.74034000,0.00000000,0.00000000,0
5496.99068000,0.00000000,0.00000000,0
5497.49136000,0.00000000,0.00000000,0
5498.24238000,0.00053714,0.00002633,0
5499.81594000,0.00000000,0.00000000,0
5500.44775000,0.00109618,0.00003048,0
5500.57888000,0.00009371,0.00000000,0
5501.78289000,0.00008717,0.00000000,0
5503.07035000,0.00031853,0.00000000,0
5503.80945000,0.00000000,0.00000000,0
5504.03595000,0.00000000,0.00000000,0
5504.15516000,0.00000000,0.00000000,0
5504.40550000,0.00000000,0.00000000,0
5505.76448000,0.00004107,0.00000000,0
5506.81353000,0.00001835,0.00000000,0
5507.42149000,0.00016171,0.00000000,0
5507.98178000,0.00000000,0.00000000,0
5508.20827000,0.00061691,0.00002700,0
5509.03082000,0.00004251,0.00003216,13
5509.22155000,0.00000000,0.00000000,0
5509.38845000,0.00002996,0.00000000,0
5509.43613000,0.00002781,0.00000000,0
5509.55534000,0.00003872,0.00000000,0
5511.12890000,0.00000000,0.00000000,0
5511.85608000,0.00000000,0.00000000,0
5512.11834000,0.00019810,0.00000000,0
5512.45213000,0.00000000,0.00000000,0
5512.86936000,0.00003075,0.00002550,14
5512.88128000,0.00003076,0.00002469,14
5513.16738000,0.00001885,0.00000000,0
5513.35812000,0.00002591,0.00000000,0
5513.98993000,0.00002818,0.00000000,0
5515.12241000,0.00000000,0.00000000,0
5516.05225000,0.00001810,0.00000000,0
5517.69733000,0.00002387,0.00000000,0
5518.04304000,0.00000000,0.00000000,0
5518.16225000,0.00000000,0.00000000,0
5518.93711000,0.00000000,0.00000000,0
5519.22321000,0.00000000,0.00000000,0
5519.46163000,0.00006164,0.00000000,0
5521.38090000,0.00003815,0.00002753,13
5521.69085000,0.00004402,0.00003464,13
5522.53723000,0.00002864,0.00000000,0
5522.71605000,0.00002255,0.00000000,0
5523.25249000,0.00000000,0.00000000,0
5523.64588000,0.00000000,0.00000000,0
5524.33729000,0.00001877,0.00000000,0
5524.58763000,0.00000000,0.00000000,0
5524.80221000,0.00000000,0.00000000,0
5525.20752000,0.00007601,0.00006644,14
5525.48170000,0.00000000,0.00000000,0
5526.00622000,0.00000000,0.00000000,0
5526.22080000,0.00000000,0.00000000,0
5526.41153000,0.00000000,0.00000000,0
5527.05526000,0.00000000,0.00000000,0
5527.24600000,0.00000000,0.00000000,0
5528.00894000,0.00001960,0.00000000,0
5528.18775000,0.00000000,0.00000000,0
5528.28312000,0.00000000,0.00000000,0
5528.65267000,0.00000000,0.00000000,0
5532.77731000,0.00002415,0.00000000,0
5533.05149000,0.00000000,0.00000000,0
5533.21838000,0.00000000,0.00000000,0
5533.39720000,0.00000000,0.00000000,0
5533.93364000,0.00000000,0.00000000,0
5534.16014000,0.00001969,0.00000000,0
5535.76946000,0.00000000,0.00000000,0
5537.22382000,0.00003836,0.00003192,14
5537.30726000,0.00000000,0.00000000,0
5537.40263000,0.00003126,0.00002787,14
5537.42647000,0.00003627,0.00003232,14
5538.58280000,0.00001786,0.00000000,0
5541.43190000,0.00000000,0.00000000,0
5542.83857000,0.00005991,0.00000000,0
5542.99355000,0.00000000,0.00000000,0
5543.17236000,0.00002341,0.00000000,0
5543.73264000,0.00002260,0.00000000,0
5544.23332000,0.00030000,0.00000000,0
5544.31677000,0.00003470,0.00000000,0
5544.37637000,0.00000000,0.00000000,0
5546.45061000,0.00000000,0.00000000,0
5546.74864000,0.00001962,0.00000000,0
5547.07050000,0.00002075,0.00000000,0
5547.75000000,0.00002064,0.00000000,0
5547.86921000,0.00001819,0.00000000,0
5548.28644000,0.00000000,0.00000000,0
5548.79904000,0.00000000,0.00000000,0
5549.58582000,0.00001789,0.00000000,0
5549.80040000,0.00004508,0.00000000,0
5550.67062000,0.00002192,0.00000000,0
5551.00441000,0.00001885,0.00000000,0
5551.14746000,0.00000000,0.00000000,0
5551.30243000,0.00000000,0.00000000,0
5551.83887000,0.00000000,0.00000000,0
5551.94616000,0.00000000,0.00000000,0
5552.04153000,0.00000000,0.00000000,0
5552.33955000,0.00000000,0.00000000,0
5552.49453000,0.00000000,0.00000000,0
5552.54221000,0.00000000,0.00000000,0
5552.64950000,0.00000000,0.00000000,0
5552.84023000,0.00000000,0.00000000,0
5552.88792000,0.00000000,0.00000000,0
5552.94752000,0.00000000,0.00000000,0
5553.13826000,0.00000000,0.00000000,0
5553.22170000,0.00002504,0.00000000,0
5553.28131000,0.00003442,0.00002099,11
5553.34091000,0.00002434,0.00000000,0
5553.38860000,0.00000000,0.00000000,0
5553.44820000,0.00000000,0.00000000,0
5553.49588000,0.00002428,0.00000000,0
5553.54357000,0.00000000,0.00000000,0
5553.59125000,0.00000000,0.00000000,0
5553.65086000,0.00000000,0.00000000,0
5553.68662000,0.00000000,0.00000000,0
5553.74622000,0.00000000,0.00000000,0
5553.79391000,0.00000000,0.00000000,0
5553.88927000,0.00000000,0.00000000,0
5553.94888000,0.00000000,0.00000000,0
5553.99656000,0.00000000,0.00000000,0
5554.04425000,0.00001979,0.00000000,0
5554.09193000,0.00000000,0.00000000,0
5554.40187000,0.00000000,0.00000000,0
5554.44956000,0.00000000,0.00000000,0
5554.68798000,0.00000000,0.00000000,0
5554.74758000,0.00000000,0.00000000,0
5554.84295000,0.00002118,0.00000000,0
5554.98600000,0.00003001,0.00002079,12
5555.03368000,0.00000000,0.00000000,0
5555.14097000,0.00003567,0.00002738,13
5555.35555000,0.00022465,0.00018140,14
5555.42707000,0.00010858,0.00008990,14
5555.55820000,0.00010921,0.00008848,14
5555.88007000,0.00012557,0.00011338,14
5556.10657000,0.00003706,0.00002208,11
5556.30922000,0.00003601,0.00002678,13
5556.45227000,0.00002428,0.00000000,0
5556.49996000,0.00002334,0.00001985,14
5556.54764000,0.00000000,0.00000000,0
5556.59533000,0.00001790,0.00000000,0
5556.65493000,0.00002784,0.00000000,0
5556.75030000,0.00002828,0.00002224,13
5556.79798000,0.00000000,0.00000000,0
5556.84566000,0.00000000,0.00000000,0
5556.90527000,0.00000000,0.00000000,0
5556.95295000,0.00000000,0.00000000,0
5557.00064000,0.00001824,0.00000000,0
5557.04832000,0.00000000,0.00000000,0
5557.09600000,0.00000000,0.00000000,0
5557.14369000,0.00000000,0.00000000,0
5557.20329000,0.00000000,0.00000000,0
5557.25098000,0.00000000,0.00000000,0
5557.29866000,0.00000000,0.00000000,0
5557.34634000,0.00000000,0.00000000,0
5557.39403000,0.00000000,0.00000000,0
5557.45363000,0.00000000,0.00000000,0
5557.50132000,0.00000000,0.00000000,0
5557.54900000,0.00002113,0.00000000,0
5557.59668000,0.00000000,0.00000000,0
5557.64437000,0.00000000,0.00000000,0
5557.69205000,0.00000000,0.00000000,0
5557.75166000,0.00000000,0.00000000,0
5557.79934000,0.00000000,0.00000000,0
5557.84702000,0.00000000,0.00000000,0
5557.89471000,0.00000000,0.00000000,0
5557.94239000,0.00000000,0.00000000,0
5558.04968000,0.00000000,0.00000000,0
5558.09736000,0.00000000,0.00000000,0
5558.14505000,0.00000000,0.00000000,0
5558.19273000,0.00000000,0.00000000,0
5558.24041000,0.00000000,0.00000000,0
5558.30002000,0.00000000,0.00000000,0
5558.34770000,0.00000000,0.00000000,0
5558.44307000,0.00000000,0.00000000,0
5558.49075000,0.00000000,0.00000000,0
5558.55036000,0.00000000,0.00000000,0
5558.59804000,0.00000000,0.00000000,0
5558.69341000,0.00000000,0.00000000,0
5558.75301000,0.00000000,0.00000000,0
5558.80070000,0.00000000,0.00000000,0
5558.88414000,0.00002267,0.00000000,0
5558.99143000,0.00000000,0.00000000,0
5559.05104000,0.00000000,0.00000000,0
5559.14640000,0.00000000,0.00000000,0
5559.24177000,0.00000000,0.00000000,0
5559.34906000,0.00000000,0.00000000,0
5559.44443000,0.00000000,0.00000000,0
5559.50403000,0.00000000,0.00000000,0
5559.64708000,0.00000000,0.00000000,0
5559.69477000,0.00000000,0.00000000,0
5559.79013000,0.00000000,0.00000000,0
5559.89742000,0.00000000,0.00000000,0
5560.44579000,0.00000000,0.00000000,0
5560.58884000,0.00000000,0.00000000,0
5561.05375000,0.00000000,0.00000000,0
5561.41138000,0.00000000,0.00000000,0
5561.50675000,0.00000000,0.00000000,0
5561.88822000,0.00000000,0.00000000,0
5562.05511000,0.00000000,0.00000000,0
5562.13856000,0.00000000,0.00000000,0
5562.34121000,0.00000000,0.00000000,0
5562.65116000,0.00000000,0.00000000,0
5562.80613000,0.00043415,0.00000000,0
5562.96110000,0.00041333,0.00002006,0
5564.34393000,0.00000000,0.00000000,0
5564.49890000,0.00000000,0.00000000,0
5565.73868000,0.00000000,0.00000000,0
5566.33472000,0.00000000,0.00000000,0
5566.57314000,0.00021150,0.00000000,0
5566.94269000,0.00012463,0.00000000,0
5567.51490000,0.00002280,0.00000000,0
5567.61026000,0.00000000,0.00000000,0
5567.69371000,0.00002351,0.00000000,0
5568.24207000,0.00000000,0.00000000,0
5568.68315000,0.00000000,0.00000000,0
5569.32688000,0.00002279,0.00000000,0
5569.49377000,0.00042739,0.00000000,0
5569.91100000,0.00000000,0.00000000,0
5570.88852000,0.00000000,0.00000000,0
5570.96004000,0.00000000,0.00000000,0
5571.17462000,0.00025139,0.00002255,1
5572.18790000,0.00009067,0.00000000,0
5572.90316000,0.00002592,0.00000000,0
5573.85683000,0.00057461,0.00000000,0
5574.87011000,0.00008846,0.00000000,0
5575.37079000,0.00005190,0.00000000,0
5575.56152000,0.00002068,0.00000000,0
5575.76418000,0.00003076,0.00000000,0
5576.38407000,0.00002255,0.00000000,0
5577.03972000,0.00003181,0.00002748,14
5577.14701000,0.00001813,0.00000000,0
5577.30198000,0.00000000,0.00000000,0
5577.48079000,0.00002845,0.00001945,12
5577.70729000,0.00006084,0.00005265,14
5578.58944000,0.00000000,0.00000000,0
5579.10204000,0.00002113,0.00000000,0
5580.13916000,0.00003001,0.00000000,0
5580.72329000,0.00000000,0.00000000,0
5581.64120000,0.00000000,0.00000000,0
5581.86769000,0.00022282,0.00003110,2
5581.91538000,0.00014998,0.00006593,9
5581.92730000,0.00012054,0.00006699,11
5582.48758000,0.00002228,0.00000000,0
5583.13131000,0.00001955,0.00000000,0
5584.06115000,0.00001874,0.00000000,0
5584.47838000,0.00000000,0.00000000,0
5584.95522000,0.00000000,0.00000000,0
5585.61087000,0.00000000,0.00000000,0
5585.77776000,0.00000000,0.00000000,0
5585.93273000,0.00014259,0.00000000,0
5586.92217000,0.00000000,0.00000000,0
5587.36324000,0.00000000,0.00000000,0
5587.47053000,0.00000000,0.00000000,0
5587.60166000,0.00001818,0.00000000,0
5588.67455000,0.00019770,0.00016293,14
5588.99641000,0.00000000,0.00000000,0
5590.82031000,0.00002002,0.00000000,0
5591.27331000,0.00003155,0.00000000,0
5591.28523000,0.00003163,0.00000000,0
5591.47596000,0.00000000,0.00000000,0
5591.63094000,0.00000000,0.00000000,0
5591.78591000,0.00002436,0.00000000,0
5591.84551000,0.00000000,0.00000000,0
5592.44156000,0.00000000,0.00000000,0
5592.79919000,0.00003331,0.00002265,12
5592.98992000,0.00000000,0.00000000,0
5594.03896000,0.00000000,0.00000000,0
5594.25354000,0.00000000,0.00000000,0
5594.69461000,0.00002286,0.00000000,0
5595.12377000,0.00000000,0.00000000,0
5596.29202000,0.00008800,0.00000000,0
5596.60196000,0.00004667,0.00000000,0
5596.78078000,0.00001877,0.00000000,0
5597.05496000,0.00002144,0.00000000,0
5597.20993000,0.00004413,0.00000000,0
5597.87750000,0.00004372,0.00000000,0
5598.09208000,0.00003964,0.00000000,0
5598.89078000,0.00000000,0.00000000,0
5599.02191000,0.00000000,0.00000000,0
5599.28417000,0.00036460,0.00000000,0
5600.05903000,0.00008043,0.00000000,0
5600.17824000,0.00001893,0.00000000,0
5600.42858000,0.00000000,0.00000000,0
5600.54779000,0.00000000,0.00000000,0
5600.83389000,0.00003732,0.00001899,10
5600.90542000,0.00004303,0.00003372,13
5601.38226000,0.00000000,0.00000000,0
5602.65779000,0.00004013,0.00000000,0
5603.02734000,0.00002871,0.00000000,0
5604.80356000,0.00000000,0.00000000,0
5605.00622000,0.00002091,0.00000000,0
5605.51882000,0.00000000,0.00000000,0
5605.80492000,0.00001864,0.00000000,0
5607.60498000,0.00000000,0.00000000,0
5612.15878000,0.00000000,0.00000000,0
5613.26742000,0.00000000,0.00000000,0
5614.42375000,0.00000000,0.00000000,0
5615.24630000,0.00002003,0.00000000,0
5619.15636000,0.00000000,0.00000000,0
5620.31269000,0.00000000,0.00000000,0
5620.46766000,0.00000000,0.00000000,0
5621.20676000,0.00000000,0.00000000,0
5621.30213000,0.00000000,0.00000000,0
5621.36173000,0.00000000,0.00000000,0
5621.44518000,0.00000000,0.00000000,0
5621.51670000,0.00000000,0.00000000,0
5621.60015000,0.00000000,0.00000000,0
5621.65976000,0.00000000,0.00000000,0
5621.80281000,0.00000000,0.00000000,0
5621.89817000,0.00000000,0.00000000,0
5621.96970000,0.00001817,0.00000000,0
5622.00546000,0.00000000,0.00000000,0
5622.05315000,0.00000000,0.00000000,0
5622.10083000,0.00000000,0.00000000,0
5622.16043000,0.00000000,0.00000000,0
5622.20812000,0.00000000,0.00000000,0
5622.25580000,0.00000000,0.00000000,0
5622.30349000,0.00000000,0.00000000,0
5622.35117000,0.00000000,0.00000000,0
5622.39885000,0.00000000,0.00000000,0
5622.44654000,0.00000000,0.00000000,0
5622.49422000,0.00000000,0.00000000,0
5622.55383000,0.00000000,0.00000000,0
5622.60151000,0.00001791,0.00000000,0
5622.68496000,0.00000000,0.00000000,0
5623.17371000,0.00000000,0.00000000,0
5623.18563000,0.00002427,0.00001828,13
5623.31676000,0.00000000,0.00000000,0
5623.47174000,0.00001854,0.00000000,0
5623.51942000,0.00000000,0.00000000,0
5623.56710000,0.00000000,0.00000000,0
5623.61479000,0.00000000,0.00000000,0
5623.66247000,0.00000000,0.00000000,0
5623.71016000,0.00000000,0.00000000,0
5623.76976000,0.00000000,0.00000000,0
5623.81744000,0.00000000,0.00000000,0
5623.86513000,0.00000000,0.00000000,0
5623.91281000,0.00000000,0.00000000,0
5623.96049000,0.00000000,0.00000000,0
5624.00818000,0.00000000,0.00000000,0
5624.06778000,0.00000000,0.00000000,0
5624.11547000,0.00000000,0.00000000,0
5624.21083000,0.00000000,0.00000000,0
5624.25852000,0.00000000,0.00000000,0
5624.30620000,0.00000000,0.00000000,0
5624.36581000,0.00000000,0.00000000,0
5624.46117000,0.00000000,0.00000000,0
5624.59230000,0.00000000,0.00000000,0
5624.86649000,0.00000000,0.00000000,0
5624.98569000,0.00005416,0.00002053,8
5625.25988000,0.00000000,0.00000000,0
5625.65327000,0.00003117,0.00000000,0
5626.29700000,0.00000000,0.00000000,0
5627.11954000,0.00000000,0.00000000,0
5628.43084000,0.00000000,0.00000000,0
5628.47853000,0.00003400,0.00000000,0
5629.33683000,0.00001871,0.00000000,0
5629.95672000,0.00000000,0.00000000,0
5630.09977000,0.00007311,0.00000000,0
5632.60317000,0.00001804,0.00000000,0
5632.86543000,0.00001791,0.00000000,0
5632.93695000,0.00000000,0.00000000,0
5633.21114000,0.00002628,0.00000000,0
5633.49724000,0.00000000,0.00000000,0
5634.04560000,0.00001929,0.00000000,0
5634.41515000,0.00000000,0.00000000,0
5635.09464000,0.00004019,0.00000000,0
5635.64301000,0.00002708,0.00000000,0
5636.51323000,0.00001914,0.00000000,0
5636.64436000,0.00002755,0.00001958,13
5636.90662000,0.00000000,0.00000000,0
5637.87222000,0.00007801,0.00002301,6
5637.93182000,0.00027067,0.00000000,0
5638.25369000,0.00000000,0.00000000,0
5638.42058000,0.00000000,0.00000000,0
5638.57555000,0.00000000,0.00000000,0
5638.67092000,0.00004726,0.00000000,0
5640.30409000,0.00024396,0.00000000,0
5640.51867000,0.00000000,0.00000000,0
5640.90014000,0.00000000,0.00000000,0
5641.15047000,0.00002296,0.00000000,0
5641.80613000,0.00000000,0.00000000,0
5642.28296000,0.00000000,0.00000000,0
5643.08167000,0.00000000,0.00000000,0
5644.32144000,0.00000000,0.00000000,0
5646.33608000,0.00008687,0.00007237,14
5647.67122000,0.00002094,0.00000000,0
5648.30303000,0.00000000,0.00000000,0
5649.14942000,0.00004991,0.00000000,0
5649.28055000,0.00001865,0.00000000,0
5649.55473000,0.00002058,0.00000000,0
5650.18654000,0.00002015,0.00000000,0
5650.36535000,0.00000000,0.00000000,0
5651.62897000,0.00000000,0.00000000,0
5653.32174000,0.00001897,0.00000000,0
5654.44231000,0.00000000,0.00000000,0
5654.74033000,0.00000000,0.00000000,0
5655.03836000,0.00000000,0.00000000,0
5655.88474000,0.00000000,0.00000000,0
5657.36294000,0.00000000,0.00000000,0
5658.34045000,0.00001827,0.00000000,0
5659.05571000,0.00000000,0.00000000,0
5660.05707000,0.00012697,0.00000000,0
5660.40277000,0.00000000,0.00000000,0
5661.51142000,0.00000000,0.00000000,0
5661.83329000,0.00001845,0.00000000,0
5661.95250000,0.00000000,0.00000000,0
5662.25052000,0.00000000,0.00000000,0
5664.05058000,0.00002080,0.00000000,0
5664.50357000,0.00001888,0.00000000,0
5664.87312000,0.00000000,0.00000000,0
5664.95657000,0.00003269,0.00000000,0
5664.99233000,0.00002104,0.00000000,0
5665.36188000,0.00000000,0.00000000,0
5666.80431000,0.00004790,0.00000000,0
5667.01889000,0.00002092,0.00000000,0
5667.17386000,0.00000000,0.00000000,0
5667.31691000,0.00000000,0.00000000,0
5667.41228000,0.00000000,0.00000000,0
5667.67454000,0.00000000,0.00000000,0
5667.78183000,0.00006031,0.00000000,0
5668.62822000,0.00000000,0.00000000,0
5669.17658000,0.00000000,0.00000000,0
5670.27330000,0.00003599,0.00002199,11
5670.29715000,0.00003154,0.00002518,13
5670.33291000,0.00000000,0.00000000,0
5670.80975000,0.00002946,0.00000000,0
5671.40579000,0.00002642,0.00000000,0
5671.42963000,0.00002016,0.00000000,0
5671.60845000,0.00000000,0.00000000,0
5671.91839000,0.00004483,0.00003071,12
5671.93031000,0.00004287,0.00003184,13
5672.35947000,0.00019880,0.00007410,8
5672.40715000,0.00031006,0.00003160,1
5672.87207000,0.00003844,0.00002946,13
5673.07472000,0.00003346,0.00000000,0
5673.42043000,0.00088564,0.00005041,0
5673.51580000,0.00033323,0.00000000,0
5673.81382000,0.00011054,0.00000000,0
5674.30258000,0.00000000,0.00000000,0
5674.63636000,0.00010824,0.00000000,0
5676.93710000,0.00011284,0.00000000,0
5677.05631000,0.00000000,0.00000000,0
5677.10400000,0.00000000,0.00000000,0
5679.40474000,0.00005683,0.00000000,0
5679.48818000,0.00064717,0.00004299,1
5679.69084000,0.00000000,0.00000000,0
5680.01270000,0.00000000,0.00000000,0
5680.15575000,0.00000000,0.00000000,0
5680.25112000,0.00000000,0.00000000,0
5681.46706000,0.00002382,0.00000000,0
5681.86045000,0.00000000,0.00000000,0
5682.62339000,0.00010357,0.00000000,0
5682.99294000,0.00008660,0.00000000,0
5683.37440000,0.00029216,0.00001900,1
5683.38633000,0.00029527,0.00001875,1
5684.17311000,0.00000000,0.00000000,0
5684.72147000,0.00000000,0.00000000,0
5684.88836000,0.00000000,0.00000000,0
5686.81955000,0.00000000,0.00000000,0
5686.96260000,0.00000000,0.00000000,0
5689.15606000,0.00000000,0.00000000,0
5690.71770000,0.00004121,0.00000000,0
5692.41047000,0.00001937,0.00000000,0
5693.12572000,0.00013880,0.00010978,13
5693.61448000,0.00001913,0.00000000,0
5693.90059000,0.00000000,0.00000000,0
5694.12708000,0.00005293,0.00000000,0
5694.97347000,0.00000000,0.00000000,0
5695.09268000,0.00000000,0.00000000,0
5695.36686000,0.00000000,0.00000000,0
5695.41454000,0.00000000,0.00000000,0
5695.50991000,0.00000000,0.00000000,0
5695.59336000,0.00000000,0.00000000,0
5696.43974000,0.00000000,0.00000000,0
5696.52319000,0.00002650,0.00000000,0
5696.63048000,0.00000000,0.00000000,0
5697.69144000,0.00015221,0.00000000,0
5698.22788000,0.00001953,0.00000000,0
5699.56303000,0.00001955,0.00000000,0
5701.26772000,0.00002275,0.00000000,0
5701.57766000,0.00000000,0.00000000,0
5701.85184000,0.00001991,0.00000000,0
5702.26908000,0.00000000,0.00000000,0
5702.40021000,0.00002480,0.00000000,0
5705.05857000,0.00000000,0.00000000,0
5709.64813000,0.00000000,0.00000000,0
5709.74350000,0.00000000,0.00000000,0
5710.25610000,0.00002341,0.00000000,0
5710.38723000,0.00202131,0.00163549,14
5710.60181000,0.00001990,0.00000000,0
5710.86407000,0.00002125,0.00000000,0
5710.89983000,0.00000000,0.00000000,0
5711.65085000,0.00006737,0.00005170,13
5711.99656000,0.00011639,0.00001851,3
5712.04424000,0.00006602,0.00002482,8
5714.33306000,0.00002361,0.00000000,0
5716.51459000,0.00002811,0.00000000,0
5716.97950000,0.00008464,0.00003911,9
5717.37289000,0.00002097,0.00000000,0
5718.00470000,0.00001835,0.00000000,0
5719.08951000,0.00002189,0.00000000,0
5719.48290000,0.00004653,0.00000000,0
5720.10279000,0.00000000,0.00000000,0
5720.19815000,0.00001947,0.00000000,0
5720.84188000,0.00001840,0.00000000,0
5722.27240000,0.00000000,0.00000000,0
5722.42737000,0.00003572,0.00000000,0
5723.69099000,0.00001810,0.00000000,0
5725.26455000,0.00003834,0.00000000,0
5726.28975000,0.00000000,0.00000000,0
5727.04077000,0.00002517,0.00000000,0
5727.82755000,0.00003257,0.00000000,0
5727.88715000,0.00008590,0.00000000,0
5728.72162000,0.00000000,0.00000000,0
5729.07925000,0.00000000,0.00000000,0
5730.24750000,0.00000000,0.00000000,0
5730.52168000,0.00001841,0.00000000,0
5731.73761000,0.00003942,0.00000000,0
5733.65688000,0.00026218,0.00023412,14
5734.19333000,0.00002688,0.00000000,0
5735.02779000,0.00004250,0.00000000,0
5735.48079000,0.00004962,0.00000000,0
5736.30333000,0.00000000,0.00000000,0
5736.43446000,0.00002843,0.00000000,0
5737.23316000,0.00000000,0.00000000,0
5737.97226000,0.00015450,0.00000000,0
5739.05706000,0.00000000,0.00000000,0
5739.40277000,0.00002441,0.00000000,0
5739.53390000,0.00005264,0.00000000,0
5740.02266000,0.00003348,0.00000000,0
5742.13266000,0.00000000,0.00000000,0
5742.76447000,0.00004946,0.00000000,0
5742.91945000,0.00002580,0.00000000,0
5742.93137000,0.00002512,0.00000000,0
5743.21747000,0.00000000,0.00000000,0
5744.06385000,0.00000000,0.00000000,0
5744.75527000,0.00000000,0.00000000,0
5744.89832000,0.00000000,0.00000000,0
5745.94736000,0.00002184,0.00000000,0
5748.34347000,0.00000000,0.00000000,0
5749.09449000,0.00000000,0.00000000,0
5750.34618000,0.00003902,0.00000000,0
5751.10912000,0.00007208,0.00000000,0
5751.80054000,0.00000000,0.00000000,0
5752.38466000,0.00000000,0.00000000,0
5752.64692000,0.00005261,0.00004088,13
5752.70653000,0.00002226,0.00000000,0
5752.87342000,0.00002543,0.00000000,0
5753.11184000,0.00004251,0.00000000,0
5753.23105000,0.00005633,0.00000000,0
5753.49331000,0.00000000,0.00000000,0
5753.58868000,0.00003776,0.00000000,0
5753.74365000,0.00000000,0.00000000,0
5753.82710000,0.00000000,0.00000000,0
5755.18608000,0.00000000,0.00000000,0
5756.34241000,0.00001936,0.00000000,0
5757.61795000,0.00000000,0.00000000,0
5758.72660000,0.00002243,0.00000000,0
5758.83389000,0.00002131,0.00000000,0
5759.34649000,0.00004704,0.00000000,0
5760.66971000,0.00176734,0.00002522,0
5760.82468000,0.00001848,0.00000000,0
5763.11350000,0.00000000,0.00000000,0
5763.53073000,0.00002800,0.00000000,0
5764.60361000,0.00000000,0.00000000,0
5764.85395000,0.00017263,0.00000000,0
5764.96124000,0.00003579,0.00000000,0
5766.83283000,0.00004073,0.00000000,0
5767.04741000,0.00124350,0.00006871,0
5767.39311000,0.00003432,0.00000000,0
5767.61961000,0.00000000,0.00000000,0
5768.94283000,0.00268585,0.00013486,0
5770.42103000,0.00003661,0.00000000,0
5770.48063000,0.00000000,0.00000000,0
5772.23301000,0.00000000,0.00000000,0
5772.76945000,0.00000000,0.00000000,0
5775.90466000,0.00000000,0.00000000,0
5776.52454000,0.00001943,0.00000000,0
5776.90601000,0.00002284,0.00000000,0
5777.15635000,0.00001951,0.00000000,0
5777.94313000,0.00012840,0.00000000,0
5777.97890000,0.00009874,0.00001930,3
5779.51670000,0.00004845,0.00000000,0
5782.10354000,0.00004874,0.00003546,13
5783.08105000,0.00001801,0.00000000,0
5783.59365000,0.00030086,0.00000000,0
5784.73806000,0.00004038,0.00000000,0
5785.52485000,0.00001896,0.00000000,0
5786.75270000,0.00000000,0.00000000,0
5787.74214000,0.00002035,0.00000000,0
5788.62429000,0.00000000,0.00000000,0
5788.86271000,0.00013856,0.00000000,0
5789.95943000,0.00007345,0.00000000,0
5791.27073000,0.00000000,0.00000000,0
5792.35554000,0.00002236,0.00000000,0
5792.57011000,0.00002939,0.00000000,0
5792.79661000,0.00000000,0.00000000,0
5793.80989000,0.00003933,0.00000000,0
5793.92910000,0.00000000,0.00000000,0
5794.29865000,0.00004130,0.00000000,0
5794.68012000,0.00003599,0.00000000,0
5795.01390000,0.00094770,0.00081981,14
5795.02583000,0.00096150,0.00082980,14
5795.78876000,0.00033486,0.00000000,0
5796.51594000,0.00001830,0.00000000,0
5797.41001000,0.00001931,0.00000000,0
5797.80340000,0.00000000,0.00000000,0
5798.57826000,0.00004850,0.00000000,0
5799.60346000,0.00000000,0.00000000,0
5802.35720000,0.00002500,0.00000000,0
5802.94132000,0.00003674,0.00003014,14
5803.15590000,0.00004324,0.00000000,0
5803.62082000,0.00000000,0.00000000,0
5803.74002000,0.00006402,0.00000000,0
5803.89500000,0.00002857,0.00000000,0
5804.37183000,0.00000000,0.00000000,0
5804.71754000,0.00000000,0.00000000,0
5804.90828000,0.00003924,0.00000000,0
5805.28975000,0.00000000,0.00000000,0
5806.75602000,0.00000000,0.00000000,0
5807.00636000,0.00006533,0.00000000,0
5809.56936000,0.00002898,0.00000000,0
5810.42767000,0.00004358,0.00000000,0
5810.53495000,0.00000000,0.00000000,0
5812.19196000,0.00022846,0.00000000,0
5812.32309000,0.00014472,0.00000000,0
5812.43038000,0.00004029,0.00000000,0
5813.32445000,0.00002869,0.00000000,0
5813.62247000,0.00013676,0.00003643,5
5814.09931000,0.00028301,0.00000000,0
5814.27813000,0.00004561,0.00000000,0
5814.44502000,0.00000000,0.00000000,0
5815.20796000,0.00000000,0.00000000,0
5816.06627000,0.00004681,0.00000000,0
5816.26892000,0.00001976,0.00000000,0
5816.45966000,0.00015574,0.00000000,0
5818.53390000,0.00025934,0.00000000,0
5819.76175000,0.00001940,0.00000000,0
5820.25051000,0.00001996,0.00000000,0
5820.39356000,0.00117606,0.00085549,13
5821.06113000,0.00002165,0.00000000,0
5821.32339000,0.00000000,0.00000000,0
5822.80159000,0.00000000,0.00000000,0
5822.93272000,0.00003536,0.00000000,0
5823.05193000,0.00002492,0.00000000,0
5823.57645000,0.00000000,0.00000000,0
5823.74334000,0.00000000,0.00000000,0
5824.19634000,0.00000000,0.00000000,0
5824.36323000,0.00000000,0.00000000,0
5824.76854000,0.00013629,0.00000000,0
5826.21098000,0.00015094,0.00002072,2
5826.23482000,0.00013618,0.00002245,3
5826.64013000,0.00065902,0.00002707,0
5826.83086000,0.00037145,0.00000000,0
5826.91431000,0.00011785,0.00009538,14
5826.92623000,0.00012198,0.00009785,14
5827.80838000,0.00000000,0.00000000,0
5828.11832000,0.00064529,0.00003052,0
5828.13025000,0.00062585,0.00003131,0
5828.54748000,0.00088787,0.00002883,0
5829.38194000,0.00039106,0.00002482,1
5829.70381000,0.00002477,0.00000000,0
5830.46675000,0.00001955,0.00000000,0
5830.88398000,0.00046604,0.00000000,0
5831.25353000,0.00001901,0.00000000,0
5831.87342000,0.00003860,0.00000000,0
5831.94494000,0.00001808,0.00000000,0
5832.89862000,0.00001833,0.00000000,0
5833.23240000,0.00002804,0.00000000,0
5834.32913000,0.00002160,0.00000000,0
5834.91325000,0.00000000,0.00000000,0
5834.96094000,0.00003135,0.00000000,0
5835.16359000,0.00000000,0.00000000,0
5835.75964000,0.00000000,0.00000000,0
5835.83117000,0.00000000,0.00000000,0
5836.09343000,0.00000000,0.00000000,0
5836.26032000,0.00003815,0.00000000,0
5837.19015000,0.00020261,0.00015190,13
5837.30936000,0.00009989,0.00000000,0
5837.33320000,0.00009511,0.00000000,0
5838.22727000,0.00000000,0.00000000,0
5838.66835000,0.00000000,0.00000000,0
5839.37168000,0.00000000,0.00000000,0
5839.57434000,0.00000000,0.00000000,0
5840.14654000,0.00001925,0.00000000,0
5843.54401000,0.00000000,0.00000000,0
5843.65129000,0.00000000,0.00000000,0
5844.39039000,0.00000000,0.00000000,0
5844.60497000,0.00000000,0.00000000,0
5845.08181000,0.00000000,0.00000000,0
5845.83282000,0.00007636,0.00000000,0
5846.59576000,0.00002044,0.00000000,0
5846.70305000,0.00000000,0.00000000,0
5846.75074000,0.00001915,0.00000000,0
5847.60904000,0.00002878,0.00000000,0
5850.37470000,0.00029367,0.00000000,0
5850.98267000,0.00000000,0.00000000,0
5852.91386000,0.00000000,0.00000000,0
5854.59471000,0.00003925,0.00000000,0
5854.85697000,0.00000000,0.00000000,0
5854.96426000,0.00004214,0.00000000,0
5855.28612000,0.00000000,0.00000000,0
5856.02522000,0.00022839,0.00000000,0
5856.57358000,0.00000000,0.00000000,0
5856.69279000,0.00000000,0.00000000,0
5857.14579000,0.00000000,0.00000000,0
5857.57494000,0.00003958,0.00000000,0
5858.14714000,0.00002066,0.00000000,0
5858.96969000,0.00000000,0.00000000,0
5860.67438000,0.00078593,0.00000000,0
5860.75783000,0.00007725,0.00000000,0
5861.31811000,0.00000000,0.00000000,0
5861.69958000,0.00000000,0.00000000,0
5862.33139000,0.00001898,0.00000000,0
5862.78439000,0.00000000,0.00000000,0
5864.17913000,0.00001873,0.00000000,0
5865.68117000,0.00000000,0.00000000,0
5866.19377000,0.00000000,0.00000000,0
5866.49179000,0.00000000,0.00000000,0
5866.96863000,0.00002796,0.00002040,13
5867.14745000,0.00000000,0.00000000,0
5867.56468000,0.00000000,0.00000000,0
5869.67468000,0.00002572,0.00000000,0
5869.84158000,0.00003438,0.00002762,14
5870.18728000,0.00000000,0.00000000,0
5870.92638000,0.00002633,0.00000000,0
5871.46282000,0.00004425,0.00002559,11
5871.89198000,0.00011007,0.00006872,12
5872.07079000,0.00007250,0.00005084,12
5872.08271000,0.00007160,0.00005174,13
5872.39265000,0.00004311,0.00002818,12
5872.59531000,0.00002120,0.00000000,0
5872.78605000,0.00001900,0.00000000,0
5872.92910000,0.00005708,0.00003691,12
5873.06023000,0.00000000,0.00000000,0
5873.53706000,0.00000000,0.00000000,0
5875.31328000,0.00000000,0.00000000,0
5875.53978000,0.00006414,0.00004364,12
5875.76628000,0.00000000,0.00000000,0
5876.13583000,0.00000000,0.00000000,0
5876.58882000,0.00000000,0.00000000,0
5877.64978000,0.00002695,0.00000000,0
5877.90012000,0.00000000,0.00000000,0
5878.32928000,0.00000000,0.00000000,0
5878.38888000,0.00000000,0.00000000,0
5878.47233000,0.00000000,0.00000000,0
5878.50809000,0.00000000,0.00000000,0
5878.66306000,0.00006079,0.00005199,14
5878.91340000,0.00000000,0.00000000,0
5879.87900000,0.00000000,0.00000000,0
5882.10821000,0.00000000,0.00000000,0
5882.53736000,0.00002624,0.00000000,0
5882.59697000,0.00000000,0.00000000,0
5882.95460000,0.00000000,0.00000000,0
5883.52680000,0.00002219,0.00000000,0
5883.59833000,0.00000000,0.00000000,0
5884.08709000,0.00000000,0.00000000,0
5884.23014000,0.00002747,0.00000000,0
5884.65929000,0.00003868,0.00000000,0
5887.00771000,0.00000000,0.00000000,0
5887.65144000,0.00000000,0.00000000,0
5887.96139000,0.00000000,0.00000000,0
5890.54823000,0.00010165,0.00008127,13
5891.57343000,0.00000000,0.00000000,0
5893.09931000,0.00020214,0.00000000,0
5893.26620000,0.00012110,0.00008902,13
5893.27812000,0.00012405,0.00009060,13
5893.71920000,0.00002275,0.00000000,0
5895.14971000,0.00015116,0.00000000,0
5895.68615000,0.00001808,0.00000000,0
5897.70079000,0.00004315,0.00000000,0
5897.93921000,0.00000000,0.00000000,0
5898.29683000,0.00000000,0.00000000,0
5899.29819000,0.00000000,0.00000000,0
5899.72734000,0.00000000,0.00000000,0
5899.89424000,0.00008455,0.00001839,4
5899.93000000,0.00006475,0.00002174,7
5900.20418000,0.00002094,0.00000000,0
5900.58565000,0.00000000,0.00000000,0
5902.24266000,0.00028699,0.00000000,0
5902.54068000,0.00000000,0.00000000,0
5903.84007000,0.00030470,0.00000000,0
5905.06792000,0.00000000,0.00000000,0
5906.08120000,0.00000000,0.00000000,0
5906.41499000,0.00003121,0.00000000,0
5906.96335000,0.00000000,0.00000000,0
5907.13024000,0.00000000,0.00000000,0
5908.19120000,0.00002423,0.00000000,0
5908.72765000,0.00000000,0.00000000,0
5909.14488000,0.00000000,0.00000000,0
5910.87341000,0.00000000,0.00000000,0
5911.15952000,0.00006343,0.00005219,14
5911.68404000,0.00000000,0.00000000,0
5912.62579000,0.00000000,0.00000000,0
5913.19799000,0.00003124,0.00000000,0
5914.19935000,0.00024159,0.00002382,1
5914.24704000,0.00012521,0.00003577,5
5914.64043000,0.00001840,0.00000000,0
5915.37952000,0.00006896,0.00000000,0
5915.73715000,0.00002021,0.00000000,0
5916.07094000,0.00000000,0.00000000,0
5916.57162000,0.00001828,0.00000000,0
5916.65506000,0.00010229,0.00000000,0
5917.81139000,0.00000000,0.00000000,0
5919.93332000,0.00000000,0.00000000,0
5920.64857000,0.00002197,0.00000000,0
5920.72010000,0.00000000,0.00000000,0
5921.04197000,0.00000000,0.00000000,0
5924.72553000,0.00012038,0.00000000,0
5924.82090000,0.00015886,0.00000000,0
5925.09508000,0.00000000,0.00000000,0
5925.45271000,0.00000000,0.00000000,0
5926.14412000,0.00009195,0.00000000,0
5926.17989000,0.00013106,0.00000000,0
5926.40638000,0.00000000,0.00000000,0
5927.94418000,0.00000000,0.00000000,0
5929.32701000,0.00000000,0.00000000,0
5929.44622000,0.00000000,0.00000000,0
5930.53102000,0.00000000,0.00000000,0
5930.92442000,0.00000000,0.00000000,0
5932.10459000,0.00000000,0.00000000,0
5932.41453000,0.00000000,0.00000000,0
5933.61855000,0.00000000,0.00000000,0
5934.02386000,0.00000000,0.00000000,0
5935.28748000,0.00016122,0.00000000,0
5936.03849000,0.00000000,0.00000000,0
5936.36036000,0.00022480,0.00000000,0
5939.36443000,0.00000000,0.00000000,0
5941.80822000,0.00002387,0.00000000,0
5942.38043000,0.00000000,0.00000000,0
5943.96591000,0.00000000,0.00000000,0
5946.30241000,0.00000000,0.00000000,0
5947.57795000,0.00000000,0.00000000,0
5947.81637000,0.00000000,0.00000000,0
5949.38993000,0.00002677,0.00000000,0
5950.21248000,0.00000000,0.00000000,0
5950.92773000,0.00003389,0.00000000,0
5952.02446000,0.00000000,0.00000000,0
5953.18079000,0.00000000,0.00000000,0
5953.53842000,0.00000000,0.00000000,0
5957.63922000,0.00001955,0.00000000,0
5958.47368000,0.00001808,0.00000000,0
5959.47504000,0.00018577,0.00002437,2
5959.55849000,0.00004569,0.00000000,0
5961.15589000,0.00000000,0.00000000,0
5961.65657000,0.00000000,0.00000000,0
5964.05268000,0.00000000,0.00000000,0
5964.46991000,0.00000000,0.00000000,0
5965.60240000,0.00000000,0.00000000,0
5966.19844000,0.00001902,0.00000000,0
5968.14156000,0.00003647,0.00000000,0
5968.72568000,0.00001892,0.00000000,0
5969.04755000,0.00002481,0.00000000,0
5969.57207000,0.00007991,0.00005703,13
5970.08467000,0.00004482,0.00003808,14
5971.63439000,0.00000000,0.00000000,0
5972.19467000,0.00000000,0.00000000,0
5973.02914000,0.00000000,0.00000000,0
5973.81592000,0.00006919,0.00000000,0
5974.19739000,0.00002052,0.00000000,0
5974.85304000,0.00005134,0.00000000,0
5976.10474000,0.00000000,0.00000000,0
5976.29547000,0.00000000,0.00000000,0
5978.16706000,0.00007718,0.00000000,0
5978.79887000,0.00000000,0.00000000,0
5981.60028000,0.00006807,0.00000000,0
5982.07712000,0.00000000,0.00000000,0
5982.85198000,0.00000000,0.00000000,0
5983.06656000,0.00000000,0.00000000,0
5986.60707000,0.00003517,0.00000000,0
5987.97798000,0.00000000,0.00000000,0
5989.52770000,0.00004456,0.00000000,0
5989.57539000,0.00001822,0.00000000,0
5991.56618000,0.00000000,0.00000000,0
5992.49601000,0.00000000,0.00000000,0
5993.73579000,0.00001878,0.00000000,0
5993.95037000,0.00000000,0.00000000,0
5994.78483000,0.00000000,0.00000000,0
5995.28551000,0.00000000,0.00000000,0
5995.42856000,0.00000000,0.00000000,0
5995.71466000,0.00000000,0.00000000,0
5996.42992000,0.00001842,0.00000000,0
5996.96636000,0.00004470,0.00001905,8
5996.97828000,0.00004808,0.00001887,8
5998.00348000,0.00000000,0.00000000,0
5999.73202000,0.00000000,0.00000000,0
6000.28038000,0.00002886,0.00000000,0
6000.32806000,0.00000000,0.00000000,0
6000.60225000,0.00007216,0.00000000,0
6001.09100000,0.00000000,0.00000000,0
6001.23405000,0.00000000,0.00000000,0
6001.86586000,0.00000000,0.00000000,0
6002.43807000,0.00003583,0.00000000,0
6002.91491000,0.00000000,0.00000000,0
6003.92818000,0.00000000,0.00000000,0
6005.29909000,0.00000000,0.00000000,0
6005.87130000,0.00000000,0.00000000,0
6006.88457000,0.00000000,0.00000000,0
6007.05147000,0.00000000,0.00000000,0
6007.14684000,0.00000000,0.00000000,0
6007.48062000,0.00000000,0.00000000,0
6007.86209000,0.00000000,0.00000000,0
6009.59063000,0.00000000,0.00000000,0
6010.12707000,0.00000000,0.00000000,0
6010.81848000,0.00000000,0.00000000,0
6011.41453000,0.00000000,0.00000000,0
6011.55758000,0.00000000,0.00000000,0
6011.66487000,0.00000000,0.00000000,0
6013.39340000,0.00000000,0.00000000,0
6013.52453000,0.00000000,0.00000000,0
6014.18018000,0.00000000,0.00000000,0
6014.52589000,0.00000000,0.00000000,0
6015.55109000,0.00004586,0.00000000,0
6015.89680000,0.00000000,0.00000000,0
6016.01601000,0.00000000,0.00000000,0
6016.21866000,0.00000000,0.00000000,0
6016.43324000,0.00000000,0.00000000,0
6018.01872000,0.00000000,0.00000000,0
6018.32867000,0.00008658,0.00006165,13
6018.40019000,0.00033890,0.00001820,0
6018.45980000,0.00011967,0.00000000,0
6018.66245000,0.00003012,0.00000000,0
6018.71014000,0.00006152,0.00000000,0
6019.18697000,0.00000000,0.00000000,0
6019.43731000,0.00000000,0.00000000,0
6019.49692000,0.00000000,0.00000000,0
6019.65189000,0.00000000,0.00000000,0
6019.77110000,0.00000000,0.00000000,0
6020.21217000,0.00012315,0.00000000,0
6020.30754000,0.00003658,0.00000000,0
6020.35522000,0.00005021,0.00001944,8
6020.41483000,0.00000000,0.00000000,0
6020.66517000,0.00000000,0.00000000,0
6021.90495000,0.00000000,0.00000000,0
6022.58444000,0.00000000,0.00000000,0
6023.76461000,0.00002514,0.00000000,0
6024.05071000,0.00000000,0.00000000,0
6024.21761000,0.00000000,0.00000000,0
6024.52755000,0.00000000,0.00000000,0
6024.74213000,0.00000000,0.00000000,0
6025.46930000,0.00000000,0.00000000,0
6025.75541000,0.00000000,0.00000000,0
6026.22032000,0.00004199,0.00000000,0
6026.60179000,0.00000000,0.00000000,0
6028.40185000,0.00000000,0.00000000,0
6028.99790000,0.00001827,0.00000000,0
6029.40321000,0.00000000,0.00000000,0
6029.57010000,0.00004723,0.00000000,0
6029.76084000,0.00000000,0.00000000,0
6030.91717000,0.00014725,0.00000000,0
6033.30135000,0.00006499,0.00002757,8
6033.42056000,0.00002685,0.00000000,0
6034.13582000,0.00000000,0.00000000,0
6034.51729000,0.00002054,0.00000000,0
6034.82723000,0.00000000,0.00000000,0
6035.31599000,0.00000000,0.00000000,0
6035.59017000,0.00003687,0.00000000,0
6036.22198000,0.00000000,0.00000000,0
6036.37695000,0.00000000,0.00000000,0
6036.50808000,0.00002318,0.00000000,0
6038.06973000,0.00000000,0.00000000,0
6039.44063000,0.00000000,0.00000000,0
6040.16781000,0.00002533,0.00000000,0
6041.22877000,0.00000000,0.00000000,0
6041.39566000,0.00000000,0.00000000,0
6041.56256000,0.00000000,0.00000000,0
6041.95595000,0.00002726,0.00000000,0
6042.70697000,0.00001984,0.00000000,0
6043.04075000,0.00002712,0.00000000,0
6045.15076000,0.00000000,0.00000000,0
6045.26997000,0.00000000,0.00000000,0
6045.46070000,0.00000000,0.00000000,0
6045.81833000,0.00000000,0.00000000,0
6046.89121000,0.00001940,0.00000000,0
6047.26076000,0.00000000,0.00000000,0
6047.73760000,0.00003937,0.00002111,10
6048.51246000,0.00000000,0.00000000,0
6048.64359000,0.00000000,0.00000000,0
6048.76280000,0.00000000,0.00000000,0
6049.14427000,0.00003572,0.00000000,0
6051.00393000,0.00003915,0.00000000,0
6053.91264000,0.00114835,0.00002118,0
6054.66366000,0.00000000,0.00000000,0
6055.15242000,0.00000000,0.00000000,0
6055.35507000,0.00000000,0.00000000,0
6056.55909000,0.00004059,0.00001989,9
6056.58293000,0.00003588,0.00000000,0
6057.46508000,0.00002033,0.00000000,0
6057.48892000,0.00000000,0.00000000,0
6058.90751000,0.00003511,0.00002112,11
6059.21745000,0.00000000,0.00000000,0
6059.56316000,0.00000000,0.00000000,0
6060.44531000,0.00000000,0.00000000,0
6060.56452000,0.00000000,0.00000000,0
6060.99367000,0.00000000,0.00000000,0
6061.53011000,0.00000000,0.00000000,0
6062.25729000,0.00000000,0.00000000,0
6064.26001000,0.00000000,0.00000000,0
6064.83221000,0.00002243,0.00000000,0
6065.13023000,0.00000000,0.00000000,0
6065.38057000,0.00000000,0.00000000,0
6065.53555000,0.00000000,0.00000000,0
6066.17928000,0.00000000,0.00000000,0
6067.16871000,0.00000000,0.00000000,0
6069.12374000,0.00000000,0.00000000,0
6070.57810000,0.00000000,0.00000000,0
6070.75691000,0.00000000,0.00000000,0
6071.72251000,0.00004440,0.00000000,0
6072.64042000,0.00000000,0.00000000,0
6075.59681000,0.00000000,0.00000000,0
6076.75314000,0.00000000,0.00000000,0
6077.63529000,0.00000000,0.00000000,0
6078.24326000,0.00000000,0.00000000,0
6078.64857000,0.00000000,0.00000000,0
6079.90026000,0.00002934,0.00001828,12
6080.28173000,0.00000000,0.00000000,0
6080.72281000,0.00006224,0.00000000,0
6080.73473000,0.00006348,0.00000000,0
6080.85394000,0.00006031,0.00000000,0
6081.60496000,0.00000000,0.00000000,0
6081.96259000,0.00000000,0.00000000,0
6082.11756000,0.00000000,0.00000000,0
6084.31101000,0.00005633,0.00000000,0
6084.78785000,0.00000000,0.00000000,0
6085.24084000,0.00000000,0.00000000,0
6085.88457000,0.00000000,0.00000000,0
6086.00378000,0.00000000,0.00000000,0
6086.38525000,0.00000000,0.00000000,0
6086.56406000,0.00000000,0.00000000,0
6088.28068000,0.00004238,0.00003621,14
6088.55486000,0.00000000,0.00000000,0
6088.97209000,0.00002728,0.00002062,13
6088.98401000,0.00002606,0.00002111,14
6089.34164000,0.00000000,0.00000000,0
6089.55622000,0.00000000,0.00000000,0
6089.71119000,0.00013908,0.00000000,0
6090.23571000,0.00003010,0.00000000,0
6091.04633000,0.00000000,0.00000000,0
6091.18938000,0.00000000,0.00000000,0
6091.32051000,0.00000000,0.00000000,0
6091.49933000,0.00000000,0.00000000,0
6092.26227000,0.00000000,0.00000000,0
6092.83447000,0.00001996,0.00000000,0
6093.29939000,0.00000000,0.00000000,0
6093.70470000,0.00000000,0.00000000,0
6093.85967000,0.00000000,0.00000000,0
6094.77758000,0.00000000,0.00000000,0
6095.27826000,0.00000000,0.00000000,0
6096.52996000,0.00003141,0.00000000,0
6097.66245000,0.00000000,0.00000000,0
6099.30754000,0.00001924,0.00000000,0
6099.98703000,0.00000000,0.00000000,0
6101.34602000,0.00005465,0.00000000,0
6101.58443000,0.00000000,0.00000000,0
6102.41890000,0.00000000,0.00000000,0
6102.75269000,0.00000000,0.00000000,0
6102.95534000,0.00000000,0.00000000,0
6104.25472000,0.00025061,0.00002218,1
6104.44546000,0.00003916,0.00000000,0
6104.68388000,0.00002082,0.00000000,0
6105.58987000,0.00004164,0.00000000,0
6105.87597000,0.00000000,0.00000000,0
6106.30512000,0.00000000,0.00000000,0
6106.41241000,0.00006357,0.00000000,0
6107.02038000,0.00003209,0.00001991,12
6107.41377000,0.00000000,0.00000000,0
6107.60450000,0.00005299,0.00001994,8
6108.14095000,0.00000000,0.00000000,0
6108.18863000,0.00001853,0.00000000,0
6108.57010000,0.00001901,0.00000000,0
6108.68931000,0.00002134,0.00000000,0
6109.16615000,0.00000000,0.00000000,0
6109.36880000,0.00002346,0.00000000,0
6109.41648000,0.00000000,0.00000000,0
6110.53705000,0.00000000,0.00000000,0
6112.77819000,0.00001815,0.00000000,0
6113.06429000,0.00001995,0.00000000,0
6113.55305000,0.00000000,0.00000000,0
6113.68418000,0.00000000,0.00000000,0
6114.12525000,0.00005836,0.00000000,0
6114.86435000,0.00000000,0.00000000,0
6116.15181000,0.00002511,0.00000000,0
6116.95051000,0.00002722,0.00000000,0
6117.51080000,0.00019255,0.00000000,0
6117.79690000,0.00000000,0.00000000,0
6118.21413000,0.00002172,0.00000000,0
6118.77441000,0.00002055,0.00000000,0
6119.02475000,0.00000000,0.00000000,0
6119.31086000,0.00000000,0.00000000,0
6119.59696000,0.00003197,0.00002699,14
6120.51487000,0.00000000,0.00000000,0
6120.61024000,0.00003890,0.00001832,9
6120.64600000,0.00003316,0.00002711,14
6120.82481000,0.00000000,0.00000000,0
6121.15860000,0.00000000,0.00000000,0
6121.39702000,0.00000000,0.00000000,0
6121.79041000,0.00000000,0.00000000,0
6121.89770000,0.00006209,0.00000000,0
6124.66335000,0.00002124,0.00000000,0
6125.05674000,0.00000000,0.00000000,0
6125.54550000,0.00000000,0.00000000,0
6125.76008000,0.00001843,0.00000000,0
6127.05946000,0.00002090,0.00000000,0
6127.94161000,0.00002117,0.00000000,0
6128.22771000,0.00003376,0.00000000,0
6128.34692000,0.00000000,0.00000000,0
6128.96681000,0.00000000,0.00000000,0
6130.38540000,0.00000000,0.00000000,0
6130.95760000,0.00000000,0.00000000,0
6132.28083000,0.00000000,0.00000000,0
6132.51925000,0.00000000,0.00000000,0
6134.76038000,0.00000000,0.00000000,0
6135.48756000,0.00000000,0.00000000,0
6135.76174000,0.00000000,0.00000000,0
6136.72733000,0.00000000,0.00000000,0
6138.65852000,0.00000000,0.00000000,0
6140.10096000,0.00000000,0.00000000,0
6143.35537000,0.00000000,0.00000000,0
6143.86797000,0.00109161,0.00000000,0
6143.99910000,0.00001820,0.00000000,0
6144.03486000,0.00000000,0.00000000,0
6144.34481000,0.00000000,0.00000000,0
6145.56074000,0.00000000,0.00000000,0
6148.01645000,0.00000000,0.00000000,0
6149.95956000,0.00000000,0.00000000,0
6150.22182000,0.00000000,0.00000000,0
6151.02053000,0.00004380,0.00002095,9
6151.04437000,0.00004017,0.00002235,11
6154.00076000,0.00004693,0.00000000,0
6154.97828000,0.00002024,0.00000000,0
6156.48031000,0.00000000,0.00000000,0
6157.00483000,0.00000000,0.00000000,0
6158.79297000,0.00000000,0.00000000,0
6159.12676000,0.00001901,0.00000000,0
6160.73608000,0.00000000,0.00000000,0
6160.81953000,0.00002088,0.00000000,0
6161.18908000,0.00000000,0.00000000,0
6161.23676000,0.00001793,0.00000000,0
6161.42750000,0.00000000,0.00000000,0
6161.54671000,0.00000000,0.00000000,0
6162.81033000,0.00005015,0.00000000,0
6163.95473000,0.00006256,0.00000000,0
6164.38389000,0.00000000,0.00000000,0
6165.17067000,0.00000000,0.00000000,0
6166.38660000,0.00000000,0.00000000,0
6176.01871000,0.00000000,0.00000000,0
6176.92471000,0.00000000,0.00000000,0
6177.34194000,0.00000000,0.00000000,0
6178.02143000,0.00000000,0.00000000,0
6178.56979000,0.00001804,0.00000000,0
6179.05855000,0.00000000,0.00000000,0
6179.47578000,0.00000000,0.00000000,0
6179.59499000,0.00002606,0.00000000,0
6182.87325000,0.00000000,0.00000000,0
6183.12359000,0.00007852,0.00000000,0
6184.45873000,0.00000000,0.00000000,0
6184.70907000,0.00000000,0.00000000,0
6184.80444000,0.00000000,0.00000000,0
6186.23495000,0.00000000,0.00000000,0
6186.42569000,0.00088789,0.00003885,0
6186.52105000,0.00004731,0.00001871,8
6187.26015000,0.00000000,0.00000000,0
6187.52241000,0.00000000,0.00000000,0
6187.71315000,0.00002279,0.00000000,0
6187.96349000,0.00004266,0.00000000,0
6188.22575000,0.00000000,0.00000000,0
6188.38072000,0.00000000,0.00000000,0
6189.16750000,0.00000000,0.00000000,0
6189.28671000,0.00000000,0.00000000,0
6189.77547000,0.00000000,0.00000000,0
6189.91852000,0.00000000,0.00000000,0
6190.86027000,0.00000000,0.00000000,0
6192.29078000,0.00000000,0.00000000,0
6194.97299000,0.00006660,0.00000000,0
6195.35446000,0.00000000,0.00000000,0
6197.60752000,0.00000000,0.00000000,0
6198.62080000,0.00002228,0.00001980,14
6199.52679000,0.00000000,0.00000000,0
6199.83673000,0.00000000,0.00000000,0
6200.33741000,0.00000000,0.00000000,0
6200.59967000,0.00000000,0.00000000,0
6200.70696000,0.00000000,0.00000000,0
6202.68583000,0.00000000,0.00000000,0
6203.13883000,0.00000000,0.00000000,0
6203.26996000,0.00000000,0.00000000,0
6204.11634000,0.00000000,0.00000000,0
6204.87928000,0.00001975,0.00000000,0
6205.80912000,0.00003896,0.00000000,0
6206.84624000,0.00002144,0.00000000,0
6206.94160000,0.00000000,0.00000000,0
6207.33500000,0.00000000,0.00000000,0
6207.97873000,0.00000000,0.00000000,0
6209.89799000,0.00000000,0.00000000,0
6211.73382000,0.00000000,0.00000000,0
6212.69941000,0.00000000,0.00000000,0
6213.89151000,0.00000000,0.00000000,0
6214.03456000,0.00000000,0.00000000,0
6214.48755000,0.00000000,0.00000000,0
6216.01343000,0.00000000,0.00000000,0
6216.19225000,0.00000000,0.00000000,0
6216.28761000,0.00000000,0.00000000,0
6217.07439000,0.00000000,0.00000000,0
6217.73005000,0.00000000,0.00000000,0
6218.46914000,0.00000000,0.00000000,0
6224.26271000,0.00000000,0.00000000,0
6224.42961000,0.00013748,0.00000000,0
6224.67995000,0.00000000,0.00000000,0
6225.06142000,0.00003087,0.00000000,0
6225.14486000,0.00000000,0.00000000,0
6225.97933000,0.00002391,0.00000000,0
6226.02701000,0.00000000,0.00000000,0
6227.69594000,0.00001993,0.00000000,0
6228.42312000,0.00000000,0.00000000,0
6228.57809000,0.00008097,0.00001804,4
6228.66154000,0.00002509,0.00000000,0
6230.36623000,0.00000000,0.00000000,0
6230.50928000,0.00000000,0.00000000,0
6230.97420000,0.00000000,0.00000000,0
6231.20070000,0.00000000,0.00000000,0
6231.34375000,0.00000000,0.00000000,0
6231.51064000,0.00002297,0.00000000,0
6232.73849000,0.00002990,0.00000000,0
6232.92923000,0.00000000,0.00000000,0
6234.44319000,0.00000000,0.00000000,0
6236.24325000,0.00004705,0.00002110,9
6236.29093000,0.00008864,0.00001868,3
6238.10291000,0.00000000,0.00000000,0
6238.73472000,0.00000000,0.00000000,0
6238.88969000,0.00010001,0.00000000,0
6239.85529000,0.00000000,0.00000000,0
6240.41557000,0.00000000,0.00000000,0
6240.78512000,0.00000000,0.00000000,0
6241.76264000,0.00000000,0.00000000,0
6242.02490000,0.00000000,0.00000000,0
6242.35868000,0.00000000,0.00000000,0
6243.20507000,0.00000000,0.00000000,0
6243.62230000,0.00000000,0.00000000,0
6244.00377000,0.00002172,0.00001919,14
6244.03954000,0.00002739,0.00000000,0
6244.27795000,0.00002283,0.00000000,0
6245.41044000,0.00000000,0.00000000,0
6246.99593000,0.00000000,0.00000000,0
6248.91520000,0.00002079,0.00000000,0
6248.92712000,0.00001984,0.00000000,0
6249.55893000,0.00001828,0.00000000,0
6249.70198000,0.00000000,0.00000000,0
6250.78678000,0.00000000,0.00000000,0
6250.92983000,0.00000000,0.00000000,0
6251.27554000,0.00000000,0.00000000,0
6251.46627000,0.00000000,0.00000000,0
6251.70469000,0.00002805,0.00000000,0
6251.96695000,0.00005484,0.00000000,0
6253.37362000,0.00001863,0.00000000,0
6254.32730000,0.00000000,0.00000000,0
6255.43594000,0.00005088,0.00004037,13
6256.17504000,0.00000000,0.00000000,0
6256.65188000,0.00014859,0.00002862,3
6257.80821000,0.00000000,0.00000000,0
6257.96318000,0.00000000,0.00000000,0
6258.80957000,0.00000000,0.00000000,0
6259.00030000,0.00000000,0.00000000,0
6261.02686000,0.00000000,0.00000000,0
6261.20567000,0.00000000,0.00000000,0
6262.58850000,0.00000000,0.00000000,0
6262.88652000,0.00000000,0.00000000,0
6263.20839000,0.00000000,0.00000000,0
6263.63754000,0.00000000,0.00000000,0
6264.86540000,0.00000000,0.00000000,0
6265.68794000,0.00000000,0.00000000,0
6265.85484000,0.00000000,0.00000000,0
6266.28399000,0.00002521,0.00000000,0
6266.45088000,0.00000000,0.00000000,0
6268.19134000,0.00000000,0.00000000,0
6268.48936000,0.00000000,0.00000000,0
6271.56496000,0.00001975,0.00000000,0
6272.92395000,0.00003313,0.00000000,0
6273.47231000,0.00000000,0.00000000,0
6274.46175000,0.00000000,0.00000000,0
6275.01011000,0.00000000,0.00000000,0
6275.63000000,0.00003311,0.00000000,0
6275.70152000,0.00000000,0.00000000,0
6276.17836000,0.00000000,0.00000000,0
6276.34525000,0.00000000,0.00000000,0
6276.53599000,0.00000000,0.00000000,0
6277.19164000,0.00000000,0.00000000,0
6277.29893000,0.00000000,0.00000000,0
6277.75192000,0.00000000,0.00000000,0
6277.85921000,0.00000000,0.00000000,0
6279.87385000,0.00000000,0.00000000,0
6280.38645000,0.00000000,0.00000000,0
6280.49374000,0.00000000,0.00000000,0
6281.22091000,0.00000000,0.00000000,0
6281.73351000,0.00001898,0.00000000,0
6282.26995000,0.00000000,0.00000000,0
6283.30708000,0.00000000,0.00000000,0
6284.94024000,0.00006318,0.00000000,0
6284.97601000,0.00004047,0.00000000,0
6285.64358000,0.00000000,0.00000000,0
6285.73895000,0.00000000,0.00000000,0
6286.19194000,0.00000000,0.00000000,0
6286.26347000,0.00000000,0.00000000,0
6286.57341000,0.00000000,0.00000000,0
6286.96680000,0.00000000,0.00000000,0
6287.32443000,0.00000000,0.00000000,0
6287.65821000,0.00003354,0.00000000,0
6287.71782000,0.00006836,0.00003144,9
6288.40923000,0.00000000,0.00000000,0
6288.50460000,0.00000000,0.00000000,0
6288.99336000,0.00000000,0.00000000,0
6289.52980000,0.00000000,0.00000000,0
6290.35234000,0.00006400,0.00000000,0
6290.63845000,0.00000000,0.00000000,0
6291.21065000,0.00000000,0.00000000,0
6291.50867000,0.00000000,0.00000000,0
6291.62788000,0.00000000,0.00000000,0
6291.94975000,0.00000000,0.00000000,0
6291.99743000,0.00000000,0.00000000,0
6293.32066000,0.00003170,0.00000000,0
6294.01207000,0.00002548,0.00000000,0
6294.26241000,0.00000000,0.00000000,0
6294.47699000,0.00008433,0.00000000,0
6295.93134000,0.00022079,0.00004558,3
6297.27840000,0.00002629,0.00000000,0
6297.88637000,0.00001797,0.00000000,0
6298.39897000,0.00000000,0.00000000,0
6298.89965000,0.00000000,0.00000000,0
6298.94733000,0.00000000,0.00000000,0
6298.99502000,0.00000000,0.00000000,0
6299.13807000,0.00000000,0.00000000,0
6299.53146000,0.00000000,0.00000000,0
6300.24672000,0.00090637,0.00013990,3
6301.43881000,0.00000000,0.00000000,0
6301.78452000,0.00000000,0.00000000,0
6302.05870000,0.00000000,0.00000000,0
6302.78587000,0.00000000,0.00000000,0
6303.07198000,0.00000000,0.00000000,0
6304.14486000,0.00000000,0.00000000,0
6305.12238000,0.00000000,0.00000000,0
6306.26678000,0.00000000,0.00000000,0
6306.81515000,0.00000000,0.00000000,0
6308.04300000,0.00000000,0.00000000,0
6308.71058000,0.00000000,0.00000000,0
6309.28278000,0.00000000,0.00000000,0
6309.48544000,0.00000000,0.00000000,0
6310.45103000,0.00002053,0.00000000,0
6311.64312000,0.00002273,0.00000000,0
6312.90674000,0.00003527,0.00000000,0
6313.19284000,0.00000000,0.00000000,0
6313.56239000,0.00000000,0.00000000,0
6313.74121000,0.00000000,0.00000000,0
6313.86042000,0.00000000,0.00000000,0
6314.03923000,0.00000000,0.00000000,0
6314.61143000,0.00000000,0.00000000,0
6314.73064000,0.00002278,0.00000000,0
6314.79025000,0.00000000,0.00000000,0
6315.12403000,0.00000000,0.00000000,0
6316.32805000,0.00000000,0.00000000,0
6316.63799000,0.00000000,0.00000000,0
6317.87777000,0.00000000,0.00000000,0
6318.36653000,0.00000000,0.00000000,0
6319.45133000,0.00010845,0.00008420,13
6319.52286000,0.00055260,0.00003864,1
6319.65399000,0.00000000,0.00000000,0
6321.20371000,0.00000000,0.00000000,0
6321.72823000,0.00000000,0.00000000,0
6322.28851000,0.00000000,0.00000000,0
6322.47925000,0.00000000,0.00000000,0
6322.63422000,0.00000000,0.00000000,0
6323.02761000,0.00000000,0.00000000,0
6324.07665000,0.00000000,0.00000000,0
6325.08993000,0.00000000,0.00000000,0
6325.47140000,0.00002480,0.00000000,0
6325.61445000,0.00000000,0.00000000,0
6327.61717000,0.00000000,0.00000000,0
6327.76022000,0.00000000,0.00000000,0
6327.91519000,0.00000000,0.00000000,0
6328.09401000,0.00003930,0.00000000,0
6328.69005000,0.00000000,0.00000000,0
6328.83310000,0.00004469,0.00000000,0
6328.98808000,0.00000000,0.00000000,0
6329.16689000,0.00002996,0.00002108,12
6329.72717000,0.00004589,0.00002003,9
6330.47819000,0.00002884,0.00000000,0
6330.53780000,0.00000000,0.00000000,0
6330.90734000,0.00000000,0.00000000,0
6331.43187000,0.00000000,0.00000000,0
6331.95639000,0.00000000,0.00000000,0
6332.13520000,0.00000000,0.00000000,0
6332.42130000,0.00000000,0.00000000,0
6333.60147000,0.00000000,0.00000000,0
6333.89950000,0.00002040,0.00000000,0
6334.41210000,0.00000000,0.00000000,0
6334.68628000,0.00000000,0.00000000,0
6335.38961000,0.00000000,0.00000000,0
6336.46250000,0.00000000,0.00000000,0
6338.97781000,0.00002243,0.00000000,0
6340.05070000,0.00003723,0.00000000,0
6340.30104000,0.00033724,0.00007545,4
6340.36064000,0.00086220,0.00003166,0
6340.45601000,0.00005281,0.00000000,0
6342.17262000,0.00004932,0.00000000,0
6342.81635000,0.00000000,0.00000000,0
6343.07861000,0.00000000,0.00000000,0
6344.50912000,0.00004303,0.00000000,0
6344.89059000,0.00000000,0.00000000,0
6348.07348000,0.00000000,0.00000000,0
6349.05100000,0.00000000,0.00000000,0
6351.10140000,0.00005415,0.00002971,11
6352.19812000,0.00003176,0.00000000,0
6353.04451000,0.00000000,0.00000000,0
6354.27237000,0.00002280,0.00000000,0
6354.36773000,0.00000000,0.00000000,0
6354.61807000,0.00001853,0.00000000,0
6355.10683000,0.00000000,0.00000000,0
6355.66711000,0.00010795,0.00000000,0
6357.75328000,0.00000000,0.00000000,0
6359.05266000,0.00000000,0.00000000,0
6360.28051000,0.00010967,0.00000000,0
6360.39972000,0.00000000,0.00000000,0
6360.76927000,0.00003654,0.00000000,0
6360.87656000,0.00003221,0.00002405,13
6361.32956000,0.00001825,0.00000000,0
6361.73487000,0.00002084,0.00001798,14
6361.85408000,0.00000000,0.00000000,0
6362.79583000,0.00001862,0.00000000,0
6362.86736000,0.00002898,0.00000000,0
6362.99849000,0.00012291,0.00001887,3
6364.16674000,0.00001900,0.00000000,0
6364.25018000,0.00005448,0.00002135,8
6364.66742000,0.00003910,0.00000000,0
6364.69126000,0.00004437,0.00001909,9
6365.02504000,0.00000000,0.00000000,0
6366.39595000,0.00000000,0.00000000,0
6366.69397000,0.00008678,0.00000000,0
6367.31386000,0.00009873,0.00000000,0
6367.46883000,0.00000000,0.00000000,0
6367.68341000,0.00003523,0.00000000,0
6367.86222000,0.00013535,0.00000000,0
6368.80398000,0.00024434,0.00000000,0
6368.92319000,0.00000000,0.00000000,0
6368.97087000,0.00000000,0.00000000,0
6369.07816000,0.00000000,0.00000000,0
6369.68613000,0.00000000,0.00000000,0
6370.40138000,0.00003380,0.00000000,0
6370.48483000,0.00000000,0.00000000,0
6370.59212000,0.00000000,0.00000000,0
6370.66364000,0.00001941,0.00000000,0
6370.80669000,0.00003507,0.00000000,0
6370.97359000,0.00015218,0.00000000,0
6371.36698000,0.00000000,0.00000000,0
6371.67692000,0.00000000,0.00000000,0
6372.73788000,0.00002627,0.00000000,0
6373.56043000,0.00000000,0.00000000,0
6373.70348000,0.00002225,0.00000000,0
6374.31145000,0.00006577,0.00000000,0
6374.59755000,0.00000000,0.00000000,0
6374.81213000,0.00001841,0.00000000,0
6374.83597000,0.00000000,0.00000000,0
6377.53010000,0.00000000,0.00000000,0
6377.69699000,0.00000000,0.00000000,0
6378.22151000,0.00000000,0.00000000,0
6378.67451000,0.00000000,0.00000000,0
6378.78180000,0.00000000,0.00000000,0
6378.93677000,0.00002882,0.00000000,0
6380.03349000,0.00006426,0.00000000,0
6381.84547000,0.00027011,0.00000000,0
6382.28655000,0.00005887,0.00000000,0
6383.10909000,0.00002843,0.00000000,0
6383.33559000,0.00008624,0.00000000,0
6383.64553000,0.00000000,0.00000000,0
6386.37543000,0.00002734,0.00000000,0
6386.48272000,0.00008263,0.00000000,0
6389.78481000,0.00000000,0.00000000,0
6389.90402000,0.00008726,0.00002955,7
6390.03515000,0.00000000,0.00000000,0
6393.01538000,0.00008493,0.00000000,0
6393.03923000,0.00007263,0.00000000,0
6393.81409000,0.00016802,0.00000000,0
6395.06578000,0.00000000,0.00000000,0
6396.69895000,0.00000000,0.00000000,0
6396.93737000,0.00001848,0.00000000,0
6397.14003000,0.00000000,0.00000000,0
6397.24731000,0.00000000,0.00000000,0
6397.48573000,0.00001854,0.00000000,0
6397.92681000,0.00003116,0.00000000,0
6398.10562000,0.00000000,0.00000000,0
6398.54670000,0.00004122,0.00000000,0
6399.01161000,0.00002224,0.00000000,0
6399.86992000,0.00000000,0.00000000,0
6400.60902000,0.00000000,0.00000000,0
6401.33619000,0.00000000,0.00000000,0
6401.38388000,0.00001982,0.00000000,0
6401.47924000,0.00000000,0.00000000,0
6401.77727000,0.00008231,0.00000000,0
6402.11105000,0.00000000,0.00000000,0
6402.67134000,0.00000000,0.00000000,0
6403.47004000,0.00000000,0.00000000,0
6404.28066000,0.00000000,0.00000000,0
6404.43563000,0.00009377,0.00000000,0
6404.59061000,0.00000000,0.00000000,0
6405.30586000,0.00012064,0.00002814,5
6406.12841000,0.00000000,0.00000000,0
6406.46219000,0.00000000,0.00000000,0
6406.77214000,0.00009843,0.00003678,8
6408.25033000,0.00005241,0.00000000,0
6409.75237000,0.00000000,0.00000000,0
6410.08615000,0.00003746,0.00000000,0
6411.71932000,0.00000000,0.00000000,0
6412.44650000,0.00006270,0.00000000,0
6412.74452000,0.00007633,0.00000000,0
6412.98294000,0.00000000,0.00000000,0
6413.41209000,0.00017431,0.00000000,0
6414.22272000,0.00000000,0.00000000,0
6414.35385000,0.00001882,0.00000000,0
6415.27176000,0.00000000,0.00000000,0
6416.04662000,0.00003216,0.00000000,0
6417.14334000,0.00002165,0.00000000,0
6417.44137000,0.00000000,0.00000000,0
6419.12222000,0.00000000,0.00000000,0
6419.40832000,0.00007244,0.00005347,13
6419.61098000,0.00000000,0.00000000,0
6419.99245000,0.00002726,0.00000000,0
6421.10109000,0.00006745,0.00000000,0
6421.25607000,0.00008743,0.00000000,0
6421.51833000,0.00000000,0.00000000,0
6422.41240000,0.00003713,0.00000000,0
6422.84155000,0.00000000,0.00000000,0
6423.43760000,0.00008288,0.00000000,0
6423.59257000,0.00000000,0.00000000,0
6424.00980000,0.00000000,0.00000000,0
6424.27206000,0.00000000,0.00000000,0
6424.54624000,0.00007154,0.00000000,0
6424.80850000,0.00000000,0.00000000,0
6426.00060000,0.00001846,0.00000000,0
6426.20325000,0.00002619,0.00000000,0
6426.93043000,0.00001863,0.00000000,0
6427.58608000,0.00002089,0.00000000,0
6427.76489000,0.00002329,0.00000000,0
6427.88410000,0.00003366,0.00000000,0
6428.75433000,0.00000000,0.00000000,0
6428.86162000,0.00001788,0.00000000,0
6429.92258000,0.00008676,0.00000000,0
6429.94642000,0.00006813,0.00002174,7
6430.35173000,0.00000000,0.00000000,0
6430.56631000,0.00000000,0.00000000,0
6432.85513000,0.00020898,0.00004229,3
6433.30812000,0.00009891,0.00003117,7
6433.33197000,0.00011814,0.00002273,3
6433.40349000,0.00003111,0.00002741,14
6434.07106000,0.00000000,0.00000000,0
6434.29756000,0.00000000,0.00000000,0
6434.36909000,0.00002373,0.00001989,14
6434.83400000,0.00000000,0.00000000,0
6435.03666000,0.00000000,0.00000000,0
6435.15587000,0.00004371,0.00000000,0
6435.45389000,0.00009218,0.00002201,5
6435.48965000,0.00011385,0.00000000,0
6436.70559000,0.00002012,0.00000000,0
6437.00361000,0.00000000,0.00000000,0
6437.15858000,0.00000000,0.00000000,0
6438.27915000,0.00000000,0.00000000,0
6439.17322000,0.00000000,0.00000000,0
6439.36396000,0.00011493,0.00000000,0
6439.45932000,0.00000000,0.00000000,0
6439.96000000,0.00002265,0.00000000,0
6440.03153000,0.00004498,0.00000000,0
6440.22226000,0.00005293,0.00000000,0
6440.47260000,0.00002068,0.00000000,0
6441.93888000,0.00000000,0.00000000,0
6443.50052000,0.00014173,0.00000000,0
6444.75222000,0.00003091,0.00002733,14
6444.88335000,0.00000000,0.00000000,0
6445.06216000,0.00000000,0.00000000,0
6445.41979000,0.00131855,0.00104080,13
6445.71781000,0.00102715,0.00081674,13
6445.72973000,0.00104918,0.00083564,13
6445.90855000,0.00001813,0.00000000,0
6446.13504000,0.00010896,0.00003045,5
6446.30194000,0.00000000,0.00000000,0
6446.33770000,0.00001910,0.00000000,0
6447.13640000,0.00004747,0.00000000,0
6447.76821000,0.00002538,0.00000000,0
6448.44770000,0.00000000,0.00000000,0
6448.85302000,0.00000000,0.00000000,0
6449.09143000,0.00000000,0.00000000,0
6449.25833000,0.00000000,0.00000000,0
6449.32985000,0.00000000,0.00000000,0
6450.85573000,0.00010449,0.00000000,0
6451.18952000,0.00006794,0.00000000,0
6451.22528000,0.00005312,0.00000000,0
6451.80941000,0.00000000,0.00000000,0
6451.90477000,0.00010636,0.00000000,0
6452.01206000,0.00001841,0.00000000,0
6453.78828000,0.00000000,0.00000000,0
6454.50354000,0.00008516,0.00000000,0
6454.55122000,0.00004335,0.00000000,0
6454.81348000,0.00006555,0.00000000,0
6454.94461000,0.00003605,0.00000000,0
6455.06382000,0.00000000,0.00000000,0
6455.18303000,0.00004479,0.00000000,0
6455.42145000,0.00019513,0.00000000,0
6455.99365000,0.00002197,0.00000000,0
6456.14862000,0.00310207,0.00003341,0
6456.51817000,0.00006747,0.00005702,14
6456.97117000,0.00000000,0.00000000,0
6457.43608000,0.00000000,0.00000000,0
6458.12750000,0.00002010,0.00000000,0
6459.05733000,0.00000000,0.00000000,0
6459.62954000,0.00007014,0.00002651,8
6459.68914000,0.00007251,0.00003580,9
6460.15406000,0.00000000,0.00000000,0
6460.34479000,0.00000000,0.00000000,0
6461.69186000,0.00013859,0.00000000,0
6462.04948000,0.00006739,0.00000000,0
6462.66937000,0.00003242,0.00002470,13
6463.03892000,0.00002265,0.00000000,0
6463.70649000,0.00021187,0.00010307,9
6464.00452000,0.00002634,0.00000000,0
6464.40983000,0.00173447,0.00000000,0
6464.48135000,0.00056468,0.00002943,0
6464.63633000,0.00000000,0.00000000,0
6464.89859000,0.00108881,0.00002610,0
6465.14893000,0.00000000,0.00000000,0
6465.51847000,0.00021990,0.00018769,14
6465.53040000,0.00021473,0.00019351,14
6466.01915000,0.00000000,0.00000000,0
6466.72249000,0.00002883,0.00000000,0
6467.19933000,0.00002484,0.00000000,0
6467.53311000,0.00006124,0.00000000,0
6468.31989000,0.00002420,0.00001992,14
6468.39142000,0.00007735,0.00000000,0
6468.51063000,0.00010490,0.00000000,0
6468.57023000,0.00009867,0.00002167,4
6468.58215000,0.00009820,0.00002222,4
6469.03515000,0.00019261,0.00005500,5
6469.13052000,0.00004336,0.00002102,9
6470.83521000,0.00008579,0.00004183,9
6471.09747000,0.00001991,0.00000000,0
6473.01674000,0.00000000,0.00000000,0
6473.12403000,0.00000000,0.00000000,0
6473.27900000,0.00003875,0.00003180,14
6474.05386000,0.00000000,0.00000000,0
6474.67375000,0.00230814,0.00005890,0
6475.01945000,0.00004489,0.00000000,0
6475.37708000,0.00000000,0.00000000,0
6475.57974000,0.00000000,0.00000000,0
6475.77047000,0.00002527,0.00000000,0
6476.19963000,0.00002686,0.00000000,0
6476.23539000,0.00002290,0.00000000,0
6476.47381000,0.00000000,0.00000000,0
6477.23675000,0.00003557,0.00000000,0
6477.72551000,0.00000000,0.00000000,0
6478.04737000,0.00000000,0.00000000,0
6478.20234000,0.00001969,0.00000000,0
6478.54805000,0.00000000,0.00000000,0
6478.90568000,0.00000000,0.00000000,0
6479.06065000,0.00000000,0.00000000,0
6479.33483000,0.00000000,0.00000000,0
6479.50172000,0.00002376,0.00000000,0
6479.66862000,0.00297205,0.00005435,0
6480.02625000,0.00000000,0.00000000,0
6480.14545000,0.00039806,0.00002683,1
6480.21698000,0.00012370,0.00000000,0
6481.02760000,0.00000000,0.00000000,0
6481.36139000,0.00018340,0.00001861,1
6481.74286000,0.00000000,0.00000000,0
6483.54292000,0.00000000,0.00000000,0
6484.15089000,0.00000000,0.00000000,0
6484.36546000,0.00000000,0.00000000,0
6484.56812000,0.00000000,0.00000000,0
6484.84230000,0.00000000,0.00000000,0
6485.10456000,0.00004321,0.00000000,0
6485.48603000,0.00007235,0.00000000,0
6485.73637000,0.00029863,0.00000000,0
6485.95095000,0.00000000,0.00000000,0
6486.95230000,0.00002112,0.00000000,0
6487.02383000,0.00000000,0.00000000,0
6487.89406000,0.00000000,0.00000000,0
6488.31129000,0.00002043,0.00000000,0
6489.12191000,0.00000000,0.00000000,0
6489.45570000,0.00000000,0.00000000,0
6490.96966000,0.00000000,0.00000000,0
6491.44650000,0.00000000,0.00000000,0
6491.79220000,0.00010869,0.00000000,0
6492.47169000,0.00000000,0.00000000,0
6493.44921000,0.00002681,0.00000000,0
6493.55650000,0.00115509,0.00000000,0
6493.78300000,0.00025602,0.00000000,0
6494.43865000,0.00007862,0.00002297,5
6494.79628000,0.00000000,0.00000000,0
6495.97645000,0.00000000,0.00000000,0
6496.59634000,0.00002832,0.00000000,0
6497.21622000,0.00001998,0.00000000,0
6497.31159000,0.00000000,0.00000000,0
6497.62154000,0.00000000,0.00000000,0
6498.39640000,0.00000000,0.00000000,0
6498.49176000,0.00011559,0.00000000,0
6498.53945000,0.00005708,0.00000000,0
6498.71826000,0.00005681,0.00000000,0
6498.78979000,0.00000000,0.00000000,0
6498.98052000,0.00000000,0.00000000,0
6499.06397000,0.00000000,0.00000000,0
6499.39775000,0.00004092,0.00000000,0
6499.64809000,0.00007569,0.00000000,0
6500.12493000,0.00000000,0.00000000,0
6501.84155000,0.00002081,0.00000000,0
6501.91307000,0.00007906,0.00000000,0
6502.58064000,0.00009262,0.00000000,0
6502.74754000,0.00007068,0.00000000,0
6503.05748000,0.00000000,0.00000000,0
6503.12901000,0.00000000,0.00000000,0
6503.67737000,0.00000000,0.00000000,0
6504.01115000,0.00007110,0.00000000,0
6504.77409000,0.00001879,0.00000000,0
6504.88138000,0.00000000,0.00000000,0
6505.52511000,0.00001925,0.00000000,0
6506.24037000,0.00000000,0.00000000,0
6506.49071000,0.00002138,0.00000000,0
6507.37286000,0.00000000,0.00000000,0
6508.57687000,0.00002811,0.00000000,0
6508.68416000,0.00000000,0.00000000,0
6509.01794000,0.00000000,0.00000000,0
6509.67360000,0.00002538,0.00000000,0
6510.88953000,0.00000000,0.00000000,0
6511.46173000,0.00041010,0.00002602,1
6512.05778000,0.00003973,0.00000000,0
6512.09354000,0.00002488,0.00000000,0
6512.16507000,0.00002673,0.00000000,0
6512.32004000,0.00007275,0.00000000,0
6513.27372000,0.00000000,0.00000000,0
6513.50021000,0.00000000,0.00000000,0
6513.84592000,0.00002304,0.00000000,0
6514.47773000,0.00001855,0.00000000,0
6514.77575000,0.00001794,0.00000000,0
6514.93073000,0.00002036,0.00000000,0
6515.03801000,0.00005972,0.00005122,14
6515.20491000,0.00008831,0.00001824,3
6515.66982000,0.00002990,0.00002650,14
6515.68174000,0.00002947,0.00002661,14
6516.08706000,0.00006754,0.00000000,0
6516.77847000,0.00002670,0.00001928,13
6516.82615000,0.00004520,0.00000000,0
6517.13610000,0.00017593,0.00001803,1
6519.28186000,0.00000000,0.00000000,0
6519.66333000,0.00000000,0.00000000,0
6519.85407000,0.00010627,0.00000000,0
6523.40651000,0.00002541,0.00000000,0
6523.95487000,0.00000000,0.00000000,0
6524.24097000,0.00002620,0.00001799,12
6524.52707000,0.00006157,0.00000000,0
6524.63436000,0.00000000,0.00000000,0
6525.01583000,0.00010816,0.00003080,5
6525.20657000,0.00010904,0.00000000,0
6525.31385000,0.00002239,0.00000000,0
6525.96951000,0.00000000,0.00000000,0
6526.32713000,0.00002233,0.00000000,0
6526.43442000,0.00000000,0.00000000,0
6527.12584000,0.00007722,0.00000000,0
6528.13911000,0.00003213,0.00001915,11
6528.46098000,0.00022833,0.00000000,0
6528.50866000,0.00015603,0.00001807,1
6528.77092000,0.00004696,0.00000000,0
6529.00934000,0.00000000,0.00000000,0
6529.49810000,0.00001924,0.00000000,0
6529.56963000,0.00006790,0.00000000,0
6529.83189000,0.00000000,0.00000000,0
6530.36833000,0.00017260,0.00000000,0
6530.65443000,0.00002217,0.00000000,0
6531.62003000,0.00000000,0.00000000,0
6531.91805000,0.00002600,0.00000000,0
6532.23991000,0.00006715,0.00000000,0
6532.85980000,0.00009009,0.00000000,0
6533.67043000,0.00000000,0.00000000,0
6534.23071000,0.00008628,0.00000000,0
6534.54065000,0.00000000,0.00000000,0
6534.60026000,0.00001915,0.00000000,0
6534.80291000,0.00004459,0.00000000,0
6535.61354000,0.00000000,0.00000000,0
6536.03077000,0.00000000,0.00000000,0
6537.12749000,0.00002297,0.00000000,0
6537.19902000,0.00000000,0.00000000,0
6537.33015000,0.00016836,0.00006252,8
6537.90236000,0.00018080,0.00000000,0
6538.46264000,0.00002702,0.00000000,0
6538.67722000,0.00004074,0.00000000,0
6539.48784000,0.00000000,0.00000000,0
6539.76202000,0.00000000,0.00000000,0
6540.23886000,0.00000000,0.00000000,0
6540.69185000,0.00000000,0.00000000,0
6540.82298000,0.00000000,0.00000000,0
6541.14485000,0.00004690,0.00004146,14
6542.02700000,0.00002007,0.00000000,0
6542.63496000,0.00003904,0.00002860,13
6543.87474000,0.00000000,0.00000000,0
6544.33966000,0.00000000,0.00000000,0
6544.80457000,0.00000000,0.00000000,0
6545.71056000,0.00189058,0.00006430,0
6545.79401000,0.00020308,0.00000000,0
6548.11859000,0.00003209,0.00000000,0
6548.14243000,0.00002937,0.00000000,0
6548.76232000,0.00000000,0.00000000,0
6548.94114000,0.00000000,0.00000000,0
6549.65639000,0.00006485,0.00000000,0
6550.06170000,0.00008217,0.00000000,0
6550.24052000,0.00004212,0.00000000,0
6550.44317000,0.00000000,0.00000000,0
6551.14651000,0.00002239,0.00000000,0
6551.70679000,0.00000000,0.00000000,0
6551.83792000,0.00000000,0.00000000,0
6552.25515000,0.00004716,0.00000000,0
6552.38628000,0.00000000,0.00000000,0
6552.66047000,0.00000000,0.00000000,0
6553.59030000,0.00000000,0.00000000,0
6553.76911000,0.00002410,0.00000000,0
6554.12674000,0.00000000,0.00000000,0
6554.26979000,0.00000000,0.00000000,0
6554.44860000,0.00000000,0.00000000,0
6554.92544000,0.00002125,0.00000000,0
6555.35460000,0.00007062,0.00000000,0
6555.40228000,0.00004153,0.00002214,10
6555.91488000,0.00001883,0.00000000,0
6556.21290000,0.00003770,0.00000000,0
6556.59437000,0.00000000,0.00000000,0
6556.66590000,0.00001846,0.00000000,0
6556.86855000,0.00027236,0.00000000,0
6557.27386000,0.00006869,0.00000000,0
6557.29771000,0.00008124,0.00000000,0
6557.47652000,0.00000000,0.00000000,0
6557.89375000,0.00001996,0.00000000,0
6558.20370000,0.00009802,0.00008758,14
6558.52556000,0.00015904,0.00000000,0
6558.68053000,0.00000000,0.00000000,0
6558.87127000,0.00019960,0.00006586,7
6558.88319000,0.00020666,0.00006738,7
6559.93223000,0.00000000,0.00000000,0
6560.25410000,0.00000000,0.00000000,0
6562.05416000,0.00006298,0.00000000,0
6562.30450000,0.00000000,0.00000000,0
6563.12704000,0.00000000,0.00000000,0
6563.42506000,0.00001888,0.00000000,0
6564.05687000,0.00001801,0.00000000,0
6564.68868000,0.00003856,0.00000000,0
6564.89134000,0.00016840,0.00000000,0
6564.92710000,0.00021047,0.00000000,0
6565.32049000,0.00005246,0.00000000,0
6565.34433000,0.00006332,0.00000000,0
6565.66620000,0.00000000,0.00000000,0
6566.01191000,0.00002938,0.00000000,0
6566.17880000,0.00000000,0.00000000,0
6566.39338000,0.00002112,0.00000000,0
6568.30072000,0.00000000,0.00000000,0
6569.60011000,0.00019604,0.00002750,2
6569.64779000,0.00009773,0.00000000,0
6570.63723000,0.00006442,0.00002304,7
6570.68491000,0.00004129,0.00002447,11
6571.54322000,0.00005853,0.00000000,0
6571.74587000,0.00003710,0.00000000,0
6571.80548000,0.00000000,0.00000000,0
6572.10350000,0.00000000,0.00000000,0
6572.63994000,0.00000000,0.00000000,0
6573.49825000,0.00000000,0.00000000,0
6573.85588000,0.00000000,0.00000000,0
6574.13006000,0.00000000,0.00000000,0
6574.44000000,0.00003521,0.00000000,0
6574.80955000,0.00002208,0.00000000,0
6575.63210000,0.00000000,0.00000000,0
6575.75130000,0.00000000,0.00000000,0
6576.03741000,0.00000000,0.00000000,0
6576.21622000,0.00014172,0.00000000,0
6577.76594000,0.00035120,0.00000000,0
6577.83747000,0.00142593,0.00000000,0
6577.90899000,0.00031734,0.00003398,1
6577.93283000,0.00008519,0.00003676,9
6578.12357000,0.00013874,0.00000000,0
6578.60041000,0.00000000,0.00000000,0
6578.79114000,0.00000000,0.00000000,0
6578.87459000,0.00000000,0.00000000,0
6579.56600000,0.00002084,0.00000000,0
6579.61369000,0.00000000,0.00000000,0
6579.70905000,0.00000000,0.00000000,0
6580.82962000,0.00000000,0.00000000,0
6581.15149000,0.00000000,0.00000000,0
6581.37798000,0.00000000,0.00000000,0
6582.34358000,0.00000000,0.00000000,0
6583.21381000,0.00004615,0.00000000,0
6583.70256000,0.00000000,0.00000000,0
6583.88138000,0.00000000,0.00000000,0
6584.63240000,0.00000000,0.00000000,0
6584.73969000,0.00000000,0.00000000,0
6585.22844000,0.00004819,0.00002438,10
6587.04042000,0.00000000,0.00000000,0
6587.32653000,0.00002698,0.00000000,0
6588.16099000,0.00000000,0.00000000,0
6588.76896000,0.00015137,0.00000000,0
6588.87625000,0.00005309,0.00000000,0
6588.97161000,0.00000000,0.00000000,0
6589.25772000,0.00003649,0.00000000,0
6589.67495000,0.00005963,0.00000000,0
6589.80608000,0.00002176,0.00000000,0
6589.85376000,0.00003431,0.00000000,0
6590.08026000,0.00001790,0.00000000,0
6593.10818000,0.00002581,0.00000000,0
6593.14394000,0.00002010,0.00000000,0
6593.48965000,0.00003298,0.00000000,0
6594.15722000,0.00004639,0.00000000,0
6594.28835000,0.00024942,0.00000000,0
6594.35987000,0.00006718,0.00002109,7
6594.72942000,0.00000000,0.00000000,0
6594.83671000,0.00000000,0.00000000,0
6595.06321000,0.00000000,0.00000000,0
6596.25530000,0.00000000,0.00000000,0
6596.54140000,0.00000000,0.00000000,0
6597.14937000,0.00025012,0.00000000,0
6597.18513000,0.00016238,0.00000000,0
6597.37587000,0.00000000,0.00000000,0
6597.48316000,0.00001881,0.00000000,0
6598.17457000,0.00009848,0.00000000,0
6598.40107000,0.00003441,0.00000000,0
6598.86599000,0.00010025,0.00000000,0
6599.68853000,0.00012940,0.00000000,0
6600.22497000,0.00056359,0.00036451,12
6600.23689000,0.00058210,0.00037258,12
6600.46339000,0.00000000,0.00000000,0
6600.67797000,0.00000000,0.00000000,0
6601.91774000,0.00003356,0.00000000,0
6602.33498000,0.00019949,0.00000000,0
6602.59724000,0.00000000,0.00000000,0
6602.87142000,0.00000000,0.00000000,0
6604.51651000,0.00001980,0.00000000,0
6604.96950000,0.00009697,0.00000000,0
6606.03046000,0.00017588,0.00000000,0
6606.10199000,0.00003714,0.00000000,0
6606.18544000,0.00003811,0.00000000,0
6607.58018000,0.00003083,0.00000000,0
6607.97358000,0.00015074,0.00000000,0
6608.17623000,0.00000000,0.00000000,0
6608.49810000,0.00000000,0.00000000,0
6609.23719000,0.00000000,0.00000000,0
6609.55906000,0.00000000,0.00000000,0
6610.02398000,0.00002078,0.00000000,0
6610.17895000,0.00002448,0.00002223,15
6610.29816000,0.00002618,0.00000000,0
6610.56042000,0.00021033,0.00018033,14
6612.90884000,0.00007628,0.00001924,5
6613.42144000,0.00015062,0.00004570,7
6613.77907000,0.00004234,0.00000000,0
6614.25591000,0.00000000,0.00000000,0
6614.64930000,0.00002034,0.00000000,0
6614.76851000,0.00000000,0.00000000,0
6615.88907000,0.00002400,0.00000000,0
6616.28246000,0.00000000,0.00000000,0
6616.96196000,0.00003369,0.00000000,0
6619.03620000,0.00049382,0.00000000,0
6619.97795000,0.00002346,0.00000000,0
6620.21637000,0.00000000,0.00000000,0
6621.70649000,0.00045412,0.00001819,0
6621.78993000,0.00006585,0.00000000,0
6622.50519000,0.00004009,0.00002070,10
6622.61248000,0.00130962,0.00000000,0
6622.97010000,0.00001849,0.00000000,0
6623.25621000,0.00106580,0.00007459,1
6623.74496000,0.00003695,0.00000000,0
6627.59542000,0.00000000,0.00000000,0
6627.92921000,0.00001860,0.00000000,0
6628.27492000,0.00013791,0.00012502,15
6628.28684000,0.00014200,0.00012395,14
6628.63255000,0.00005350,0.00000000,0
6628.79944000,0.00000000,0.00000000,0
6629.49085000,0.00003436,0.00000000,0
6629.56238000,0.00000000,0.00000000,0
6629.97961000,0.00000000,0.00000000,0
6631.36244000,0.00000000,0.00000000,0
6631.80351000,0.00005935,0.00000000,0
6632.35188000,0.00000000,0.00000000,0
6633.05521000,0.00000000,0.00000000,0
6634.23538000,0.00005055,0.00000000,0
6634.54533000,0.00049771,0.00013304,5
6634.64069000,0.00016382,0.00004202,5
6635.03408000,0.00000000,0.00000000,0
6635.70166000,0.00000000,0.00000000,0
6635.83279000,0.00000000,0.00000000,0
6635.91623000,0.00001793,0.00000000,0
6636.34539000,0.00000000,0.00000000,0
6637.46595000,0.00002464,0.00000000,0
6639.02760000,0.00001924,0.00000000,0
6639.44483000,0.00000000,0.00000000,0
6639.59980000,0.00002091,0.00000000,0
6639.94551000,0.00009154,0.00002405,5
6640.06472000,0.00024825,0.00005920,5
6641.14952000,0.00000000,0.00000000,0
6641.65020000,0.00002912,0.00000000,0
6644.77348000,0.00006038,0.00000000,0
6645.14303000,0.00000000,0.00000000,0
6645.40529000,0.00001967,0.00000000,0
6645.51258000,0.00000000,0.00000000,0
6645.65563000,0.00003459,0.00000000,0
6645.73908000,0.00000000,0.00000000,0
6645.96558000,0.00001817,0.00000000,0
6646.16823000,0.00002677,0.00000000,0
6646.20399000,0.00000000,0.00000000,0
6647.07422000,0.00002223,0.00000000,0
6647.26496000,0.00026265,0.00007534,5
6647.88485000,0.00000000,0.00000000,0
6648.21863000,0.00000000,0.00000000,0
6649.05310000,0.00001926,0.00000000,0
6649.16039000,0.00000000,0.00000000,0
6649.54185000,0.00011065,0.00000000,0
6649.88756000,0.00000000,0.00000000,0
6650.61474000,0.00004119,0.00000000,0
6650.69818000,0.00000000,0.00000000,0
6651.00813000,0.00005465,0.00000000,0
6652.39096000,0.00004105,0.00000000,0
6652.82011000,0.00000000,0.00000000,0
6653.07045000,0.00003541,0.00000000,0
6653.88107000,0.00002586,0.00000000,0
6654.02412000,0.00000000,0.00000000,0
6654.54865000,0.00004360,0.00000000,0
6655.16853000,0.00004541,0.00000000,0
6655.24006000,0.00000000,0.00000000,0
6655.45464000,0.00003272,0.00000000,0
6657.13549000,0.00000000,0.00000000,0
6658.25605000,0.00000000,0.00000000,0
6658.36334000,0.00003439,0.00000000,0
6658.70905000,0.00000000,0.00000000,0
6659.23357000,0.00005080,0.00000000,0
6660.35414000,0.00000000,0.00000000,0
6661.05747000,0.00008756,0.00006874,13
6661.17668000,0.00003005,0.00002370,13
6662.45222000,0.00000000,0.00000000,0
6662.65488000,0.00001824,0.00000000,0
6662.85753000,0.00011247,0.00000000,0
6663.26284000,0.00006668,0.00005325,13
6664.68143000,0.00000000,0.00000000,0
6665.56358000,0.00000000,0.00000000,0
6665.70663000,0.00061013,0.00002148,0
6666.77952000,0.00000000,0.00000000,0
6667.48285000,0.00002529,0.00000000,0
6667.78088000,0.00003059,0.00000000,0
6668.17427000,0.00000000,0.00000000,0
6668.74647000,0.00003572,0.00000000,0
6669.30676000,0.00004416,0.00000000,0
6669.60478000,0.00002850,0.00000000,0
6669.64054000,0.00002404,0.00001894,13
6670.39156000,0.00003752,0.00000000,0
6670.60614000,0.00000000,0.00000000,0
6670.73727000,0.00081204,0.00000000,0
6671.16642000,0.00006826,0.00000000,0
6671.33331000,0.00002324,0.00000000,0
6671.83399000,0.00017464,0.00000000,0
6671.94128000,0.00008236,0.00000000,0
6672.29891000,0.00003629,0.00000000,0
6672.44196000,0.00000000,0.00000000,0
6672.87111000,0.00000000,0.00000000,0
6673.30027000,0.00000000,0.00000000,0
6675.23146000,0.00000000,0.00000000,0
6676.18513000,0.00000000,0.00000000,0
6676.34010000,0.00003627,0.00000000,0
6676.37587000,0.00003377,0.00000000,0
6677.36530000,0.00002154,0.00001936,14
6677.40107000,0.00003274,0.00002070,12
6678.35474000,0.00000000,0.00000000,0
6678.78389000,0.00009669,0.00000000,0
6679.08192000,0.00000000,0.00000000,0
6679.66604000,0.00000000,0.00000000,0
6680.27401000,0.00000000,0.00000000,0
6680.53627000,0.00069748,0.00000000,0
6680.59587000,0.00024573,0.00000000,0
6681.00119000,0.00004472,0.00000000,0
6681.21576000,0.00000000,0.00000000,0
6681.33497000,0.00006128,0.00005552,15
6681.56147000,0.00000000,0.00000000,0
6681.69260000,0.00007387,0.00006605,14
6683.02774000,0.00000000,0.00000000,0
6683.57611000,0.00001812,0.00000000,0
6683.64763000,0.00004027,0.00000000,0
6683.76684000,0.00418790,0.00021252,0
6684.88741000,0.00000000,0.00000000,0
6685.09007000,0.00001902,0.00000000,0
6685.17351000,0.00003816,0.00000000,0
6685.31656000,0.00883535,0.00044141,0
6685.32848000,0.00923605,0.00046270,0
6685.49538000,0.00002364,0.00000000,0
6685.53114000,0.00002059,0.00000000,0
6685.75764000,0.00000000,0.00000000,0
6685.91261000,0.00001894,0.00000000,0
6686.19871000,0.00000000,0.00000000,0
6686.36560000,0.00002640,0.00000000,0
6686.52058000,0.00001828,0.00000000,0
6687.10470000,0.00002637,0.00000000,0
6687.67691000,0.00000000,0.00000000,0
6687.98685000,0.00002007,0.00000000,0
6688.36832000,0.00002214,0.00000000,0
6688.48753000,0.00002634,0.00000000,0
6690.08493000,0.00000000,0.00000000,0
6690.40680000,0.00002922,0.00000000,0
6690.76443000,0.00003274,0.00000000,0
6691.18166000,0.00068687,0.00053977,13
6691.31279000,0.00006316,0.00000000,0
6692.46912000,0.00001951,0.00000000,0
6693.39895000,0.00000000,0.00000000,0
6693.82811000,0.00005607,0.00000000,0
6693.95924000,0.00000000,0.00000000,0
6694.28110000,0.00002169,0.00000000,0
6695.65201000,0.00000000,0.00000000,0
6695.85466000,0.00000000,0.00000000,0
6696.14077000,0.00002072,0.00000000,0
6696.22421000,0.00002868,0.00002065,13
6697.21365000,0.00029768,0.00000000,0
6697.66665000,0.00000000,0.00000000,0
6697.82162000,0.00000000,0.00000000,0
6698.77529000,0.00066077,0.00003476,0
6699.58591000,0.00036628,0.00029617,14
6699.97931000,0.00005077,0.00000000,0
6700.06275000,0.00001834,0.00000000,0
6700.25349000,0.00000000,0.00000000,0
6700.68264000,0.00000000,0.00000000,0
6700.80185000,0.00000000,0.00000000,0
6700.88530000,0.00000000,0.00000000,0
6701.57671000,0.00000000,0.00000000,0
6701.69592000,0.00001853,0.00000000,0
6702.32773000,0.00002903,0.00002202,13
6702.75688000,0.00000000,0.00000000,0
6702.99530000,0.00041346,0.00001991,0
6703.19796000,0.00000000,0.00000000,0
6703.29332000,0.00000000,0.00000000,0
6703.66287000,0.00000000,0.00000000,0
6703.85361000,0.00000000,0.00000000,0
6704.55694000,0.00098331,0.00004320,0
6704.62847000,0.00024317,0.00000000,0
6706.11858000,0.00010043,0.00000000,0
6706.81000000,0.00002040,0.00000000,0
6706.96497000,0.00003453,0.00000000,0
6707.27491000,0.00000000,0.00000000,0
6707.39412000,0.00000000,0.00000000,0
6707.59678000,0.00014758,0.00000000,0
6707.91864000,0.00000000,0.00000000,0
6707.97825000,0.00002187,0.00000000,0
6708.16898000,0.00003370,0.00000000,0
6708.20475000,0.00003528,0.00001859,10
6708.24051000,0.00002183,0.00001818,14
6708.28819000,0.00000000,0.00000000,0
6708.61006000,0.00000000,0.00000000,0
6708.76503000,0.00001829,0.00000000,0
6709.15842000,0.00029256,0.00000000,0
6709.20610000,0.00014688,0.00001820,2
6709.99289000,0.00000000,0.00000000,0
6710.18362000,0.00002722,0.00000000,0
6710.29091000,0.00000000,0.00000000,0
6710.38628000,0.00000000,0.00000000,0
6710.48164000,0.00000000,0.00000000,0
6710.58893000,0.00002455,0.00000000,0
6710.66046000,0.00002745,0.00000000,0
6711.42340000,0.00000000,0.00000000,0
6711.59029000,0.00000000,0.00000000,0
6712.03136000,0.00013415,0.00000000,0
6712.17442000,0.00002026,0.00000000,0
6712.62741000,0.00001977,0.00000000,0
6712.72278000,0.00001925,0.00000000,0
6713.31882000,0.00000000,0.00000000,0
6714.14137000,0.00000000,0.00000000,0
6714.26058000,0.00000000,0.00000000,0
6714.72549000,0.00002060,0.00000000,0
6714.97583000,0.00001973,0.00000000,0
6715.09504000,0.00024018,0.00000000,0
6715.52420000,0.00002127,0.00000000,0
6715.82222000,0.00001979,0.00000000,0
6716.27522000,0.00001860,0.00000000,0
6716.41827000,0.00001900,0.00000000,0
6716.91895000,0.00002328,0.00000000,0
6717.07392000,0.00002173,0.00000000,0
6717.16928000,0.00002164,0.00000000,0
6717.37194000,0.00002178,0.00000000,0
6717.46731000,0.00001862,0.00000000,0
6717.76533000,0.00001821,0.00000000,0
6717.77725000,0.00001814,0.00000000,0
6717.87262000,0.00003036,0.00000000,0
6717.96799000,0.00003534,0.00000000,0
6718.07528000,0.00002141,0.00000000,0
6718.17064000,0.00002818,0.00000000,0
6718.26601000,0.00002196,0.00000000,0
6718.32561000,0.00002854,0.00000000,0
6718.42098000,0.00003429,0.00000000,0
6718.46867000,0.00002208,0.00000000,0
6718.51635000,0.00001832,0.00000000,0
6718.56403000,0.00002934,0.00000000,0
6718.67132000,0.00002865,0.00000000,0
6718.81437000,0.00023928,0.00018398,13
6718.96935000,0.00003133,0.00000000,0
6719.01703000,0.00002762,0.00000000,0
6719.06471000,0.00002533,0.00000000,0
6719.11240000,0.00003327,0.00000000,0
6719.20776000,0.00003507,0.00000000,0
6719.26737000,0.00004985,0.00000000,0
6719.36274000,0.00004247,0.00000000,0
6719.41042000,0.00003208,0.00000000,0
6719.45810000,0.00003435,0.00000000,0
6719.51771000,0.00004375,0.00000000,0
6719.61308000,0.00015530,0.00000000,0
6719.70844000,0.00005242,0.00000000,0
6719.75613000,0.00004477,0.00000000,0
6719.80381000,0.00004785,0.00000000,0
6719.85149000,0.00005984,0.00000000,0
6719.91110000,0.00006219,0.00000000,0
6719.95878000,0.00005915,0.00000000,0
6720.00647000,0.00007860,0.00000000,0
6720.05415000,0.00009629,0.00000000,0
6720.10183000,0.00010142,0.00000000,0
6720.14952000,0.00012860,0.00000000,0
6720.19720000,0.00015797,0.00000000,0
6720.24488000,0.00021098,0.00002063,1
6720.29257000,0.00027461,0.00000000,0
6720.32833000,0.00054807,0.00002913,0
6720.37601000,0.00288988,0.00005402,0
6720.49522000,0.09334914,0.00474418,0
6720.68596000,0.00014930,0.00008580,11
6720.73364000,0.00030102,0.00007842,5
6720.78133000,0.00018203,0.00000000,0
6720.82901000,0.00015932,0.00000000,0
6720.92438000,0.00017242,0.00000000,0
6720.97206000,0.00013859,0.00000000,0
6721.01974000,0.00016073,0.00000000,0
6721.06743000,0.00015836,0.00000000,0
6721.11511000,0.00014208,0.00000000,0
6721.16280000,0.00014750,0.00000000,0
6721.22240000,0.00016008,0.00000000,0
6721.27008000,0.00016024,0.00000000,0
6721.31777000,0.00016996,0.00000000,0
6721.36545000,0.00016391,0.00000000,0
6721.41314000,0.00019702,0.00000000,0
6721.46082000,0.00019551,0.00000000,0
6721.52042000,0.00018319,0.00000000,0
6721.56811000,0.00022696,0.00000000,0
6721.61579000,0.00027771,0.00000000,0
6721.66348000,0.00025714,0.00000000,0
6721.71116000,0.00031753,0.00000000,0
6721.75884000,0.00039446,0.00002493,1
6721.80653000,0.00044883,0.00000000,0
6721.85421000,0.00049472,0.00003180,1
6721.88997000,0.00092360,0.00003651,0
6722.04494000,0.23537701,0.01134403,0
6722.21184000,0.00069703,0.00003600,0
6722.24760000,0.00051512,0.00002204,0
6722.29528000,0.00044561,0.00002642,0
6722.34297000,0.00036585,0.00002505,1
6722.39065000,0.00026230,0.00000000,0
6722.43834000,0.00025959,0.00002386,1
6722.48602000,0.00023976,0.00000000,0
6722.53370000,0.00019839,0.00000000,0
6722.58139000,0.00015955,0.00000000,0
6722.62907000,0.00018159,0.00000000,0
6722.67675000,0.00014738,0.00000000,0
6722.73636000,0.00011388,0.00000000,0
6722.78404000,0.00013769,0.00000000,0
6722.83173000,0.00013169,0.00000000,0
6722.87941000,0.00009673,0.00000000,0
6722.97478000,0.00010972,0.00000000,0
6723.03438000,0.00009069,0.00000000,0
6723.08207000,0.00007521,0.00000000,0
6723.12975000,0.00009032,0.00000000,0
6723.17743000,0.00008728,0.00000000,0
6723.22512000,0.00007851,0.00000000,0
6723.33241000,0.00008015,0.00000000,0
6723.38009000,0.00005901,0.00000000,0
6723.42777000,0.00006816,0.00000000,0
6723.47546000,0.00006750,0.00000000,0
6723.58274000,0.00006010,0.00000000,0
6723.63043000,0.00005235,0.00000000,0
6723.67811000,0.00005900,0.00000000,0
6723.77348000,0.00005312,0.00000000,0
6723.83308000,0.00004841,0.00000000,0
6723.88077000,0.00004946,0.00000000,0
6723.92845000,0.00004695,0.00000000,0
6724.02382000,0.00005212,0.00000000,0
6724.07150000,0.00004081,0.00000000,0
6724.13111000,0.00004545,0.00000000,0
6724.17879000,0.00003696,0.00000000,0
6724.22647000,0.00004425,0.00000000,0
6724.32184000,0.00003730,0.00000000,0
6724.38145000,0.00003573,0.00000000,0
6724.42913000,0.00003568,0.00000000,0
6724.47681000,0.00004253,0.00000000,0
6724.57218000,0.00003459,0.00000000,0
6724.61987000,0.00003384,0.00000000,0
6724.67947000,0.00003655,0.00000000,0
6724.77484000,0.00003202,0.00000000,0
6724.82252000,0.00003515,0.00000000,0
6724.88213000,0.00003389,0.00000000,0
6724.92981000,0.00002597,0.00000000,0
6724.97749000,0.00002831,0.00000000,0
6725.07286000,0.00004019,0.00000000,0
6725.12054000,0.00003249,0.00000000,0
6725.22783000,0.00003455,0.00000000,0
6725.32320000,0.00002960,0.00000000,0
6725.37088000,0.00002868,0.00000000,0
6725.43049000,0.00002954,0.00000000,0
6725.47817000,0.00002152,0.00000000,0
6725.57354000,0.00002906,0.00000000,0
6725.66891000,0.00003152,0.00000000,0
6725.69275000,0.00002003,0.00000000,0
6725.72851000,0.00001829,0.00000000,0
6725.82388000,0.00002687,0.00000000,0
6725.87156000,0.00002507,0.00000000,0
6725.91925000,0.00001996,0.00000000,0
6725.97885000,0.00001931,0.00000000,0
6726.07422000,0.00002854,0.00000000,0
6726.12190000,0.00001979,0.00000000,0
6726.18151000,0.00001802,0.00000000,0
6726.22919000,0.00002128,0.00000000,0
6726.32456000,0.00002024,0.00000000,0
6726.37224000,0.00002045,0.00000000,0
6726.41993000,0.00002166,0.00000000,0
6726.57490000,0.00002609,0.00000000,0
6726.67027000,0.00004086,0.00000000,0
6726.70603000,0.00000000,0.00000000,0
6726.76563000,0.00002127,0.00000000,0
6726.82524000,0.00002515,0.00000000,0
6727.07558000,0.00001902,0.00000000,0
6727.17094000,0.00001914,0.00000000,0
6727.27823000,0.00002034,0.00000000,0
6727.32592000,0.00002190,0.00000000,0
6727.42128000,0.00002248,0.00000000,0
6727.67162000,0.00002041,0.00000000,0
6727.85044000,0.00005802,0.00000000,0
6727.93388000,0.00003529,0.00000000,0
6728.26767000,0.00001787,0.00000000,0
6728.37496000,0.00002102,0.00000000,0
6728.52993000,0.00000000,0.00000000,0
6728.67298000,0.00002074,0.00000000,0
6729.67434000,0.00002063,0.00000000,0
6729.76971000,0.00002104,0.00000000,0
6730.25846000,0.00012167,0.00000000,0
6730.47304000,0.00001975,0.00000000,0
6731.56977000,0.00000000,0.00000000,0
6732.92875000,0.00002200,0.00000000,0
6733.20293000,0.00000000,0.00000000,0
6734.13277000,0.00002232,0.00000000,0
6734.34734000,0.00000000,0.00000000,0
6734.50232000,0.00000000,0.00000000,0
6734.65729000,0.00000000,0.00000000,0
6734.88379000,0.00003440,0.00000000,0
6734.94339000,0.00000000,0.00000000,0
6735.88514000,0.00000000,0.00000000,0
6737.11300000,0.00021806,0.00019409,14
6737.37526000,0.00001840,0.00000000,0
6737.56599000,0.00011419,0.00000000,0
6739.35413000,0.00000000,0.00000000,0
6740.00978000,0.00003728,0.00000000,0
6740.24820000,0.00000000,0.00000000,0
6740.74888000,0.00000000,0.00000000,0
6740.97538000,0.00000000,0.00000000,0
6743.64567000,0.00000000,0.00000000,0
6745.07618000,0.00004060,0.00000000,0
6747.17426000,0.00000000,0.00000000,0
6747.21003000,0.00001904,0.00000000,0
6747.42460000,0.00001924,0.00000000,0
6747.65110000,0.00012303,0.00002941,5
6747.93720000,0.00003765,0.00000000,0
6749.06969000,0.00007446,0.00000000,0
6749.22466000,0.00003208,0.00000000,0
6749.43924000,0.00007445,0.00000000,0
6750.50020000,0.00003133,0.00000000,0
6751.41811000,0.00002462,0.00000000,0
6751.66845000,0.00002000,0.00000000,0
6752.86055000,0.00002716,0.00000000,0
6753.46851000,0.00004973,0.00003419,12
6753.48043000,0.00005098,0.00003759,13
6753.65925000,0.00008622,0.00006129,13
6753.71885000,0.00013259,0.00009795,13
6753.73077000,0.00013146,0.00009958,13
6753.84998000,0.00010489,0.00004385,8
6753.89767000,0.00008261,0.00004552,11
6754.26722000,0.00005152,0.00003459,12
6754.37450000,0.00041529,0.00030653,13
6754.38643000,0.00042519,0.00031429,13
6754.54140000,0.00013558,0.00009695,13
6754.67253000,0.00035970,0.00027367,13
6754.68445000,0.00037860,0.00028990,13
6754.83942000,0.00101271,0.00076042,13
6754.98247000,0.00029497,0.00022233,13
6755.39970000,0.00047341,0.00034705,13
6755.69773000,0.00038830,0.00029065,13
6755.94807000,0.00000000,0.00000000,0
6756.19841000,0.00007608,0.00005934,13
6757.30705000,0.00277652,0.00004610,0
6757.48587000,0.00026581,0.00000000,0
6757.90310000,0.00268016,0.00222914,14
6760.58531000,0.00002280,0.00000000,0
6760.89525000,0.00004624,0.00004062,14
6761.18135000,0.00008055,0.00000000,0
6761.50322000,0.00000000,0.00000000,0
6761.92045000,0.00000000,0.00000000,0
6762.19463000,0.00052105,0.00002317,0
6762.51650000,0.00000000,0.00000000,0
6762.68339000,0.00003963,0.00002738,12
6762.98141000,0.00003599,0.00000000,0
6764.10198000,0.00027227,0.00000000,0
6765.27023000,0.00015880,0.00000000,0
6765.89012000,0.00000000,0.00000000,0
6766.06894000,0.00002919,0.00000000,0
6766.46233000,0.00019427,0.00000000,0
6767.23719000,0.00003749,0.00002795,13
6768.69154000,0.00006836,0.00002130,7
6769.10877000,0.00006151,0.00005245,14
6769.56177000,0.00000000,0.00000000,0
6769.65714000,0.00000000,0.00000000,0
6774.00827000,0.00052319,0.00000000,0
6774.12748000,0.00021212,0.00000000,0
6774.47319000,0.00003149,0.00001998,12
6774.48511000,0.00002992,0.00002011,12
6775.28381000,0.00087266,0.00004741,0
6776.11828000,0.00002971,0.00000000,0
6776.36862000,0.00041028,0.00003289,1
6776.38054000,0.00038493,0.00003322,1
6776.70240000,0.00001875,0.00000000,0
6777.25077000,0.00044437,0.00002788,1
6777.67992000,0.00000000,0.00000000,0
6777.93026000,0.00002473,0.00000000,0
6778.68128000,0.00002557,0.00000000,0
6779.28925000,0.00002994,0.00000000,0
6779.34885000,0.00000000,0.00000000,0
6779.55151000,0.00000000,0.00000000,0
6779.78992000,0.00000000,0.00000000,0
6779.92105000,0.00000000,0.00000000,0
6781.05354000,0.00003295,0.00002608,13
6781.57806000,0.00002075,0.00000000,0
6781.76880000,0.00057667,0.00000000,0
6782.04298000,0.00013797,0.00000000,0
6782.22179000,0.00002134,0.00000000,0
6782.23372000,0.00002291,0.00000000,0
6782.88937000,0.00000000,0.00000000,0
6783.08010000,0.00000000,0.00000000,0
6783.65231000,0.00002124,0.00001907,14
6784.55830000,0.00000000,0.00000000,0
6785.23779000,0.00000000,0.00000000,0
6785.92920000,0.00010311,0.00000000,0
6786.03649000,0.00040114,0.00000000,0
6786.20338000,0.00000000,0.00000000,0
6786.76367000,0.00007455,0.00000000,0
6787.96768000,0.00004270,0.00000000,0
6788.21802000,0.00002079,0.00000000,0
6788.44452000,0.00002930,0.00000000,0
6789.05249000,0.00011111,0.00002154,3
6789.14785000,0.00032078,0.00008278,5
6789.30283000,0.00000000,0.00000000,0
6789.61277000,0.00000000,0.00000000,0
6791.96119000,0.00001825,0.00000000,0
6792.72413000,0.00004003,0.00003034,13
6792.78374000,0.00006688,0.00000000,0
6792.93871000,0.00006342,0.00000000,0
6793.12944000,0.00004349,0.00000000,0
6794.42883000,0.00002186,0.00000000,0
6796.89646000,0.00004133,0.00000000,0
6797.30177000,0.00006592,0.00000000,0
6798.82765000,0.00000000,0.00000000,0
6798.97070000,0.00000000,0.00000000,0
6799.42369000,0.00003093,0.00000000,0
6800.77076000,0.00010098,0.00000000,0
6800.79460000,0.00010893,0.00000000,0
6801.09262000,0.00000000,0.00000000,0
6801.29528000,0.00000000,0.00000000,0
6802.18935000,0.00002265,0.00000000,0
6802.33240000,0.00000000,0.00000000,0
6802.47545000,0.00000000,0.00000000,0
6803.29800000,0.00000000,0.00000000,0
6803.69139000,0.00000000,0.00000000,0
6804.46625000,0.00003327,0.00000000,0
6804.83580000,0.00000000,0.00000000,0
6806.05173000,0.00002153,0.00000000,0
6806.30207000,0.00004157,0.00000000,0
6806.37360000,0.00009336,0.00002802,7
6806.39744000,0.00008154,0.00002357,5
6807.21998000,0.00002783,0.00000000,0
6807.50608000,0.00000000,0.00000000,0
6808.74586000,0.00003188,0.00000000,0
6809.86643000,0.00002518,0.00000000,0
6810.40287000,0.00056047,0.00013916,5
6810.51016000,0.00003969,0.00000000,0
6812.38174000,0.00004754,0.00000000,0
6812.44135000,0.00002294,0.00000000,0
6812.66785000,0.00002878,0.00000000,0
6813.38310000,0.00002184,0.00000000,0
6813.87186000,0.00000000,0.00000000,0
6814.51559000,0.00002023,0.00000000,0
6814.77785000,0.00001821,0.00000000,0
6814.95667000,0.00000000,0.00000000,0
6815.05203000,0.00004676,0.00000000,0
6815.31429000,0.00000000,0.00000000,0
6815.83881000,0.00000000,0.00000000,0
6816.53023000,0.00003985,0.00000000,0
6816.94746000,0.00000000,0.00000000,0
6817.11435000,0.00000000,0.00000000,0
6817.77000000,0.00000000,0.00000000,0
6818.42566000,0.00002212,0.00000000,0
6819.05746000,0.00009241,0.00000000,0
6820.02306000,0.00000000,0.00000000,0
6820.28532000,0.00000000,0.00000000,0
6820.86945000,0.00000000,0.00000000,0
6821.28668000,0.00000000,0.00000000,0
6821.37012000,0.00005882,0.00000000,0
6821.57278000,0.00003129,0.00000000,0
6821.89465000,0.00000000,0.00000000,0
6822.27612000,0.00000000,0.00000000,0
6822.43109000,0.00000000,0.00000000,0
6823.48013000,0.00000000,0.00000000,0
6823.68279000,0.00003059,0.00000000,0
6824.05233000,0.00000000,0.00000000,0
6824.48149000,0.00004511,0.00000000,0
6824.54109000,0.00001983,0.00000000,0
6824.63646000,0.00003140,0.00000000,0
6824.80335000,0.00002378,0.00000000,0
6825.54245000,0.00000000,0.00000000,0
6825.78087000,0.00000000,0.00000000,0
6825.87624000,0.00005236,0.00000000,0
6826.93720000,0.00000000,0.00000000,0
6829.19025000,0.00002393,0.00000000,0
6831.78902000,0.00000000,0.00000000,0
6834.06591000,0.00000000,0.00000000,0
6835.10303000,0.00088029,0.00000000,0
6835.74677000,0.00006778,0.00000000,0
6836.03287000,0.00092333,0.00000000,0
6836.33089000,0.00002166,0.00000000,0
6836.56931000,0.00000000,0.00000000,0
6836.89117000,0.00000000,0.00000000,0
6838.91773000,0.00000000,0.00000000,0
6838.97734000,0.00002826,0.00000000,0
6839.12039000,0.00000000,0.00000000,0
6839.23960000,0.00000000,0.00000000,0
6839.46609000,0.00000000,0.00000000,0
6841.73107000,0.00002339,0.00000000,0
6841.90989000,0.00003555,0.00002087,11
6841.93373000,0.00003907,0.00002255,11
6843.54305000,0.00003710,0.00000000,0
6844.92588000,0.00028872,0.00000000,0
6845.16430000,0.00003222,0.00000000,0
6846.61865000,0.00003842,0.00000000,0
6846.82131000,0.00006568,0.00000000,0
6847.03588000,0.00002865,0.00000000,0
6848.08493000,0.00001971,0.00000000,0
6848.23990000,0.00232978,0.00188006,14
6848.56176000,0.00000000,0.00000000,0
6852.11420000,0.00000000,0.00000000,0
6852.50759000,0.00000000,0.00000000,0
6852.76985000,0.00000000,0.00000000,0
6853.47319000,0.00003913,0.00000000,0
6853.75929000,0.00001953,0.00000000,0
6854.27189000,0.00000000,0.00000000,0
6854.96330000,0.00000000,0.00000000,0
6855.60703000,0.00000000,0.00000000,0
6857.83625000,0.00000000,0.00000000,0
6859.20715000,0.00000000,0.00000000,0
6859.81512000,0.00000000,0.00000000,0
6860.01778000,0.00005299,0.00002092,8
6860.06546000,0.00011019,0.00000000,0
6860.12506000,0.00004861,0.00000000,0
6860.35156000,0.00000000,0.00000000,0
6860.97145000,0.00000000,0.00000000,0
6861.20987000,0.00000000,0.00000000,0
6861.68671000,0.00000000,0.00000000,0
6862.41388000,0.00000000,0.00000000,0
6862.97417000,0.00000000,0.00000000,0
6863.41524000,0.00000000,0.00000000,0
6864.26163000,0.00000000,0.00000000,0
6865.02457000,0.00004151,0.00000000,0
6865.16762000,0.00000000,0.00000000,0
6865.51332000,0.00000000,0.00000000,0
6865.63253000,0.00002089,0.00000000,0
6866.57429000,0.00012358,0.00009816,13
6866.58621000,0.00012672,0.00010268,14
6867.52796000,0.00000000,0.00000000,0
6867.69485000,0.00001888,0.00000000,0
6868.32666000,0.00002675,0.00000000,0
6868.43395000,0.00013082,0.00000000,0
6869.17305000,0.00009341,0.00000000,0
6870.06712000,0.00003080,0.00000000,0
6871.97447000,0.00004478,0.00000000,0
6873.69108000,0.00000000,0.00000000,0
6874.56131000,0.00001891,0.00000000,0
6874.99046000,0.00002650,0.00001807,12
6875.22888000,0.00000000,0.00000000,0
6876.11103000,0.00011789,0.00000000,0
6876.65939000,0.00001836,0.00000000,0
6876.94550000,0.00611493,0.00011070,0
6877.05278000,0.00106248,0.00000000,0
6877.16007000,0.00002596,0.00000000,0
6877.51770000,0.00000000,0.00000000,0
6877.95877000,0.00000000,0.00000000,0
6878.10183000,0.00000000,0.00000000,0
6878.76940000,0.00000000,0.00000000,0
6880.43833000,0.00000000,0.00000000,0
6882.34568000,0.00000000,0.00000000,0
6882.64370000,0.00000000,0.00000000,0
6882.89404000,0.00004426,0.00000000,0
6883.03709000,0.00000000,0.00000000,0
6883.77619000,0.00000000,0.00000000,0
6883.95500000,0.00000000,0.00000000,0
6884.18150000,0.00000000,0.00000000,0
6884.64642000,0.00000000,0.00000000,0
6885.05173000,0.00000000,0.00000000,0
6885.20670000,0.00000000,0.00000000,0
6885.32591000,0.00000000,0.00000000,0
6885.49280000,0.00000000,0.00000000,0
6885.82659000,0.00000000,0.00000000,0
6888.72337000,0.00026066,0.00000000,0
6888.86642000,0.00006132,0.00000000,0
6889.92739000,0.00000000,0.00000000,0
6891.22677000,0.00000000,0.00000000,0
6891.53671000,0.00000000,0.00000000,0
6893.89706000,0.00000000,0.00000000,0
6894.50502000,0.00011523,0.00000000,0
6894.58847000,0.00002053,0.00000000,0
6894.85073000,0.00016180,0.00000000,0
6895.04147000,0.00008622,0.00000000,0
6895.19644000,0.00004287,0.00000000,0
6895.49446000,0.00022696,0.00000000,0
6895.99514000,0.00007884,0.00000000,0
6896.06667000,0.00031524,0.00000000,0
6896.37661000,0.00013468,0.00000000,0
6896.56734000,0.00005125,0.00000000,0
6896.63887000,0.00002352,0.00000000,0
6896.74616000,0.00010347,0.00000000,0
6896.87729000,0.00000000,0.00000000,0
6897.03226000,0.00000000,0.00000000,0
6897.15147000,0.00003450,0.00000000,0
6897.21107000,0.00000000,0.00000000,0
6897.35413000,0.00000000,0.00000000,0
6897.53294000,0.00000000,0.00000000,0
6897.65215000,0.00000000,0.00000000,0
6897.75944000,0.00000000,0.00000000,0
6899.90520000,0.00000000,0.00000000,0
6900.58470000,0.00000000,0.00000000,0
6901.04961000,0.00000000,0.00000000,0
6901.39532000,0.00000000,0.00000000,0
6901.53837000,0.00000000,0.00000000,0
6901.75295000,0.00000000,0.00000000,0
6902.59933000,0.00000000,0.00000000,0
6904.04177000,0.00000000,0.00000000,0
6904.17290000,0.00000000,0.00000000,0
6904.25634000,0.00000000,0.00000000,0
6905.66301000,0.00000000,0.00000000,0
6906.25906000,0.00002984,0.00001965,12
6906.54516000,0.00000000,0.00000000,0
6906.59285000,0.00002331,0.00000000,0
6906.90279000,0.00000000,0.00000000,0
6907.03392000,0.00000000,0.00000000,0
6907.28426000,0.00000000,0.00000000,0
6912.87518000,0.00000000,0.00000000,0
6913.23280000,0.00000000,0.00000000,0
6914.77060000,0.00000000,0.00000000,0
6916.28456000,0.00000000,0.00000000,0
6916.55874000,0.00006405,0.00000000,0
6916.73756000,0.00003934,0.00000000,0
6916.90445000,0.00013311,0.00000000,0
6917.01174000,0.00000000,0.00000000,0
6919.30056000,0.00000000,0.00000000,0
6921.85163000,0.00000000,0.00000000,0
6921.99469000,0.00000000,0.00000000,0
6922.43576000,0.00002400,0.00000000,0
6924.53384000,0.00000000,0.00000000,0
6924.92723000,0.00006304,0.00000000,0
6926.16701000,0.00015143,0.00013234,14
6926.17893000,0.00016107,0.00013866,14
6926.48888000,0.00000000,0.00000000,0
6926.78690000,0.00000000,0.00000000,0
6927.14453000,0.00000000,0.00000000,0
6928.28894000,0.00001858,0.00000000,0
6930.69696000,0.00000000,0.00000000,0
6930.88770000,0.00000000,0.00000000,0
6930.94730000,0.00000000,0.00000000,0
6930.99499000,0.00000000,0.00000000,0
6931.04267000,0.00000000,0.00000000,0
6931.17380000,0.00003246,0.00002764,14
6931.18572000,0.00003599,0.00003222,14
6931.48375000,0.00001919,0.00000000,0
6931.57911000,0.00000000,0.00000000,0
6931.67448000,0.00000000,0.00000000,0
6931.72216000,0.00000000,0.00000000,0
6931.76985000,0.00000000,0.00000000,0
6931.81753000,0.00000000,0.00000000,0
6931.91290000,0.00003811,0.00003002,13
6931.96058000,0.00006515,0.00004843,13
6932.10363000,0.00000000,0.00000000,0
6932.25861000,0.00000000,0.00000000,0
6933.22420000,0.00000000,0.00000000,0
6933.35533000,0.00009345,0.00002491,5
6933.58183000,0.00001907,0.00000000,0
6933.66528000,0.00000000,0.00000000,0
6935.16731000,0.00000000,0.00000000,0
6935.32228000,0.00000000,0.00000000,0
6935.85873000,0.00000000,0.00000000,0
6937.69455000,0.00000000,0.00000000,0
6938.31444000,0.00000000,0.00000000,0
6938.51709000,0.00011317,0.00010047,14
6939.56614000,0.00000000,0.00000000,0
6939.86416000,0.00000000,0.00000000,0
6940.10258000,0.00000000,0.00000000,0
6940.22179000,0.00002152,0.00000000,0
6940.56749000,0.00000000,0.00000000,0
6942.80863000,0.00000000,0.00000000,0
6943.07089000,0.00000000,0.00000000,0
6943.51196000,0.00000000,0.00000000,0
6944.27490000,0.00003794,0.00000000,0
6944.65637000,0.00000000,0.00000000,0
6944.71598000,0.00002374,0.00000000,0
6944.93055000,0.00001897,0.00000000,0
6946.19417000,0.00004852,0.00000000,0
6946.36106000,0.00002892,0.00001978,12
6946.74253000,0.00001899,0.00000000,0
6947.05248000,0.00000000,0.00000000,0
6947.19553000,0.00000000,0.00000000,0
6947.26706000,0.00000000,0.00000000,0
6947.79158000,0.00000000,0.00000000,0
6948.16113000,0.00000000,0.00000000,0
6948.47107000,0.00000000,0.00000000,0
6950.08039000,0.00000000,0.00000000,0
6951.18904000,0.00000000,0.00000000,0
6951.60627000,0.00000000,0.00000000,0
6953.25136000,0.00004657,0.00000000,0
6953.60899000,0.00000000,0.00000000,0
6953.85933000,0.00002150,0.00000000,0
6954.31232000,0.00001836,0.00000000,0
6954.69379000,0.00000000,0.00000000,0
6954.84877000,0.00004018,0.00000000,0
6955.69515000,0.00000000,0.00000000,0
6955.79052000,0.00004100,0.00002623,12
6956.20775000,0.00000000,0.00000000,0
6957.00645000,0.00003354,0.00000000,0
6957.56674000,0.00002158,0.00000000,0
6957.57866000,0.00002198,0.00000000,0
6957.75747000,0.00003939,0.00003079,13
6959.81979000,0.00000000,0.00000000,0
6960.15358000,0.00000000,0.00000000,0
6960.94036000,0.00000000,0.00000000,0
6961.15494000,0.00000000,0.00000000,0
6961.29799000,0.00010599,0.00000000,0
6961.39336000,0.00008129,0.00000000,0
6961.79867000,0.00000000,0.00000000,0
6962.70466000,0.00013224,0.00000000,0
6963.70602000,0.00004858,0.00000000,0
6963.78946000,0.00000000,0.00000000,0
6963.95636000,0.00037919,0.00000000,0
6964.88619000,0.00000000,0.00000000,0
6967.94987000,0.00000000,0.00000000,0
6968.34326000,0.00003525,0.00002092,11
6971.19236000,0.00000000,0.00000000,0
6972.07451000,0.00000000,0.00000000,0
6972.82553000,0.00000000,0.00000000,0
6972.96858000,0.00005856,0.00004314,13
6973.29044000,0.00002491,0.00000000,0
6973.56462000,0.00000000,0.00000000,0
6973.92225000,0.00000000,0.00000000,0
6974.19643000,0.00000000,0.00000000,0
6974.36333000,0.00042860,0.00037261,14
6975.26932000,0.00001860,0.00000000,0
6975.46005000,0.00002147,0.00000000,0
6976.35412000,0.00000000,0.00000000,0
6976.47333000,0.00000000,0.00000000,0
6977.20051000,0.00005652,0.00000000,0
6977.39124000,0.00002429,0.00000000,0
6979.33435000,0.00002142,0.00000000,0
6980.87215000,0.00000000,0.00000000,0
6981.21786000,0.00000000,0.00000000,0
6982.46956000,0.00000000,0.00000000,0
6983.37555000,0.00000000,0.00000000,0
6983.60205000,0.00000000,0.00000000,0
6983.76894000,0.00000000,0.00000000,0
6983.92391000,0.00000000,0.00000000,0
6985.81934000,0.00000000,0.00000000,0
6986.30810000,0.00002839,0.00000000,0
6987.09488000,0.00000000,0.00000000,0
6988.35850000,0.00000000,0.00000000,0
6989.31217000,0.00002235,0.00000000,0
6990.20624000,0.00004045,0.00000000,0
6990.33737000,0.00000000,0.00000000,0
6990.67116000,0.00000000,0.00000000,0
6991.32681000,0.00000000,0.00000000,0
6991.94670000,0.00000000,0.00000000,0
6992.35201000,0.00000000,0.00000000,0
6994.74812000,0.00000000,0.00000000,0
6994.93885000,0.00162285,0.00042424,5
6996.77467000,0.00025399,0.00000000,0
6997.51377000,0.00000000,0.00000000,0
6997.95485000,0.00000000,0.00000000,0
6998.37208000,0.00000000,0.00000000,0
6998.83699000,0.00000000,0.00000000,0
6999.12310000,0.00003460,0.00000000,0
6999.71914000,0.00000000,0.00000000,0
7000.67282000,0.00000000,0.00000000,0
7001.14965000,0.00000000,0.00000000,0
7002.48480000,0.00005165,0.00000000,0
7002.60401000,0.00000000,0.00000000,0
7003.02124000,0.00006856,0.00000000,0
7004.98819000,0.00000000,0.00000000,0
7006.41870000,0.00000000,0.00000000,0
7006.64520000,0.00000000,0.00000000,0
7007.19357000,0.00000000,0.00000000,0
7007.63464000,0.00001784,0.00000000,0
7007.68232000,0.00002111,0.00000000,0
7007.98035000,0.00002846,0.00000000,0
7008.09956000,0.00099349,0.00025764,5
7008.26645000,0.00043648,0.00011300,5
7008.45718000,0.00006474,0.00000000,0
7009.78041000,0.00000000,0.00000000,0
7010.20956000,0.00003425,0.00000000,0
7011.11555000,0.00000000,0.00000000,0
7011.42550000,0.00002510,0.00000000,0
7011.89041000,0.00000000,0.00000000,0
7012.11691000,0.00002114,0.00000000,0
7012.15267000,0.00002902,0.00000000,0
7013.01098000,0.00000000,0.00000000,0
7013.14211000,0.00002478,0.00000000,0
7014.27460000,0.00001967,0.00000000,0
7014.82296000,0.00020030,0.00002034,1
7014.83488000,0.00019807,0.00002037,1
7015.16867000,0.00000000,0.00000000,0
7015.29980000,0.00000000,0.00000000,0
7015.64550000,0.00000000,0.00000000,0
7016.65878000,0.00004859,0.00000000,0
7017.45749000,0.00001877,0.00000000,0
7018.38732000,0.00006426,0.00002053,7
7018.48269000,0.00072546,0.00019728,5
7018.62574000,0.00029392,0.00008096,5
7018.69726000,0.00007850,0.00002132,5
7019.01913000,0.00002016,0.00000000,0
7019.53173000,0.00000000,0.00000000,0
7020.31851000,0.00008776,0.00006412,13
7020.42580000,0.00000000,0.00000000,0
7020.50924000,0.00006734,0.00005710,14
7021.27218000,0.00003481,0.00002391,12
7021.29602000,0.00003979,0.00002759,12
7021.62981000,0.00002727,0.00002061,13
7021.84439000,0.00002255,0.00000000,0
7022.46428000,0.00133735,0.00002579,0
7022.61925000,0.00062908,0.00002418,0
7022.64309000,0.00069775,0.00002109,0
7023.45371000,0.00000000,0.00000000,0
7024.12128000,0.00000000,0.00000000,0
7024.28818000,0.00002157,0.00000000,0
7024.80078000,0.00000000,0.00000000,0
7024.89614000,0.00005255,0.00000000,0
7025.17033000,0.00000000,0.00000000,0
7026.86310000,0.00000000,0.00000000,0
7027.55451000,0.00000000,0.00000000,0
7027.93598000,0.00000000,0.00000000,0
7028.06711000,0.00000000,0.00000000,0
7028.29361000,0.00000000,0.00000000,0
7029.48570000,0.00000000,0.00000000,0
7029.87909000,0.00004616,0.00000000,0
7031.11887000,0.00000000,0.00000000,0
7031.77452000,0.00023932,0.00000000,0
7032.02486000,0.00005972,0.00000000,0
7032.12023000,0.00000000,0.00000000,0
7032.52554000,0.00007083,0.00006438,15
7032.74012000,0.00022382,0.00017776,13
7032.82356000,0.00032421,0.00025858,13
7032.95469000,0.00019209,0.00016912,14
7033.39577000,0.00120572,0.00098363,14
7033.57458000,0.00070378,0.00056828,14
7033.84876000,0.00019097,0.00016225,14
7033.97989000,0.00173027,0.00139709,14
7034.12294000,0.00126796,0.00102332,14
7034.51633000,0.00043511,0.00035252,14
7034.75475000,0.00031222,0.00025927,14
7034.95741000,0.00088084,0.00071222,14
7035.29119000,0.00058781,0.00047318,14
7035.47001000,0.00015078,0.00012650,14
7035.55346000,0.00024485,0.00020353,14
7035.79187000,0.00019660,0.00016227,14
7036.22103000,0.00022499,0.00017973,13
7036.30447000,0.00005274,0.00003388,12
7036.32832000,0.00007686,0.00005805,13
7036.38792000,0.00002779,0.00001889,12
7037.30583000,0.00000000,0.00000000,0
7037.74691000,0.00002357,0.00000000,0
7038.35487000,0.00002281,0.00000000,0
7038.87939000,0.00000000,0.00000000,0
7039.32047000,0.00004082,0.00000000,0
7040.41719000,0.00000000,0.00000000,0
7040.69138000,0.00004429,0.00000000,0
7040.88211000,0.00002160,0.00000000,0
7041.00132000,0.00136406,0.00001866,0
7041.13245000,0.00030023,0.00026992,14
7041.51392000,0.00000000,0.00000000,0
7041.89539000,0.00000000,0.00000000,0
7042.70601000,0.00000000,0.00000000,0
7044.39878000,0.00000000,0.00000000,0
7046.69952000,0.00000000,0.00000000,0
7048.66648000,0.00004879,0.00000000,0
7048.84529000,0.00002315,0.00000000,0
7051.14603000,0.00000000,0.00000000,0
7051.37253000,0.00000000,0.00000000,0
7052.60038000,0.00001788,0.00000000,0
7052.64807000,0.00003173,0.00000000,0
7052.82688000,0.00002240,0.00000000,0
7053.08914000,0.00008078,0.00000000,0
7053.26796000,0.00002693,0.00000000,0
7054.42429000,0.00000000,0.00000000,0
7054.86536000,0.00006852,0.00000000,0
7054.87728000,0.00007252,0.00000000,0
7055.43756000,0.00002680,0.00000000,0
7055.85480000,0.00000000,0.00000000,0
7056.37932000,0.00006984,0.00000000,0
7056.61774000,0.00002225,0.00000000,0
7058.53701000,0.00000000,0.00000000,0
7058.70390000,0.00000000,0.00000000,0
7060.56356000,0.00001845,0.00000000,0
7060.62317000,0.00002191,0.00000000,0
7061.42187000,0.00000000,0.00000000,0
7063.47227000,0.00000000,0.00000000,0
7066.91742000,0.00000000,0.00000000,0
7067.85917000,0.00000000,0.00000000,0
7071.11359000,0.00000000,0.00000000,0
7071.49506000,0.00053248,0.00002842,0
7073.12822000,0.00000000,0.00000000,0
7073.27127000,0.00025355,0.00000000,0
7074.42760000,0.00000000,0.00000000,0
7074.53489000,0.00000000,0.00000000,0
7074.76139000,0.00002804,0.00000000,0
7076.76411000,0.00000000,0.00000000,0
7077.77739000,0.00000000,0.00000000,0
7079.33903000,0.00000000,0.00000000,0
7079.45824000,0.00002240,0.00000000,0
7080.04236000,0.00000000,0.00000000,0
7081.05564000,0.00000000,0.00000000,0
7081.61592000,0.00000000,0.00000000,0
7081.91395000,0.00000000,0.00000000,0
7082.70073000,0.00002517,0.00000000,0
7082.77225000,0.00002454,0.00000000,0
7082.87954000,0.00002161,0.00000000,0
7083.14180000,0.00001828,0.00000000,0
7083.38022000,0.00002790,0.00000000,0
7083.42791000,0.00001906,0.00000000,0
7083.52327000,0.00003535,0.00000000,0
7083.55904000,0.00002849,0.00000000,0
7083.60672000,0.00003799,0.00000000,0
7083.80938000,0.01981974,0.00040399,0
7083.98819000,0.01094197,0.00022884,0
7084.17892000,0.00000000,0.00000000,0
7084.27429000,0.00002425,0.00000000,0
7084.35774000,0.00002259,0.00000000,0
7084.53655000,0.00002485,0.00000000,0
7084.62000000,0.00002039,0.00000000,0
7085.08492000,0.00004359,0.00000000,0
7085.32333000,0.00002518,0.00000000,0
7085.45446000,0.00000000,0.00000000,0
7086.18164000,0.00000000,0.00000000,0
7088.61351000,0.00000000,0.00000000,0
7088.70888000,0.00003715,0.00002821,13
7089.66255000,0.00000000,0.00000000,0
7090.29436000,0.00000000,0.00000000,0
7091.08114000,0.00003337,0.00002939,14
7091.91561000,0.00000000,0.00000000,0
7092.24939000,0.00000000,0.00000000,0
7092.97657000,0.00004156,0.00000000,0
7093.82296000,0.00005502,0.00000000,0
7094.37132000,0.00000000,0.00000000,0
7095.15810000,0.00000000,0.00000000,0
7095.44420000,0.00000000,0.00000000,0
7095.84951000,0.00000000,0.00000000,0
7096.12370000,0.00000000,0.00000000,0
7097.61381000,0.00000000,0.00000000,0
7099.24698000,0.00007540,0.00000000,0
7100.04568000,0.00002018,0.00000000,0
7100.26026000,0.00000000,0.00000000,0
7103.43122000,0.00027940,0.00000000,0
7104.03919000,0.00006904,0.00000000,0
7105.44586000,0.00000000,0.00000000,0
7106.56643000,0.00001932,0.00000000,0
7107.35321000,0.00000000,0.00000000,0
7107.79428000,0.00000000,0.00000000,0
7107.92542000,0.00003149,0.00001817,11
7110.09502000,0.00007732,0.00000000,0
7110.83412000,0.00000000,0.00000000,0
7111.01294000,0.00000000,0.00000000,0
7111.34672000,0.00003679,0.00000000,0
7111.60898000,0.00000000,0.00000000,0
7111.87124000,0.00000000,0.00000000,0
7112.46729000,0.00000000,0.00000000,0
7112.59842000,0.00000000,0.00000000,0
7112.70571000,0.00000000,0.00000000,0
7114.02893000,0.00000000,0.00000000,0
7114.14814000,0.00000000,0.00000000,0
7114.69650000,0.00000000,0.00000000,0
7115.86475000,0.00000000,0.00000000,0
7116.30583000,0.00000000,0.00000000,0
7116.85419000,0.00000000,0.00000000,0
7116.96148000,0.00000000,0.00000000,0
7117.11645000,0.00000000,0.00000000,0
7118.22510000,0.00003072,0.00002627,14
7118.86883000,0.00000000,0.00000000,0
7119.67945000,0.00000000,0.00000000,0
7120.31126000,0.00000000,0.00000000,0
7120.43047000,0.00000000,0.00000000,0
7121.05036000,0.00000000,0.00000000,0
7122.76697000,0.00000000,0.00000000,0
7122.79081000,0.00002091,0.00000000,0
7123.86370000,0.00000000,0.00000000,0
7124.63856000,0.00000000,0.00000000,0
7125.07963000,0.00000000,0.00000000,0
7125.43726000,0.00001871,0.00000000,0
7125.54455000,0.00000000,0.00000000,0
7126.40285000,0.00001786,0.00000000,0
7126.43862000,0.00000000,0.00000000,0
7126.74856000,0.00000000,0.00000000,0
7127.03466000,0.00000000,0.00000000,0
7127.21348000,0.00031985,0.00000000,0
7127.32077000,0.00010358,0.00001976,3
7127.34461000,0.00012789,0.00001856,2
7127.46382000,0.00004327,0.00000000,0
7127.98834000,0.00000000,0.00000000,0
7129.70495000,0.00000000,0.00000000,0
7129.94337000,0.00002899,0.00000000,0
7130.13411000,0.00000000,0.00000000,0
7130.52750000,0.00000000,0.00000000,0
7130.68247000,0.00000000,0.00000000,0
7131.26659000,0.00000000,0.00000000,0
7131.32620000,0.00002394,0.00000000,0
7131.88648000,0.00051875,0.00000000,0
7131.98185000,0.00002814,0.00000000,0
7133.26931000,0.00000000,0.00000000,0
7134.18722000,0.00000000,0.00000000,0
7134.34219000,0.00004186,0.00000000,0
7134.38988000,0.00006760,0.00000000,0
7134.44948000,0.00002699,0.00000000,0
7134.95016000,0.00000000,0.00000000,0
7136.33299000,0.00000000,0.00000000,0
7137.64429000,0.00005292,0.00000000,0
7139.33706000,0.00000000,0.00000000,0
7139.50396000,0.00000000,0.00000000,0
7139.77814000,0.00003503,0.00000000,0
7141.13712000,0.00000000,0.00000000,0
7142.78221000,0.00005970,0.00002260,8
7142.92526000,0.00000000,0.00000000,0
7143.59283000,0.00000000,0.00000000,0
7144.66572000,0.00004277,0.00000000,0
7144.92798000,0.00010854,0.00000000,0
7145.17832000,0.00000000,0.00000000,0
7147.10951000,0.00001893,0.00000000,0
7147.24064000,0.00000000,0.00000000,0
7148.33736000,0.00002098,0.00000000,0
7148.76652000,0.00000000,0.00000000,0
7148.93341000,0.00000000,0.00000000,0
7150.31624000,0.00000000,0.00000000,0
7150.60234000,0.00000000,0.00000000,0
7150.62618000,0.00001798,0.00000000,0
7150.95997000,0.00000000,0.00000000,0
7151.50833000,0.00000000,0.00000000,0
7151.79443000,0.00000000,0.00000000,0
7152.42624000,0.00000000,0.00000000,0
7152.99845000,0.00005500,0.00004598,14
7153.24879000,0.00000000,0.00000000,0
7153.54681000,0.00006062,0.00000000,0
7153.61834000,0.00022173,0.00002184,1
7154.07133000,0.00007980,0.00002080,5
7154.09517000,0.00008602,0.00001935,4
7155.14421000,0.00000000,0.00000000,0
7155.72834000,0.00000000,0.00000000,0
7156.51512000,0.00012544,0.00000000,0
7157.25422000,0.00003412,0.00002966,14
7157.27806000,0.00003715,0.00002813,13
7157.48072000,0.00000000,0.00000000,0
7157.63569000,0.00000000,0.00000000,0
7157.83834000,0.00000000,0.00000000,0
7158.16021000,0.00002132,0.00000000,0
7158.66089000,0.00007912,0.00000000,0
7158.88739000,0.00007202,0.00000000,0
7159.43575000,0.00000000,0.00000000,0
7160.30598000,0.00000000,0.00000000,0
7160.42519000,0.00000000,0.00000000,0
7160.66360000,0.00005729,0.00005057,14
7160.97355000,0.00000000,0.00000000,0
7161.50999000,0.00000000,0.00000000,0
7162.30869000,0.00003913,0.00000000,0
7163.81073000,0.00002097,0.00000000,0
7164.01339000,0.00000000,0.00000000,0
7164.84785000,0.00006082,0.00000000,0
7165.59887000,0.00000000,0.00000000,0
7166.70752000,0.00000000,0.00000000,0
7168.13803000,0.00000000,0.00000000,0
7169.09170000,0.00000000,0.00000000,0
7169.59238000,0.00000000,0.00000000,0
7169.62814000,0.00002504,0.00000000,0
7170.66526000,0.00006992,0.00000000,0
7170.99905000,0.00000000,0.00000000,0
7171.17786000,0.00000000,0.00000000,0
7171.69046000,0.00000000,0.00000000,0
7172.35804000,0.00000000,0.00000000,0
7172.62030000,0.00004414,0.00000000,0
7173.39516000,0.00000000,0.00000000,0
7174.01505000,0.00000000,0.00000000,0
7174.87335000,0.00000000,0.00000000,0
7175.56477000,0.00000000,0.00000000,0
7176.94759000,0.00000000,0.00000000,0
7177.47211000,0.00000000,0.00000000,0
7177.72245000,0.00000000,0.00000000,0
7178.97415000,0.00000000,0.00000000,0
7179.52251000,0.00000000,0.00000000,0
7179.88014000,0.00000000,0.00000000,0
7180.72653000,0.00000000,0.00000000,0
7180.80997000,0.00003610,0.00000000,0
7181.20337000,0.00003029,0.00000000,0
7182.32393000,0.00003337,0.00000000,0
7182.83653000,0.00000000,0.00000000,0
7183.09879000,0.00000000,0.00000000,0
7183.65908000,0.00008388,0.00000000,0
7184.58891000,0.00013779,0.00000000,0
7184.86309000,0.00000000,0.00000000,0
7185.43530000,0.00000000,0.00000000,0
7185.88829000,0.00001858,0.00000000,0
7186.24592000,0.00000000,0.00000000,0
7186.99694000,0.00009215,0.00000000,0
7188.32016000,0.00003554,0.00000000,0
7189.16655000,0.00000000,0.00000000,0
7189.33344000,0.00000000,0.00000000,0
7189.73875000,0.00001980,0.00000000,0
7190.07254000,0.00005148,0.00001977,8
7190.08446000,0.00005320,0.00001826,7
7190.83548000,0.00002635,0.00000000,0
7191.37192000,0.00008526,0.00000000,0
7191.47921000,0.00000000,0.00000000,0
7192.15870000,0.00003674,0.00000000,0
7192.56401000,0.00000000,0.00000000,0
7193.25542000,0.00000000,0.00000000,0
7193.58921000,0.00000000,0.00000000,0
7194.01836000,0.00001836,0.00000000,0
7194.04221000,0.00000000,0.00000000,0
7194.30447000,0.00000000,0.00000000,0
7194.72170000,0.00003508,0.00001925,11
7194.96012000,0.00000000,0.00000000,0
7195.00780000,0.00000000,0.00000000,0
7195.36543000,0.00000000,0.00000000,0
7195.54424000,0.00000000,0.00000000,0
7195.59193000,0.00000000,0.00000000,0
7195.74690000,0.00003578,0.00003183,14
7195.90187000,0.00000000,0.00000000,0
7195.97340000,0.00000000,0.00000000,0
7196.56944000,0.00000000,0.00000000,0
7197.60656000,0.00000000,0.00000000,0
7197.89267000,0.00010767,0.00001982,3
7197.95227000,0.00004528,0.00003228,13
7198.09532000,0.00000000,0.00000000,0
7198.35758000,0.00000000,0.00000000,0
7198.73905000,0.00003771,0.00000000,0
7198.83442000,0.00000000,0.00000000,0
7199.63312000,0.00000000,0.00000000,0
7200.67024000,0.00000000,0.00000000,0
7200.90866000,0.00000000,0.00000000,0
7201.09940000,0.00000000,0.00000000,0
7201.50471000,0.00000000,0.00000000,0
7201.55239000,0.00000000,0.00000000,0
7201.64776000,0.00000000,0.00000000,0
7201.73120000,0.00000000,0.00000000,0
7201.83849000,0.00000000,0.00000000,0
7202.06499000,0.00005031,0.00000000,0
7202.11267000,0.00002258,0.00000000,0
7202.55375000,0.00000000,0.00000000,0
7204.02002000,0.00004978,0.00000000,0
7204.03194000,0.00005170,0.00000000,0
7204.21076000,0.00000000,0.00000000,0
7204.44918000,0.00000000,0.00000000,0
7204.60415000,0.00000000,0.00000000,0
7204.99754000,0.00000000,0.00000000,0
7205.23596000,0.00000000,0.00000000,0
7205.58167000,0.00005821,0.00003357,11
7205.68895000,0.00000000,0.00000000,0
7205.95121000,0.00000000,0.00000000,0
7206.07042000,0.00003906,0.00003458,14
7206.27308000,0.00003299,0.00000000,0
7206.33268000,0.00001951,0.00000000,0
7206.57110000,0.00016457,0.00013621,14
7206.77376000,0.00005552,0.00004795,14
7206.78568000,0.00005513,0.00004742,14
7206.95257000,0.00005288,0.00003856,13
7206.98833000,0.00003754,0.00002228,11
7207.11946000,0.00008144,0.00006305,13
7207.16715000,0.00012304,0.00009726,13
7207.58438000,0.00009044,0.00007538,14
7207.66783000,0.00000000,0.00000000,0
7208.21619000,0.00008777,0.00006725,13
7208.52613000,0.00000000,0.00000000,0
7208.60958000,0.00001802,0.00000000,0
7208.81224000,0.00000000,0.00000000,0
7208.96721000,0.00003007,0.00002107,12
7209.11026000,0.00004173,0.00002935,12
7209.24139000,0.00012777,0.00011499,14
7209.34868000,0.00000000,0.00000000,0
7209.68246000,0.00244666,0.00002575,0
7209.92088000,0.00000000,0.00000000,0
7210.80303000,0.00000000,0.00000000,0
7211.33947000,0.00000000,0.00000000,0
7211.41100000,0.00001828,0.00000000,0
7211.98320000,0.00000000,0.00000000,0
7212.28123000,0.00001848,0.00000000,0
7212.75806000,0.00000000,0.00000000,0
7212.87727000,0.00000000,0.00000000,0
7213.53292000,0.00001838,0.00000000,0
7213.59253000,0.00003160,0.00000000,0
7213.96208000,0.00000000,0.00000000,0
7214.45084000,0.00000000,0.00000000,0
7215.38067000,0.00000000,0.00000000,0
7215.60717000,0.00001928,0.00000000,0
7215.79790000,0.00000000,0.00000000,0
7216.07208000,0.00000000,0.00000000,0
7216.17937000,0.00002744,0.00000000,0
7216.62045000,0.00000000,0.00000000,0
7217.02576000,0.00000000,0.00000000,0
7217.32378000,0.00000000,0.00000000,0
7217.52644000,0.00000000,0.00000000,0
7217.91983000,0.00000000,0.00000000,0
7218.07480000,0.00002235,0.00000000,0
7218.20593000,0.00006261,0.00000000,0
7218.87350000,0.00016604,0.00004784,5
7218.95695000,0.00005479,0.00001816,7
7219.12384000,0.00006147,0.00005415,14
7220.38746000,0.00011796,0.00000000,0
7220.47091000,0.00091755,0.00000000,0
7220.91198000,0.00000000,0.00000000,0
7221.18616000,0.00000000,0.00000000,0
7221.41266000,0.00000000,0.00000000,0
7221.79413000,0.00000000,0.00000000,0
7222.24712000,0.00000000,0.00000000,0
7222.77164000,0.00000000,0.00000000,0
7223.04583000,0.00000000,0.00000000,0
7223.29617000,0.00000000,0.00000000,0
7223.48690000,0.00069155,0.00052315,13
7223.64187000,0.00139830,0.00104869,13
7223.74916000,0.00141994,0.00106048,13
7223.85645000,0.00002374,0.00000000,0
7224.04718000,0.00000000,0.00000000,0
7224.15447000,0.00097575,0.00073407,13
7224.17831000,0.00110354,0.00083119,13
7224.24984000,0.00020007,0.00015114,13
7224.33329000,0.00000000,0.00000000,0
7224.57170000,0.00115035,0.00087698,13
7224.58363000,0.00117109,0.00089460,13
7224.72668000,0.00433225,0.00327070,13
7224.94125000,0.00144634,0.00109664,13
7225.09623000,0.00134673,0.00102010,13
7225.26312000,0.00356147,0.00307364,14
7225.40617000,0.00000000,0.00000000,0
7225.46577000,0.00002158,0.00000000,0
7225.76380000,0.00222672,0.00167953,13
7226.21679000,0.00095561,0.00073574,13
7226.37177000,0.00215821,0.00164120,13
7226.56250000,0.00002515,0.00000000,0
7227.12278000,0.00074728,0.00056724,13
7227.25391000,0.00086019,0.00065378,13
7227.39697000,0.00041003,0.00029825,13
7227.65923000,0.00001877,0.00000000,0
7228.00493000,0.00000000,0.00000000,0
7228.11222000,0.00000000,0.00000000,0
7228.18375000,0.00000000,0.00000000,0
7228.50561000,0.00000000,0.00000000,0
7228.54137000,0.00000000,0.00000000,0
7228.63674000,0.00000000,0.00000000,0
7229.00629000,0.00107379,0.00002007,0
7229.45929000,0.00000000,0.00000000,0
7229.56657000,0.00000000,0.00000000,0
7229.72155000,0.00000000,0.00000000,0
7229.95996000,0.00000000,0.00000000,0
7230.40104000,0.00000000,0.00000000,0
7230.69906000,0.00000000,0.00000000,0
7231.04477000,0.00000000,0.00000000,0
7231.12822000,0.00002274,0.00000000,0
7231.39048000,0.00003917,0.00000000,0
7231.64082000,0.00000000,0.00000000,0
7232.21302000,0.00000000,0.00000000,0
7232.36799000,0.00025845,0.00000000,0
7232.94020000,0.00000000,0.00000000,0
7233.90579000,0.00000000,0.00000000,0
7234.09653000,0.00015307,0.00000000,0
7234.16805000,0.00004140,0.00000000,0
7234.53760000,0.00000000,0.00000000,0
7234.75218000,0.00000000,0.00000000,0
7235.67009000,0.00006466,0.00000000,0
7236.37342000,0.00000000,0.00000000,0
7237.14828000,0.00000000,0.00000000,0
7237.45823000,0.00005060,0.00000000,0
7237.50591000,0.00002822,0.00000000,0
7238.07812000,0.00000000,0.00000000,0
7239.18676000,0.00001955,0.00000000,0
7239.28213000,0.00000000,0.00000000,0
7239.38942000,0.00005876,0.00000000,0
7239.54439000,0.00002474,0.00000000,0
7239.90202000,0.00006702,0.00000000,0
7240.11660000,0.00004222,0.00001817,9
7240.15236000,0.00006358,0.00000000,0
7240.56959000,0.00002378,0.00000000,0
7240.59343000,0.00002812,0.00000000,0
7240.85569000,0.00002044,0.00000000,0
7240.89146000,0.00000000,0.00000000,0
7241.36829000,0.00000000,0.00000000,0
7241.83321000,0.00000000,0.00000000,0
7242.19084000,0.00000000,0.00000000,0
7243.38293000,0.00000000,0.00000000,0
7244.61079000,0.00000000,0.00000000,0
7245.37373000,0.00000000,0.00000000,0
7245.58830000,0.00000000,0.00000000,0
7245.70751000,0.00000000,0.00000000,0
7246.07706000,0.00000000,0.00000000,0
7246.22011000,0.00000000,0.00000000,0
7247.22147000,0.00002228,0.00001935,14
7247.42413000,0.00004954,0.00000000,0
7247.86520000,0.00000000,0.00000000,0
7249.12882000,0.00000000,0.00000000,0
7249.46260000,0.00000000,0.00000000,0
7249.71294000,0.00002955,0.00000000,0
7249.73679000,0.00003085,0.00000000,0
7249.80831000,0.00002631,0.00000000,0
7250.03481000,0.00000000,0.00000000,0
7250.20170000,0.00007290,0.00000000,0
7250.36860000,0.00000000,0.00000000,0
7250.75006000,0.00000000,0.00000000,0
7250.79775000,0.00001951,0.00000000,0
7251.40572000,0.00000000,0.00000000,0
7251.87063000,0.00000000,0.00000000,0
7252.76470000,0.00000000,0.00000000,0
7253.07465000,0.00000000,0.00000000,0
7254.37403000,0.00001892,0.00000000,0
7254.94623000,0.00000000,0.00000000,0
7255.41115000,0.00000000,0.00000000,0
7256.84166000,0.00000000,0.00000000,0
7258.58212000,0.00000000,0.00000000,0
7258.84438000,0.00000000,0.00000000,0
7258.96358000,0.00000000,0.00000000,0
7259.17816000,0.00002185,0.00001971,14
7259.46426000,0.00004883,0.00000000,0
7259.59539000,0.00000000,0.00000000,0
7260.10799000,0.00000000,0.00000000,0
7260.20336000,0.00000000,0.00000000,0
7260.37025000,0.00002601,0.00000000,0
7261.13319000,0.00000000,0.00000000,0
7261.77692000,0.00000000,0.00000000,0
7262.14647000,0.00000000,0.00000000,0
7262.25376000,0.00000000,0.00000000,0
7262.49218000,0.00000000,0.00000000,0
7263.20744000,0.00000000,0.00000000,0
7263.32664000,0.00000000,0.00000000,0
7263.62467000,0.00000000,0.00000000,0
7263.95845000,0.00003018,0.00000000,0
7264.13727000,0.00000000,0.00000000,0
7264.22071000,0.00000000,0.00000000,0
7264.50682000,0.00000000,0.00000000,0
7264.70947000,0.00000000,0.00000000,0
7265.72275000,0.00008028,0.00000000,0
7265.81812000,0.00000000,0.00000000,0
7265.94925000,0.00000000,0.00000000,0
7266.56914000,0.00001894,0.00000000,0
7266.62874000,0.00003204,0.00000000,0
7267.09366000,0.00000000,0.00000000,0
7267.33208000,0.00000000,0.00000000,0
7268.95332000,0.00000000,0.00000000,0
7269.10830000,0.00000000,0.00000000,0
7269.26327000,0.00000000,0.00000000,0
7269.71626000,0.00000000,0.00000000,0
7270.00237000,0.00000000,0.00000000,0
7270.76530000,0.00010188,0.00000000,0
7271.56401000,0.00000000,0.00000000,0
7272.55344000,0.00002102,0.00000000,0
7273.04220000,0.00000000,0.00000000,0
7274.03164000,0.00000000,0.00000000,0
7274.30582000,0.00000000,0.00000000,0
7274.81842000,0.00000000,0.00000000,0
7275.08068000,0.00000000,0.00000000,0
7275.22373000,0.00000000,0.00000000,0
7275.49791000,0.00000000,0.00000000,0
7276.95227000,0.00000000,0.00000000,0
7277.33374000,0.00000000,0.00000000,0
7277.57215000,0.00000000,0.00000000,0
7277.73905000,0.00000000,0.00000000,0
7277.88210000,0.00005169,0.00000000,0
7278.96690000,0.00000000,0.00000000,0
7279.18148000,0.00000000,0.00000000,0
7279.22916000,0.00000000,0.00000000,0
7279.38414000,0.00004157,0.00003610,14
7279.58679000,0.00000000,0.00000000,0
7279.63448000,0.00000000,0.00000000,0
7279.96826000,0.00000000,0.00000000,0
7280.23052000,0.00010277,0.00000000,0
7280.27821000,0.00020621,0.00000000,0
7280.33781000,0.00009720,0.00000000,0
7280.93386000,0.00000000,0.00000000,0
7282.03058000,0.00000000,0.00000000,0
7282.31668000,0.00005425,0.00000000,0
7282.32861000,0.00005416,0.00000000,0
7282.45974000,0.00000000,0.00000000,0
7282.72200000,0.00017334,0.00000000,0
7282.92465000,0.00007756,0.00000000,0
7282.97234000,0.00004564,0.00000000,0
7283.13923000,0.00002777,0.00000000,0
7283.43725000,0.00000000,0.00000000,0
7284.79624000,0.00003974,0.00003100,13
7284.83200000,0.00026480,0.00005551,3
7284.89161000,0.00062280,0.00000000,0
7284.96313000,0.00014232,0.00000000,0
7285.03466000,0.00022994,0.00000000,0
7285.74991000,0.00000000,0.00000000,0
7286.21483000,0.00004377,0.00000000,0
7286.42941000,0.00000000,0.00000000,0
7286.58438000,0.00000000,0.00000000,0
7286.67974000,0.00002332,0.00000000,0
7287.15658000,0.00004514,0.00000000,0
7287.41884000,0.00002006,0.00000000,0
7287.43076000,0.00002016,0.00000000,0
7287.66918000,0.00000000,0.00000000,0
7287.90760000,0.00000000,0.00000000,0
7288.03873000,0.00002071,0.00000000,0
7288.61094000,0.00000000,0.00000000,0
7288.68246000,0.00002090,0.00000000,0
7288.93280000,0.00000000,0.00000000,0
7289.07585000,0.00000000,0.00000000,0
7289.68382000,0.00001902,0.00000000,0
7289.80303000,0.00000000,0.00000000,0
7289.95800000,0.00000000,0.00000000,0
7290.24410000,0.00000000,0.00000000,0
7290.29179000,0.00000000,0.00000000,0
7290.32755000,0.00000000,0.00000000,0
7290.64941000,0.00000000,0.00000000,0
7290.76862000,0.00000000,0.00000000,0
7290.92360000,0.00000000,0.00000000,0
7291.06665000,0.00000000,0.00000000,0
7291.26930000,0.00000000,0.00000000,0
7291.46004000,0.00000000,0.00000000,0
7291.51964000,0.00000000,0.00000000,0
7291.74614000,0.00000000,0.00000000,0
7292.06800000,0.00016594,0.00000000,0
7292.09185000,0.00019104,0.00000000,0
7292.15145000,0.00006735,0.00000000,0
7292.96207000,0.00000000,0.00000000,0
7293.30778000,0.00011756,0.00000000,0
7293.57004000,0.00000000,0.00000000,0
7293.68925000,0.00001934,0.00000000,0
7293.86806000,0.00002531,0.00000000,0
7294.20185000,0.00000000,0.00000000,0
7294.72637000,0.00007839,0.00000000,0
7295.45355000,0.00002477,0.00000000,0
7295.60852000,0.00000000,0.00000000,0
7297.11056000,0.00000000,0.00000000,0
7297.19400000,0.00000000,0.00000000,0
7297.39666000,0.00000000,0.00000000,0
7298.23112000,0.00005731,0.00000000,0
7299.01791000,0.00006197,0.00000000,0
7299.10135000,0.00000000,0.00000000,0
7299.49474000,0.00027166,0.00000000,0
7299.78085000,0.00004126,0.00000000,0
7301.09215000,0.00000000,0.00000000,0
7302.22464000,0.00003017,0.00000000,0
7303.30944000,0.00000000,0.00000000,0
7303.89357000,0.00006035,0.00003887,12
7303.92933000,0.00006775,0.00003102,9
7304.38232000,0.00000000,0.00000000,0
7304.56114000,0.00022496,0.00000000,0
7304.72803000,0.00000000,0.00000000,0
7304.90685000,0.00003249,0.00000000,0
7305.02605000,0.00002533,0.00000000,0
7306.34928000,0.00002220,0.00000000,0
7306.56385000,0.00000000,0.00000000,0
7307.66058000,0.00002188,0.00000000,0
7307.77979000,0.00003747,0.00000000,0
7308.51889000,0.00001923,0.00000000,0
7309.18646000,0.00000000,0.00000000,0
7309.30567000,0.00000000,0.00000000,0
7310.15205000,0.00029304,0.00000000,0
7310.50968000,0.00044605,0.00001897,0
7311.34415000,0.00002084,0.00000000,0
7311.67793000,0.00004073,0.00000000,0
7312.23822000,0.00000000,0.00000000,0
7312.53624000,0.00021645,0.00000000,0
7312.72697000,0.00002948,0.00000000,0
7313.32302000,0.00003540,0.00000000,0
7313.41839000,0.00000000,0.00000000,0
7313.79986000,0.00000000,0.00000000,0
7313.95483000,0.00016807,0.00000000,0
7314.02636000,0.00005679,0.00003955,12
7314.10980000,0.00000000,0.00000000,0
7314.20517000,0.00000000,0.00000000,0
7314.65816000,0.00000000,0.00000000,0
7314.75353000,0.00000000,0.00000000,0
7314.81314000,0.00000000,0.00000000,0
7314.88466000,0.00001792,0.00000000,0
7315.11116000,0.00000000,0.00000000,0
7315.45687000,0.00000000,0.00000000,0
7315.61184000,0.00000000,0.00000000,0
7315.65952000,0.00000000,0.00000000,0
7315.75489000,0.00000000,0.00000000,0
7315.86218000,0.00000000,0.00000000,0
7315.90986000,0.00000000,0.00000000,0
7316.11252000,0.00000000,0.00000000,0
7316.16020000,0.00000000,0.00000000,0
7316.25557000,0.00000000,0.00000000,0
7316.30325000,0.00000000,0.00000000,0
7316.36286000,0.00000000,0.00000000,0
7316.48207000,0.00007550,0.00006490,14
7316.55359000,0.00000000,0.00000000,0
7316.61320000,0.00000000,0.00000000,0
7316.66088000,0.00000000,0.00000000,0
7316.70856000,0.00000000,0.00000000,0
7316.75625000,0.00000000,0.00000000,0
7316.80393000,0.00000000,0.00000000,0
7316.86354000,0.00000000,0.00000000,0
7316.91122000,0.00000000,0.00000000,0
7316.95890000,0.00000000,0.00000000,0
7317.00659000,0.00000000,0.00000000,0
7317.05427000,0.00000000,0.00000000,0
7317.10196000,0.00000000,0.00000000,0
7317.16156000,0.00000000,0.00000000,0
7317.20924000,0.00000000,0.00000000,0
7317.25693000,0.00000000,0.00000000,0
7317.30461000,0.00000000,0.00000000,0
7317.35229000,0.00000000,0.00000000,0
7317.39998000,0.00000000,0.00000000,0
7317.44766000,0.00000000,0.00000000,0
7317.50727000,0.00000000,0.00000000,0
7317.55495000,0.00000000,0.00000000,0
7317.65032000,0.00000000,0.00000000,0
7317.69800000,0.00001988,0.00000000,0
7317.74569000,0.00000000,0.00000000,0
7317.79337000,0.00000000,0.00000000,0
7317.88874000,0.00002020,0.00000000,0
7318.32981000,0.00002521,0.00002188,14
7318.42518000,0.00002666,0.00001905,13
7318.52055000,0.00000000,0.00000000,0
7318.56823000,0.00001921,0.00000000,0
7318.66360000,0.00000000,0.00000000,0
7318.81857000,0.00000000,0.00000000,0
7318.86625000,0.00000000,0.00000000,0
7318.91394000,0.00000000,0.00000000,0
7318.96162000,0.00000000,0.00000000,0
7319.00930000,0.00000000,0.00000000,0
7319.06891000,0.00000000,0.00000000,0
7319.11659000,0.00000000,0.00000000,0
7319.16428000,0.00000000,0.00000000,0
7319.21196000,0.00002307,0.00000000,0
7319.25964000,0.00004379,0.00000000,0
7319.31925000,0.00002820,0.00000000,0
7319.36693000,0.00001884,0.00000000,0
7319.41462000,0.00002131,0.00000000,0
7319.46230000,0.00000000,0.00000000,0
7319.50998000,0.00000000,0.00000000,0
7319.55767000,0.00000000,0.00000000,0
7319.61727000,0.00000000,0.00000000,0
7319.71264000,0.00000000,0.00000000,0
7319.76032000,0.00000000,0.00000000,0
7319.85569000,0.00000000,0.00000000,0
7319.91529000,0.00000000,0.00000000,0
7319.96298000,0.00000000,0.00000000,0
7320.01066000,0.00000000,0.00000000,0
7320.07027000,0.00000000,0.00000000,0
7320.26100000,0.00000000,0.00000000,0
7320.32061000,0.00002137,0.00000000,0
7320.40405000,0.00000000,0.00000000,0
7320.46366000,0.00000000,0.00000000,0
7320.60671000,0.00000000,0.00000000,0
7320.66631000,0.00000000,0.00000000,0
7320.76168000,0.00000000,0.00000000,0
7320.91665000,0.00000000,0.00000000,0
7321.05970000,0.00000000,0.00000000,0
7321.44117000,0.00000000,0.00000000,0
7321.60807000,0.00000000,0.00000000,0
7321.88225000,0.00001797,0.00000000,0
7322.01338000,0.00000000,0.00000000,0
7322.09682000,0.00000000,0.00000000,0
7322.25180000,0.00000000,0.00000000,0
7322.34716000,0.00000000,0.00000000,0
7322.43061000,0.00012518,0.00000000,0
7322.69287000,0.00003281,0.00000000,0
7322.77632000,0.00000000,0.00000000,0
7323.76575000,0.00000000,0.00000000,0
7324.01609000,0.00000000,0.00000000,0
7324.20683000,0.00006396,0.00000000,0
7324.26643000,0.00014332,0.00000000,0
7324.46909000,0.00000000,0.00000000,0
7324.57638000,0.00000000,0.00000000,0
7324.63598000,0.00001950,0.00000000,0
7324.95785000,0.00000000,0.00000000,0
7325.95921000,0.00000000,0.00000000,0
7326.09034000,0.00000000,0.00000000,0
7326.44796000,0.00000000,0.00000000,0
7326.86520000,0.00000000,0.00000000,0
7327.05593000,0.00000000,0.00000000,0
7327.13938000,0.00000000,0.00000000,0
7327.43740000,0.00002271,0.00000000,0
7327.60429000,0.00003386,0.00000000,0
7327.98576000,0.00002703,0.00000000,0
7329.05865000,0.00047162,0.00000000,0
7329.21362000,0.00020458,0.00005177,5
7329.67854000,0.00003611,0.00000000,0
7330.13153000,0.00001912,0.00000000,0
7330.36995000,0.00000000,0.00000000,0
7330.45340000,0.00000000,0.00000000,0
7330.69181000,0.00001839,0.00000000,0
7330.77526000,0.00000000,0.00000000,0
7330.84679000,0.00000000,0.00000000,0
7331.01368000,0.00000000,0.00000000,0
7331.20441000,0.00003706,0.00000000,0
7331.27594000,0.00000000,0.00000000,0
7331.45475000,0.00000000,0.00000000,0
7331.55012000,0.00002298,0.00000000,0
7331.71701000,0.00000000,0.00000000,0
7332.36074000,0.00000000,0.00000000,0
7332.98063000,0.00001883,0.00000000,0
7333.15945000,0.00000000,0.00000000,0
7333.74357000,0.00000000,0.00000000,0
7333.99391000,0.00000000,0.00000000,0
7334.16080000,0.00000000,0.00000000,0
7334.23233000,0.00000000,0.00000000,0
7334.74493000,0.00016827,0.00002315,2
7335.10256000,0.00001842,0.00000000,0
7335.19793000,0.00000000,0.00000000,0
7335.51979000,0.00008593,0.00000000,0
7335.67476000,0.00000000,0.00000000,0
7335.73437000,0.00000000,0.00000000,0
7335.96087000,0.00040652,0.00000000,0
7336.27081000,0.00000000,0.00000000,0
7336.58075000,0.00000000,0.00000000,0
7336.68804000,0.00000000,0.00000000,0
7337.42714000,0.00003182,0.00000000,0
7337.76093000,0.00006629,0.00002634,8
7337.86821000,0.00004501,0.00000000,0
7337.92782000,0.00010137,0.00000000,0
7338.38081000,0.00000000,0.00000000,0
7338.83381000,0.00000000,0.00000000,0
7339.35833000,0.00000000,0.00000000,0
7340.00206000,0.00000000,0.00000000,0
7340.07359000,0.00000000,0.00000000,0
7340.14511000,0.00004016,0.00000000,0
7340.64579000,0.00000000,0.00000000,0
7341.02726000,0.00000000,0.00000000,0
7341.14647000,0.00000000,0.00000000,0
7341.19415000,0.00000000,0.00000000,0
7341.44449000,0.00000000,0.00000000,0
7341.64715000,0.00000000,0.00000000,0
7342.00478000,0.00000000,0.00000000,0
7342.32664000,0.00012905,0.00000000,0
7342.68427000,0.00008835,0.00002007,4
7342.83924000,0.00000000,0.00000000,0
7342.93461000,0.00001908,0.00000000,0
7343.01805000,0.00000000,0.00000000,0
7343.44721000,0.00000000,0.00000000,0
7343.53065000,0.00000000,0.00000000,0
7344.09094000,0.00002950,0.00002243,13
7344.67506000,0.00000000,0.00000000,0
7344.87772000,0.00000000,0.00000000,0
7346.15326000,0.00000000,0.00000000,0
7346.76123000,0.00003046,0.00000000,0
7346.83275000,0.00000000,0.00000000,0
7347.66722000,0.00040962,0.00034927,14
7347.78643000,0.00000000,0.00000000,0
7348.16790000,0.00000000,0.00000000,0
7348.27518000,0.00002345,0.00000000,0
7348.38247000,0.00000000,0.00000000,0
7348.53745000,0.00000000,0.00000000,0
7348.83547000,0.00002691,0.00000000,0
7349.21694000,0.00000000,0.00000000,0
7349.58649000,0.00000000,0.00000000,0
7349.70570000,0.00000000,0.00000000,0
7349.84875000,0.00000000,0.00000000,0
7349.94411000,0.00003463,0.00000000,0
7350.83818000,0.00003716,0.00000000,0
7351.41039000,0.00000000,0.00000000,0
7351.85146000,0.00000000,0.00000000,0
7351.99451000,0.00000000,0.00000000,0
7352.08988000,0.00001953,0.00000000,0
7352.38791000,0.00001810,0.00000000,0
7352.49519000,0.00001952,0.00000000,0
7352.53096000,0.00001968,0.00000000,0
7352.63824000,0.00001825,0.00000000,0
7352.98395000,0.00002374,0.00000000,0
7353.09124000,0.00002042,0.00000000,0
7353.38926000,0.00002264,0.00000000,0
7353.53231000,0.00002322,0.00000000,0
7353.63960000,0.00001905,0.00000000,0
7353.73497000,0.00002923,0.00000000,0
7353.83034000,0.00002703,0.00000000,0
7353.87802000,0.00002491,0.00000000,0
7353.93763000,0.00002782,0.00000000,0
7354.03299000,0.00003320,0.00000000,0
7354.08068000,0.00003439,0.00000000,0
7354.12836000,0.00002725,0.00000000,0
7354.17604000,0.00003481,0.00000000,0
7354.23565000,0.00003424,0.00000000,0
7354.28333000,0.00004306,0.00000000,0
7354.33102000,0.00004046,0.00000000,0
7354.37870000,0.00005126,0.00000000,0
7354.47407000,0.00005721,0.00000000,0
7354.52175000,0.00007213,0.00000000,0
7354.56944000,0.00008378,0.00000000,0
7354.61712000,0.00010576,0.00000000,0
7354.66480000,0.00011339,0.00000000,0
7354.70057000,0.00019942,0.00002301,1
7354.77209000,0.00433351,0.00008415,0
7354.86746000,0.05604396,0.00095310,0
7354.91514000,0.02708829,0.00047504,0
7355.02243000,0.00015840,0.00001976,2
7355.05819000,0.00012393,0.00006678,10
7355.36814000,0.00021780,0.00000000,0
7355.39198000,0.00024049,0.00000000,0
7355.49927000,0.00002901,0.00000000,0
7355.54695000,0.00003644,0.00001945,10
7355.59464000,0.00002902,0.00000000,0
7355.64232000,0.00004421,0.00000000,0
7355.73769000,0.00002656,0.00000000,0
7355.79729000,0.00003515,0.00000000,0
7355.84497000,0.00002042,0.00000000,0
7355.89266000,0.00001965,0.00000000,0
7355.94034000,0.00002408,0.00000000,0
7355.98803000,0.00002583,0.00000000,0
7356.09531000,0.00002918,0.00000000,0
7356.19068000,0.00002456,0.00000000,0
7356.23837000,0.00001827,0.00000000,0
7356.44102000,0.00002279,0.00000000,0
7356.53639000,0.00001976,0.00000000,0
7356.69136000,0.00002630,0.00000000,0
7356.78673000,0.00001821,0.00000000,0
7356.83441000,0.00001799,0.00000000,0
7356.97746000,0.00000000,0.00000000,0
7357.03707000,0.00002277,0.00000000,0
7357.08475000,0.00000000,0.00000000,0
7357.47814000,0.00001819,0.00000000,0
7357.57351000,0.00000000,0.00000000,0
7358.05035000,0.00000000,0.00000000,0
7358.28876000,0.00000000,0.00000000,0
7359.03978000,0.00002151,0.00000000,0
7359.08747000,0.00000000,0.00000000,0
7359.13515000,0.00001877,0.00000000,0
7359.36165000,0.00000000,0.00000000,0
7359.62391000,0.00002292,0.00000000,0
7359.69543000,0.00001874,0.00000000,0
7359.82656000,0.00000000,0.00000000,0
7360.25572000,0.00202563,0.00002366,0
7360.41069000,0.00000000,0.00000000,0
7360.52990000,0.00003787,0.00000000,0
7361.50742000,0.00003427,0.00000000,0
7362.05578000,0.00000000,0.00000000,0
7362.25843000,0.00000000,0.00000000,0
7362.32996000,0.00001911,0.00000000,0
7362.38956000,0.00000000,0.00000000,0
7363.29556000,0.00000000,0.00000000,0
7363.78431000,0.00000000,0.00000000,0
7364.52341000,0.00000000,0.00000000,0
7364.65454000,0.00000000,0.00000000,0
7364.89296000,0.00000000,0.00000000,0
7365.03601000,0.00000000,0.00000000,0
7365.28635000,0.00000000,0.00000000,0
7366.37115000,0.00002438,0.00000000,0
7366.69302000,0.00000000,0.00000000,0
7366.81223000,0.00000000,0.00000000,0
7366.90760000,0.00000000,0.00000000,0
7367.05065000,0.00000000,0.00000000,0
7367.34867000,0.00000000,0.00000000,0
7367.45596000,0.00000000,0.00000000,0
7367.65862000,0.00000000,0.00000000,0
7367.88511000,0.00000000,0.00000000,0
7368.64805000,0.00015110,0.00000000,0
7369.44675000,0.00000000,0.00000000,0
7370.01896000,0.00000000,0.00000000,0
7370.19777000,0.00000000,0.00000000,0
7370.50772000,0.00000000,0.00000000,0
7371.02032000,0.00000000,0.00000000,0
7371.38987000,0.00000000,0.00000000,0
7371.71173000,0.00000000,0.00000000,0
7371.95015000,0.00000000,0.00000000,0
7372.24817000,0.00000000,0.00000000,0
7372.53428000,0.00000000,0.00000000,0
7373.54755000,0.00005363,0.00003792,13
7374.01247000,0.00000000,0.00000000,0
7374.63236000,0.00002001,0.00000000,0
7374.81117000,0.00000000,0.00000000,0
7374.90654000,0.00000000,0.00000000,0
7375.14496000,0.00000000,0.00000000,0
7375.55027000,0.00000000,0.00000000,0
7375.82445000,0.00000000,0.00000000,0
7375.95558000,0.00000000,0.00000000,0
7376.76620000,0.00000000,0.00000000,0
7376.96886000,0.00001824,0.00000000,0
7377.25496000,0.00002269,0.00002005,14
7377.37417000,0.00000000,0.00000000,0
7377.61259000,0.00000000,0.00000000,0
7378.01790000,0.00000000,0.00000000,0
7378.30400000,0.00000000,0.00000000,0
7379.12655000,0.00002261,0.00000000,0
7379.19807000,0.00000000,0.00000000,0
7379.32920000,0.00000000,0.00000000,0
7379.44841000,0.00000000,0.00000000,0
7379.48418000,0.00001842,0.00000000,0
7379.85373000,0.00000000,0.00000000,0
7380.50938000,0.00000000,0.00000000,0
7381.01006000,0.00000000,0.00000000,0
7381.15311000,0.00000000,0.00000000,0
7381.37960000,0.00001788,0.00000000,0
7381.66571000,0.00010424,0.00008369,14
7381.67763000,0.00011004,0.00009054,14
7382.29752000,0.00000000,0.00000000,0
7382.60746000,0.00000000,0.00000000,0
7382.66706000,0.00000000,0.00000000,0
7383.14390000,0.00000000,0.00000000,0
7383.97837000,0.00000000,0.00000000,0
7384.74131000,0.00000000,0.00000000,0
7385.42080000,0.00008168,0.00000000,0
7385.48040000,0.00001933,0.00000000,0
7387.23278000,0.00000000,0.00000000,0
7387.30431000,0.00000000,0.00000000,0
7388.47256000,0.00000000,0.00000000,0
7388.79442000,0.00000000,0.00000000,0
7390.60640000,0.00000000,0.00000000,0
7391.15477000,0.00009629,0.00000000,0
7391.27398000,0.00008786,0.00000000,0
7391.51239000,0.00019331,0.00000000,0
7391.59584000,0.00003150,0.00001915,11
7391.72697000,0.00011696,0.00000000,0
7391.98923000,0.00000000,0.00000000,0
7392.82370000,0.00000000,0.00000000,0
7393.15748000,0.00000000,0.00000000,0
7393.49127000,0.00000000,0.00000000,0
7394.00387000,0.00005703,0.00000000,0
7394.55223000,0.00006016,0.00004768,13
7394.73104000,0.00002266,0.00000000,0
7394.94562000,0.00000000,0.00000000,0
7395.49398000,0.00000000,0.00000000,0
7395.68472000,0.00000000,0.00000000,0
7396.04235000,0.00000000,0.00000000,0
7396.14964000,0.00000000,0.00000000,0
7396.18540000,0.00002407,0.00000000,0
7396.24500000,0.00000000,0.00000000,0
7396.55495000,0.00005189,0.00000000,0
7396.88873000,0.00000000,0.00000000,0
7397.15099000,0.00000000,0.00000000,0
7397.38941000,0.00000000,0.00000000,0
7397.48478000,0.00000000,0.00000000,0
7397.67551000,0.00000000,0.00000000,0
7397.80664000,0.00000000,0.00000000,0
7398.24772000,0.00000000,0.00000000,0
7399.43981000,0.00000000,0.00000000,0
7399.48750000,0.00000000,0.00000000,0
7399.54710000,0.00000000,0.00000000,0
7399.78552000,0.00000000,0.00000000,0
7400.00010000,0.00000000,0.00000000,0
7400.09546000,0.00000000,0.00000000,0
7400.25043000,0.00000000,0.00000000,0
7400.44117000,0.00000000,0.00000000,0
7400.59614000,0.00000000,0.00000000,0
7400.67959000,0.00000000,0.00000000,0
7400.75111000,0.00000000,0.00000000,0
7401.03722000,0.00000000,0.00000000,0
7401.13258000,0.00000000,0.00000000,0
7401.23987000,0.00000000,0.00000000,0
7401.33524000,0.00000000,0.00000000,0
7401.44253000,0.00000000,0.00000000,0
7401.49021000,0.00000000,0.00000000,0
7401.58558000,0.00000000,0.00000000,0
7401.69287000,0.00000000,0.00000000,0
7401.83592000,0.00000000,0.00000000,0
7401.97897000,0.00000000,0.00000000,0
7402.33660000,0.00000000,0.00000000,0
7402.44389000,0.00000000,0.00000000,0
7402.53925000,0.00000000,0.00000000,0
7402.62270000,0.00007977,0.00005659,13
7402.89688000,0.00000000,0.00000000,0
7403.02801000,0.00000000,0.00000000,0
7403.08762000,0.00000000,0.00000000,0
7403.13530000,0.00000000,0.00000000,0
7403.19490000,0.00000000,0.00000000,0
7403.29027000,0.00000000,0.00000000,0
7403.38564000,0.00000000,0.00000000,0
7403.44524000,0.00000000,0.00000000,0
7403.54061000,0.00000000,0.00000000,0
7403.58829000,0.00000000,0.00000000,0
7403.63598000,0.00000000,0.00000000,0
7403.69558000,0.00000000,0.00000000,0
7403.74327000,0.00000000,0.00000000,0
7403.79095000,0.00000000,0.00000000,0
7403.83863000,0.00000000,0.00000000,0
7403.88632000,0.00000000,0.00000000,0
7403.94592000,0.00000000,0.00000000,0
7404.24395000,0.00014239,0.00000000,0
7404.31547000,0.00003959,0.00002447,11
7404.38700000,0.00000000,0.00000000,0
7404.43468000,0.00000000,0.00000000,0
7404.48236000,0.00000000,0.00000000,0
7404.58965000,0.00000000,0.00000000,0
7404.69694000,0.00000000,0.00000000,0
7404.83999000,0.00000000,0.00000000,0
7404.88768000,0.00000000,0.00000000,0
7404.93536000,0.00000000,0.00000000,0
7404.98304000,0.00000000,0.00000000,0
7405.04265000,0.00000000,0.00000000,0
7405.09033000,0.00000000,0.00000000,0
7405.13802000,0.00000000,0.00000000,0
7405.19762000,0.00000000,0.00000000,0
7405.24530000,0.00002147,0.00000000,0
7405.53141000,0.00000000,0.00000000,0
7405.57909000,0.00002488,0.00001899,13
7405.62677000,0.00001991,0.00000000,0
7405.81751000,0.00003878,0.00002611,12
7406.23474000,0.00008831,0.00007892,14
7406.35395000,0.00003430,0.00003102,14
7406.40163000,0.00002507,0.00000000,0
7406.44932000,0.00002622,0.00002190,14
7406.60429000,0.00000000,0.00000000,0
7406.69966000,0.00002055,0.00000000,0
7406.74734000,0.00000000,0.00000000,0
7406.79502000,0.00000000,0.00000000,0
7406.84271000,0.00000000,0.00000000,0
7406.90231000,0.00000000,0.00000000,0
7406.95000000,0.00000000,0.00000000,0
7406.99768000,0.00000000,0.00000000,0
7407.04536000,0.00000000,0.00000000,0
7407.15265000,0.00000000,0.00000000,0
7407.20034000,0.00000000,0.00000000,0
7407.24802000,0.00000000,0.00000000,0
7407.35531000,0.00000000,0.00000000,0
7407.39107000,0.00000000,0.00000000,0
7407.46260000,0.00000000,0.00000000,0
7407.58181000,0.00000000,0.00000000,0
7407.85599000,0.00000000,0.00000000,0
7407.99904000,0.00000000,0.00000000,0
7408.04672000,0.00000000,0.00000000,0
7408.14209000,0.00000000,0.00000000,0
7408.23746000,0.00000000,0.00000000,0
7408.29706000,0.00000000,0.00000000,0
7408.34475000,0.00000000,0.00000000,0
7408.39243000,0.00000000,0.00000000,0
7408.44011000,0.00000000,0.00000000,0
7408.48780000,0.00000000,0.00000000,0
7408.53548000,0.00000000,0.00000000,0
7408.59509000,0.00000000,0.00000000,0
7408.64277000,0.00000000,0.00000000,0
7408.69045000,0.00000000,0.00000000,0
7408.73814000,0.00000000,0.00000000,0
7408.78582000,0.00000000,0.00000000,0
7408.84542000,0.00000000,0.00000000,0
7408.94079000,0.00000000,0.00000000,0
7409.00040000,0.00000000,0.00000000,0
7409.04808000,0.00000000,0.00000000,0
7409.08384000,0.00000000,0.00000000,0
7409.14345000,0.00000000,0.00000000,0
7409.19113000,0.00000000,0.00000000,0
7409.23882000,0.00000000,0.00000000,0
7409.29842000,0.00000000,0.00000000,0
7409.39379000,0.00000000,0.00000000,0
7409.48915000,0.00000000,0.00000000,0
7409.54876000,0.00000000,0.00000000,0
7409.59644000,0.00000000,0.00000000,0
7409.70373000,0.00004281,0.00003449,14
7409.78718000,0.00000000,0.00000000,0
7409.89447000,0.00000000,0.00000000,0
7409.98983000,0.00000000,0.00000000,0
7410.04944000,0.00000000,0.00000000,0
7410.08520000,0.00000000,0.00000000,0
7410.14481000,0.00000000,0.00000000,0
7410.19249000,0.00000000,0.00000000,0
7410.28786000,0.00000000,0.00000000,0
7410.39515000,0.00000000,0.00000000,0
7410.53820000,0.00000000,0.00000000,0
7410.59780000,0.00000000,0.00000000,0
7410.69317000,0.00000000,0.00000000,0
7410.78854000,0.00000000,0.00000000,0
7410.89582000,0.00000000,0.00000000,0
7410.99119000,0.00000000,0.00000000,0
7411.05080000,0.00000000,0.00000000,0
7411.08656000,0.00000000,0.00000000,0
7411.19385000,0.00000000,0.00000000,0
7411.53955000,0.00000000,0.00000000,0
7411.65876000,0.00003554,0.00000000,0
7411.69453000,0.00002394,0.00000000,0
7411.83758000,0.00000000,0.00000000,0
7411.99255000,0.00000000,0.00000000,0
7412.24289000,0.00000000,0.00000000,0
7412.56475000,0.00007645,0.00000000,0
7412.71973000,0.00000000,0.00000000,0
7412.98199000,0.00000000,0.00000000,0
7413.44690000,0.00000000,0.00000000,0
7413.79261000,0.00000000,0.00000000,0
7414.15024000,0.00000000,0.00000000,0
7414.28137000,0.00000000,0.00000000,0
7414.59131000,0.00000000,0.00000000,0
7414.79397000,0.00000000,0.00000000,0
7415.04431000,0.00000000,0.00000000,0
7415.31849000,0.00003295,0.00000000,0
7415.48538000,0.00006954,0.00000000,0
7415.53307000,0.00014591,0.00000000,0
7415.77148000,0.00000000,0.00000000,0
7415.98606000,0.00000000,0.00000000,0
7416.15295000,0.00000000,0.00000000,0
7416.73708000,0.00000000,0.00000000,0
7417.19007000,0.00000000,0.00000000,0
7417.58347000,0.00000000,0.00000000,0
7417.85765000,0.00000000,0.00000000,0
7417.92917000,0.00002061,0.00000000,0
7418.34641000,0.00000000,0.00000000,0
7418.81132000,0.00015789,0.00000000,0
7418.93053000,0.00000000,0.00000000,0
7419.09742000,0.00002616,0.00000000,0
7420.42065000,0.00045904,0.00000000,0
7420.58754000,0.00002839,0.00000000,0
7420.94517000,0.00000000,0.00000000,0
7421.80347000,0.00020744,0.00000000,0
7422.85252000,0.00030529,0.00000000,0
7422.91212000,0.00010774,0.00005585,10
7422.97173000,0.00038024,0.00008561,4
7422.98365000,0.00036471,0.00012497,7
7423.18630000,0.00000000,0.00000000,0
7424.74794000,0.00001870,0.00000000,0
7424.78371000,0.00000000,0.00000000,0
7425.08173000,0.00013867,0.00000000,0
7425.28439000,0.00000000,0.00000000,0
7425.63009000,0.00000000,0.00000000,0
7425.84467000,0.00002234,0.00000000,0
7426.13077000,0.00000000,0.00000000,0
7426.27382000,0.00002226,0.00000000,0
7426.53608000,0.00000000,0.00000000,0
7427.32286000,0.00000000,0.00000000,0
7429.00372000,0.00020070,0.00000000,0
7429.44479000,0.00000000,0.00000000,0
7429.80242000,0.00003449,0.00000000,0
7430.46999000,0.00003126,0.00000000,0
7430.83954000,0.00001973,0.00000000,0
7430.91106000,0.00002236,0.00000000,0
7431.41174000,0.00002222,0.00000000,0
7431.56672000,0.00002745,0.00000000,0
7432.97338000,0.00063687,0.00014806,5
7433.06875000,0.00013454,0.00002063,3
7433.68864000,0.00002234,0.00000000,0
7434.07011000,0.00002214,0.00000000,0
7435.05955000,0.00000000,0.00000000,0
7435.30989000,0.00000000,0.00000000,0
7435.67944000,0.00019520,0.00000000,0
7435.82249000,0.00000000,0.00000000,0
7436.16819000,0.00002238,0.00000000,0
7436.28740000,0.00004661,0.00002176,9
7436.43045000,0.00002157,0.00000000,0
7436.49006000,0.00000000,0.00000000,0
7436.58543000,0.00000000,0.00000000,0
7439.06498000,0.00012237,0.00000000,0
7439.55374000,0.00000000,0.00000000,0
7440.35244000,0.00000000,0.00000000,0
7440.78159000,0.00000000,0.00000000,0
7440.90080000,0.00001832,0.00000000,0
7440.94849000,0.00000000,0.00000000,0
7443.63070000,0.00000000,0.00000000,0
7443.98832000,0.00010117,0.00000000,0
7445.06121000,0.00004176,0.00000000,0
7446.08641000,0.00004214,0.00000000,0
7446.13409000,0.00001799,0.00000000,0
7446.32483000,0.00001884,0.00000000,0
7446.43211000,0.00023348,0.00004700,3
7446.71822000,0.00007611,0.00001927,5
7446.74206000,0.00009559,0.00000000,0
7447.40963000,0.00001958,0.00000000,0
7447.96991000,0.00000000,0.00000000,0
7448.61364000,0.00001867,0.00000000,0
7449.13816000,0.00002067,0.00000000,0
7449.51963000,0.00000000,0.00000000,0
7449.69845000,0.00012066,0.00000000,0
7449.73421000,0.00009377,0.00002044,4
7450.52099000,0.00004201,0.00000000,0
7451.22433000,0.00003140,0.00000000,0
7451.60580000,0.00012611,0.00000000,0
7451.85614000,0.00000000,0.00000000,0
7452.15416000,0.00000000,0.00000000,0
7453.79925000,0.00042967,0.00000000,0
7454.07343000,0.00009274,0.00000000,0
7454.13303000,0.00020801,0.00000000,0
7454.20456000,0.00005000,0.00000000,0
7454.76484000,0.00000000,0.00000000,0
7455.21784000,0.00002976,0.00000000,0
7455.38473000,0.00000000,0.00000000,0
7457.47089000,0.00001996,0.00000000,0
7458.23383000,0.00000000,0.00000000,0
7459.00869000,0.00001852,0.00000000,0
7461.94124000,0.00000000,0.00000000,0
7462.48960000,0.00028196,0.00000000,0
7462.56113000,0.00053517,0.00000000,0
7462.79955000,0.00029628,0.00000000,0
7462.95452000,0.00000000,0.00000000,0
7463.33599000,0.00000000,0.00000000,0
7464.83803000,0.00015346,0.00000000,0
7465.11221000,0.00000000,0.00000000,0
7465.57713000,0.00000000,0.00000000,0
7466.51888000,0.00002149,0.00000000,0
7467.71097000,0.00000000,0.00000000,0
7468.05668000,0.00000000,0.00000000,0
7468.93883000,0.00008167,0.00000000,0
7470.42894000,0.00004581,0.00002809,11
7472.07403000,0.00005481,0.00000000,0
7472.86081000,0.00000000,0.00000000,0
7473.25420000,0.00003208,0.00000000,0
7473.44494000,0.00000000,0.00000000,0
7473.68336000,0.00000000,0.00000000,0
7473.82641000,0.00000000,0.00000000,0
7474.52974000,0.00000000,0.00000000,0
7476.23444000,0.00002519,0.00000000,0
7476.40133000,0.00000000,0.00000000,0
7476.46093000,0.00000000,0.00000000,0
7476.74704000,0.00034481,0.00000000,0
7477.43845000,0.00004410,0.00000000,0
7477.74839000,0.00000000,0.00000000,0
7477.86760000,0.00000000,0.00000000,0
7479.56038000,0.00000000,0.00000000,0
7481.78959000,0.00002366,0.00000000,0
7481.84919000,0.00000000,0.00000000,0
7481.94456000,0.00000000,0.00000000,0
7482.02801000,0.00000000,0.00000000,0
7482.12337000,0.00000000,0.00000000,0
7482.13530000,0.00001806,0.00000000,0
7482.27835000,0.00417629,0.00357901,14
7482.48100000,0.00000000,0.00000000,0
7482.52869000,0.00000000,0.00000000,0
7482.62405000,0.00000000,0.00000000,0
7482.83863000,0.00000000,0.00000000,0
7484.44796000,0.00002113,0.00000000,0
7484.61485000,0.00000000,0.00000000,0
7485.50892000,0.00002849,0.00000000,0
7485.89039000,0.00002506,0.00000000,0
7486.90367000,0.00003971,0.00000000,0
7487.72621000,0.00000000,0.00000000,0
7488.93023000,0.00000000,0.00000000,0
7489.32362000,0.00004851,0.00000000,0
7489.34746000,0.00004373,0.00000000,0
7491.02831000,0.00000000,0.00000000,0
7491.33825000,0.00005794,0.00001984,7
7491.43362000,0.00014007,0.00002294,3
7491.60051000,0.00002600,0.00000000,0
7491.69588000,0.00006176,0.00000000,0
7492.47074000,0.00000000,0.00000000,0
7492.76876000,0.00000000,0.00000000,0
7492.93566000,0.00000000,0.00000000,0
7493.13831000,0.00001990,0.00000000,0
7493.59131000,0.00099517,0.00003960,0
7493.67476000,0.00013546,0.00000000,0
7494.08007000,0.00000000,0.00000000,0
7494.23504000,0.00000000,0.00000000,0
7494.31849000,0.00002350,0.00000000,0
7494.41385000,0.00000000,0.00000000,0
7494.46154000,0.00001940,0.00000000,0
7494.56882000,0.00000000,0.00000000,0
7494.62843000,0.00000000,0.00000000,0
7494.73572000,0.00000000,0.00000000,0
7494.83109000,0.00000000,0.00000000,0
7494.87877000,0.00000000,0.00000000,0
7494.97414000,0.00000000,0.00000000,0
7495.02182000,0.00000000,0.00000000,0
7495.08142000,0.00000000,0.00000000,0
7495.22448000,0.00000000,0.00000000,0
7495.31984000,0.00000000,0.00000000,0
7495.37945000,0.00000000,0.00000000,0
7495.42713000,0.00000000,0.00000000,0
7495.52250000,0.00000000,0.00000000,0
7495.58210000,0.00000000,0.00000000,0
7495.62979000,0.00000000,0.00000000,0
7495.67747000,0.00000000,0.00000000,0
7495.77284000,0.00000000,0.00000000,0
7495.82052000,0.00000000,0.00000000,0
7495.86821000,0.00000000,0.00000000,0
7495.92781000,0.00000000,0.00000000,0
7496.02318000,0.00000000,0.00000000,0
7496.07086000,0.00000000,0.00000000,0
7496.11855000,0.00000000,0.00000000,0
7496.16623000,0.00000000,0.00000000,0
7496.21391000,0.00000000,0.00000000,0
7496.26160000,0.00000000,0.00000000,0
7496.30928000,0.00002315,0.00000000,0
7496.35696000,0.00000000,0.00000000,0
7496.44041000,0.00004883,0.00003716,13
7496.55962000,0.00792472,0.00716513,14
7496.71459000,0.00003466,0.00002253,12
7496.72651000,0.00003548,0.00002395,12
7496.79804000,0.00001821,0.00000000,0
7496.84572000,0.00000000,0.00000000,0
7496.89341000,0.00000000,0.00000000,0
7496.94109000,0.00003712,0.00000000,0
7496.98877000,0.00003536,0.00000000,0
7497.03646000,0.00003242,0.00000000,0
7497.09606000,0.00001837,0.00000000,0
7497.13182000,0.00000000,0.00000000,0
7497.19143000,0.00000000,0.00000000,0
7497.23911000,0.00000000,0.00000000,0
7497.28680000,0.00000000,0.00000000,0
7497.33448000,0.00000000,0.00000000,0
7497.38216000,0.00000000,0.00000000,0
7497.44177000,0.00000000,0.00000000,0
7497.48945000,0.00000000,0.00000000,0
7497.53714000,0.00000000,0.00000000,0
7497.58482000,0.00000000,0.00000000,0
7497.63250000,0.00000000,0.00000000,0
7497.68019000,0.00000000,0.00000000,0
7497.73979000,0.00000000,0.00000000,0
7497.78748000,0.00000000,0.00000000,0
7497.83516000,0.00000000,0.00000000,0
7497.88284000,0.00000000,0.00000000,0
7497.94245000,0.00000000,0.00000000,0
7497.97821000,0.00000000,0.00000000,0
7498.02589000,0.00000000,0.00000000,0
7498.08550000,0.00000000,0.00000000,0
7498.13318000,0.00000000,0.00000000,0
7498.24047000,0.00000000,0.00000000,0
7498.39544000,0.00009448,0.00000000,0
7498.46697000,0.00043744,0.00002603,1
7498.47889000,0.00042892,0.00002714,1
7498.53849000,0.00011809,0.00000000,0
7498.68155000,0.00000000,0.00000000,0
7498.83652000,0.00000000,0.00000000,0
7498.97957000,0.00000000,0.00000000,0
7499.08686000,0.00000000,0.00000000,0
7499.24183000,0.00000000,0.00000000,0
7499.74251000,0.00000000,0.00000000,0
7499.83788000,0.00000000,0.00000000,0
7500.38624000,0.00000000,0.00000000,0
7500.62466000,0.00004632,0.00002032,9
7500.88692000,0.00000000,0.00000000,0
7501.17302000,0.00023823,0.00000000,0
7501.18494000,0.00023930,0.00000000,0
7501.39952000,0.00002284,0.00000000,0
7502.28167000,0.00003412,0.00002528,13
7503.42607000,0.00000000,0.00000000,0
7504.68969000,0.00005044,0.00000000,0
7505.94139000,0.00000000,0.00000000,0
7507.05004000,0.00001981,0.00000000,0
7511.18660000,0.00001998,0.00000000,0
7511.28197000,0.00020833,0.00000000,0
7511.41310000,0.00007980,0.00000000,0
7511.42502000,0.00007610,0.00000000,0
7512.97474000,0.00000000,0.00000000,0
7513.15355000,0.00000000,0.00000000,0
7513.34429000,0.00001852,0.00000000,0
7514.29796000,0.00000000,0.00000000,0
7515.20395000,0.00001859,0.00000000,0
7517.36164000,0.00002657,0.00000000,0
7519.09018000,0.00003424,0.00000000,0
7520.38956000,0.00000000,0.00000000,0
7520.62798000,0.00004315,0.00000000,0
7521.15250000,0.00000000,0.00000000,0
7522.65453000,0.00000000,0.00000000,0
7524.31154000,0.00000000,0.00000000,0
7524.45459000,0.00000000,0.00000000,0
7524.70493000,0.00002077,0.00000000,0
7524.80030000,0.00004191,0.00000000,0
7524.95527000,0.00746770,0.00010989,0
7525.13409000,0.00001846,0.00000000,0
7525.28906000,0.00391004,0.00005904,0
7525.49171000,0.00001858,0.00000000,0
7526.86262000,0.00000000,0.00000000,0
7527.23217000,0.00028993,0.00000000,0
7527.38714000,0.00012498,0.00000000,0
7529.27065000,0.00002219,0.00000000,0
7530.23624000,0.00002503,0.00000000,0
7532.14359000,0.00001930,0.00000000,0
7533.89597000,0.00000000,0.00000000,0
7534.33704000,0.00000000,0.00000000,0
7535.40993000,0.00007206,0.00000000,0
7535.60066000,0.00001806,0.00000000,0
7537.73451000,0.00025883,0.00000000,0
7539.14118000,0.00000000,0.00000000,0
7539.46304000,0.00011422,0.00000000,0
7541.47768000,0.00003226,0.00001847,11
7542.97972000,0.00001970,0.00000000,0
7545.17317000,0.00074096,0.00000000,0
7545.42351000,0.00000000,0.00000000,0
7547.06860000,0.00000000,0.00000000,0
7547.93882000,0.00001915,0.00000000,0
7548.34414000,0.00000000,0.00000000,0
7548.61832000,0.00000000,0.00000000,0
7548.86866000,0.00030450,0.00021905,13
7550.46606000,0.00001927,0.00000000,0
7550.69256000,0.00000000,0.00000000,0
7551.15747000,0.00000000,0.00000000,0
7552.34957000,0.00000000,0.00000000,0
7554.34036000,0.00000000,0.00000000,0
7555.06754000,0.00000000,0.00000000,0
7555.29404000,0.00004759,0.00000000,0
7555.53246000,0.00003637,0.00000000,0
7555.87816000,0.00000000,0.00000000,0
7556.08082000,0.00000000,0.00000000,0
7556.23579000,0.00003465,0.00000000,0
7556.66494000,0.00004371,0.00000000,0
7558.98952000,0.00000000,0.00000000,0
7559.43060000,0.00000000,0.00000000,0
7559.54981000,0.00000000,0.00000000,0
7561.42139000,0.00002099,0.00000000,0
7561.54060000,0.00000000,0.00000000,0
7562.97112000,0.00000000,0.00000000,0
7563.31682000,0.00000000,0.00000000,0
7564.31818000,0.00003750,0.00000000,0
7565.86790000,0.00000000,0.00000000,0
7566.92886000,0.00004203,0.00000000,0
7567.64412000,0.00000000,0.00000000,0
7568.33553000,0.00001903,0.00000000,0
7571.79260000,0.00000000,0.00000000,0
7571.99526000,0.00000000,0.00000000,0
7572.05486000,0.00000000,0.00000000,0
7573.27080000,0.00000000,0.00000000,0
7574.72515000,0.00000000,0.00000000,0
7574.86820000,0.00000000,0.00000000,0
7575.16623000,0.00003838,0.00000000,0
7575.64306000,0.00000000,0.00000000,0
7576.62058000,0.00004168,0.00000000,0
7577.41928000,0.00000000,0.00000000,0
7577.68154000,0.00000000,0.00000000,0
7577.99149000,0.00000000,0.00000000,0
7579.21934000,0.00034129,0.00000000,0
7579.23126000,0.00035917,0.00000000,0
7582.22342000,0.00000000,0.00000000,0
7587.14676000,0.00008549,0.00000000,0
7587.30173000,0.00019271,0.00000000,0
7587.50439000,0.00000000,0.00000000,0
7588.55343000,0.00000000,0.00000000,0
7589.03027000,0.00000000,0.00000000,0
7589.20908000,0.00000000,0.00000000,0
7589.84089000,0.00000000,0.00000000,0
7591.99858000,0.00000000,0.00000000,0
7592.10587000,0.00000000,0.00000000,0
7593.21451000,0.00003534,0.00000000,0
7594.63310000,0.00000000,0.00000000,0
7595.07418000,0.00030728,0.00026422,14
7595.46757000,0.00000000,0.00000000,0
7595.88480000,0.00000000,0.00000000,0
7596.14706000,0.00002710,0.00000000,0
7597.55373000,0.00000000,0.00000000,0
7598.04249000,0.00004894,0.00000000,0
7598.48356000,0.00011526,0.00000000,0
7601.48764000,0.00003158,0.00000000,0
7601.84526000,0.00000000,0.00000000,0
7604.05064000,0.00002535,0.00000000,0
7604.75397000,0.00007397,0.00000000,0
7604.81358000,0.00019216,0.00000000,0
7606.00567000,0.00000000,0.00000000,0
7607.80573000,0.00000000,0.00000000,0
7607.98454000,0.00000000,0.00000000,0
7608.40178000,0.00000000,0.00000000,0
7609.92765000,0.00000000,0.00000000,0
7611.65619000,0.00000000,0.00000000,0
7612.06150000,0.00000000,0.00000000,0
7613.86156000,0.00004622,0.00000000,0
7614.46953000,0.00002695,0.00000000,0
7614.82716000,0.00000000,0.00000000,0
7614.91060000,0.00003420,0.00000000,0
7617.18750000,0.00000000,0.00000000,0
7618.78490000,0.00000000,0.00000000,0
7619.30943000,0.00000000,0.00000000,0
7622.84994000,0.00000000,0.00000000,0
7624.11356000,0.00000000,0.00000000,0
7624.87650000,0.00002670,0.00000000,0
7626.96266000,0.00000000,0.00000000,0
7628.91769000,0.00000000,0.00000000,0
7629.32301000,0.00000000,0.00000000,0
7631.08730000,0.00000000,0.00000000,0
7634.61590000,0.00002753,0.00000000,0
7635.55765000,0.00000000,0.00000000,0
7637.26234000,0.00002565,0.00000000,0
7637.35771000,0.00000000,0.00000000,0
7638.28754000,0.00004177,0.00000000,0
7638.69286000,0.00010445,0.00000000,0
7639.77766000,0.00002468,0.00000000,0
7640.19489000,0.00004020,0.00000000,0
7640.52868000,0.00002782,0.00000000,0
7640.92207000,0.00002713,0.00001973,13
7640.94591000,0.00003443,0.00002501,13
7641.06512000,0.00003029,0.00000000,0
7641.42275000,0.00004779,0.00002146,9
7641.43467000,0.00004787,0.00002099,9
7641.67309000,0.00004814,0.00000000,0
7642.45987000,0.00006071,0.00000000,0
7643.36586000,0.00000000,0.00000000,0
7644.25993000,0.00006219,0.00000000,0
7645.24937000,0.00000000,0.00000000,0
7645.45202000,0.00003485,0.00000000,0
7645.58315000,0.00273602,0.00227277,14
7645.73812000,0.00000000,0.00000000,0
7645.85733000,0.00000000,0.00000000,0
7646.81101000,0.00000000,0.00000000,0
7646.96598000,0.00000000,0.00000000,0
7647.02559000,0.00000000,0.00000000,0
7647.45474000,0.00000000,0.00000000,0
7648.65875000,0.00000000,0.00000000,0
7649.45745000,0.00000000,0.00000000,0
7653.21255000,0.00000000,0.00000000,0
7653.39136000,0.00002763,0.00000000,0
7653.48673000,0.00065638,0.00000000,0
7654.50001000,0.00000000,0.00000000,0
7655.89476000,0.00003415,0.00000000,0
7656.40736000,0.00000000,0.00000000,0
7658.51736000,0.00000000,0.00000000,0
7659.62601000,0.00002765,0.00000000,0
7659.88827000,0.00016578,0.00012668,13
7660.04324000,0.00009074,0.00000000,0
7660.73465000,0.00006485,0.00000000,0
7661.90290000,0.00000000,0.00000000,0
7662.63008000,0.00000000,0.00000000,0
7663.40494000,0.00000000,0.00000000,0
7665.37189000,0.00000000,0.00000000,0
7665.72952000,0.00000000,0.00000000,0
7667.81569000,0.00000000,0.00000000,0
7667.94682000,0.00000000,0.00000000,0
7669.46077000,0.00003531,0.00000000,0
7669.74688000,0.00000000,0.00000000,0
7669.87801000,0.00000000,0.00000000,0
7671.02242000,0.00000000,0.00000000,0
7671.15355000,0.00001848,0.00000000,0
7674.19338000,0.00000000,0.00000000,0
7674.50333000,0.00000000,0.00000000,0
7674.93248000,0.00005862,0.00000000,0
7675.50468000,0.00004027,0.00000000,0
7676.33915000,0.00000000,0.00000000,0
7676.54181000,0.00000000,0.00000000,0
7677.87695000,0.00000000,0.00000000,0
7681.19097000,0.00000000,0.00000000,0
7681.75125000,0.00001803,0.00000000,0
7682.94334000,0.00047137,0.00033252,12
7683.74205000,0.00000000,0.00000000,0
7684.73148000,0.00000000,0.00000000,0
7686.03086000,0.00001832,0.00000000,0
7686.87725000,0.00000000,0.00000000,0
7688.17663000,0.00000000,0.00000000,0
7688.92765000,0.00000000,0.00000000,0
7689.08262000,0.00000000,0.00000000,0
7689.39257000,0.00000000,0.00000000,0
7691.43105000,0.00000000,0.00000000,0
7692.28935000,0.00000000,0.00000000,0
7693.43376000,0.00000000,0.00000000,0
7696.06829000,0.00000000,0.00000000,0
7696.44976000,0.00000000,0.00000000,0
7697.10541000,0.00000000,0.00000000,0
7699.32270000,0.00000000,0.00000000,0
7699.77570000,0.00000000,0.00000000,0
7701.25389000,0.00000000,0.00000000,0
7701.73073000,0.00000000,0.00000000,0
7702.19564000,0.00000000,0.00000000,0
7703.30429000,0.00000000,0.00000000,0
7704.32949000,0.00000000,0.00000000,0
7706.99978000,0.00002110,0.00000000,0
7707.27396000,0.00000000,0.00000000,0
7707.78656000,0.00000000,0.00000000,0
7707.95345000,0.00000000,0.00000000,0
7709.38396000,0.00001987,0.00000000,0
7709.53894000,0.00000000,0.00000000,0
7710.08730000,0.00000000,0.00000000,0
7711.60126000,0.00000000,0.00000000,0
7711.85160000,0.00000000,0.00000000,0
7712.16154000,0.00000000,0.00000000,0
7713.12714000,0.00035213,0.00000000,0
7713.28211000,0.00013936,0.00000000,0
7714.12849000,0.00000000,0.00000000,0
7714.24770000,0.00000000,0.00000000,0
7714.47420000,0.00000000,0.00000000,0
7714.83183000,0.00000000,0.00000000,0
7715.11793000,0.00009370,0.00005003,10
7715.15369000,0.00007724,0.00006506,14
7715.39211000,0.00003812,0.00000000,0
7715.54708000,0.00000000,0.00000000,0
7716.08353000,0.00000000,0.00000000,0
7716.14313000,0.00001827,0.00000000,0
7716.56036000,0.00000000,0.00000000,0
7717.07296000,0.00028482,0.00000000,0
7717.12065000,0.00016221,0.00000000,0
7717.21601000,0.00012621,0.00000000,0
7718.31274000,0.00008820,0.00000000,0
7718.76574000,0.00000000,0.00000000,0
7719.24257000,0.00005310,0.00000000,0
7719.32602000,0.00025762,0.00000000,0
7720.12472000,0.00000000,0.00000000,0
7722.33009000,0.00000000,0.00000000,0
7724.69044000,0.00000000,0.00000000,0
7725.35801000,0.00000000,0.00000000,0
7725.85869000,0.00000000,0.00000000,0
7726.00174000,0.00000000,0.00000000,0
7727.61106000,0.00002425,0.00000000,0
7728.25480000,0.00006368,0.00000000,0
7728.70779000,0.00000000,0.00000000,0
7728.81508000,0.00000000,0.00000000,0
7731.03237000,0.00000000,0.00000000,0
7731.87876000,0.00000000,0.00000000,0
7732.42712000,0.00000000,0.00000000,0
7734.20334000,0.00002116,0.00000000,0
7734.40599000,0.00000000,0.00000000,0
7734.66825000,0.00000000,0.00000000,0
7734.88283000,0.00000000,0.00000000,0
7735.47888000,0.00000000,0.00000000,0
7735.70538000,0.00000000,0.00000000,0
7736.43255000,0.00000000,0.00000000,0
7736.94515000,0.00000000,0.00000000,0
7738.42335000,0.00000000,0.00000000,0
7739.52007000,0.00000000,0.00000000,0
7744.32421000,0.00000000,0.00000000,0
7745.33749000,0.00000000,0.00000000,0
7745.54014000,0.00000000,0.00000000,0
7746.64879000,0.00000000,0.00000000,0
7746.87529000,0.00003001,0.00000000,0
7747.16139000,0.00000000,0.00000000,0
7747.80512000,0.00005238,0.00000000,0
7747.82896000,0.00006556,0.00000000,0
7749.19987000,0.00000000,0.00000000,0
7750.21315000,0.00002276,0.00000000,0
7750.36812000,0.00002112,0.00000000,0
7750.66614000,0.00000000,0.00000000,0
7750.86880000,0.00002586,0.00000000,0
7751.20258000,0.00000000,0.00000000,0
7751.45292000,0.00000000,0.00000000,0
7752.12049000,0.00004230,0.00000000,0
7752.33507000,0.00000000,0.00000000,0
7752.49004000,0.00000000,0.00000000,0
7753.20530000,0.00000000,0.00000000,0
7753.26490000,0.00001924,0.00000000,0
7753.78942000,0.00002789,0.00000000,0
7753.83711000,0.00004481,0.00000000,0
7753.95632000,0.00000000,0.00000000,0
7754.44508000,0.00000000,0.00000000,0
7754.64773000,0.00000000,0.00000000,0
7754.81462000,0.00000000,0.00000000,0
7755.50604000,0.00001911,0.00000000,0
7755.54180000,0.00000000,0.00000000,0
7757.11536000,0.00000000,0.00000000,0
7757.89022000,0.00003979,0.00000000,0
7757.99751000,0.00000000,0.00000000,0
7759.85718000,0.00001980,0.00000000,0
7759.97639000,0.00000000,0.00000000,0
7760.20288000,0.00002390,0.00000000,0
7760.82277000,0.00051505,0.00000000,0
7760.84661000,0.00059276,0.00000000,0
7761.88374000,0.00000000,0.00000000,0
7762.34865000,0.00000000,0.00000000,0
7763.17120000,0.00000000,0.00000000,0
7763.18312000,0.00001790,0.00000000,0
7763.67187000,0.00000000,0.00000000,0
7763.80301000,0.00001894,0.00000000,0
7763.87453000,0.00003744,0.00000000,0
7764.55402000,0.00002931,0.00000000,0
7766.17527000,0.00000000,0.00000000,0
7767.40313000,0.00000000,0.00000000,0
7767.80844000,0.00000000,0.00000000,0
7768.16607000,0.00000000,0.00000000,0
7768.30912000,0.00000000,0.00000000,0
7768.52369000,0.00002873,0.00000000,0
7769.37008000,0.00000000,0.00000000,0
7769.64426000,0.00000000,0.00000000,0
7773.19670000,0.00000000,0.00000000,0
7773.67353000,0.00000000,0.00000000,0
7774.10269000,0.00009583,0.00000000,0
7774.46032000,0.00000000,0.00000000,0
7774.63913000,0.00000000,0.00000000,0
7775.50936000,0.00000000,0.00000000,0
7775.93851000,0.00003566,0.00000000,0
7776.84450000,0.00000000,0.00000000,0
7777.77433000,0.00000000,0.00000000,0
7778.03659000,0.00000000,0.00000000,0
7778.53727000,0.00000000,0.00000000,0
7779.08564000,0.00000000,0.00000000,0
7779.18100000,0.00000000,0.00000000,0
7779.53863000,0.00000000,0.00000000,0
7780.24197000,0.00000000,0.00000000,0
7783.48446000,0.00000000,0.00000000,0
7783.93745000,0.00000000,0.00000000,0
7784.81960000,0.00000000,0.00000000,0
7786.41701000,0.00000000,0.00000000,0
7791.82911000,0.00005509,0.00000000,0
7792.98544000,0.00000000,0.00000000,0
7793.10465000,0.00000000,0.00000000,0
7793.71262000,0.00000000,0.00000000,0
7794.03448000,0.00002841,0.00000000,0
7794.51132000,0.00000000,0.00000000,0
7795.15505000,0.00010080,0.00000000,0
7795.31002000,0.00021938,0.00000000,0
7796.32330000,0.00000000,0.00000000,0
7796.93127000,0.00000000,0.00000000,0
7798.65980000,0.00000000,0.00000000,0
7799.41082000,0.00000000,0.00000000,0
7799.85189000,0.00000000,0.00000000,0
7800.23336000,0.00000000,0.00000000,0
7800.60291000,0.00000000,0.00000000,0
7800.78173000,0.00000000,0.00000000,0
7801.27048000,0.00001858,0.00000000,0
7804.14343000,0.00000000,0.00000000,0
7804.78716000,0.00001863,0.00000000,0
7804.83484000,0.00000000,0.00000000,0
7805.49049000,0.00004020,0.00000000,0
7805.75275000,0.00000000,0.00000000,0
7806.16999000,0.00000000,0.00000000,0
7807.43361000,0.00000000,0.00000000,0
7807.76739000,0.00000000,0.00000000,0
7808.04157000,0.00000000,0.00000000,0
7809.03101000,0.00001825,0.00000000,0
7809.87740000,0.00000000,0.00000000,0
7809.99660000,0.00002292,0.00000000,0
7810.96220000,0.00011989,0.00000000,0
7812.50000000,0.00249943,0.00209473,14
7812.61921000,0.00000000,0.00000000,0
7812.89339000,0.00000000,0.00000000,0
7813.59673000,0.00000000,0.00000000,0
7814.62193000,0.00000000,0.00000000,0
7815.24181000,0.00000000,0.00000000,0
7815.77826000,0.00000000,0.00000000,0
7816.58888000,0.00000000,0.00000000,0
7818.43662000,0.00000000,0.00000000,0
7820.14132000,0.00000000,0.00000000,0
7821.24996000,0.00000000,0.00000000,0
7821.48838000,0.00000000,0.00000000,0
7822.70432000,0.00000000,0.00000000,0
7823.24076000,0.00003131,0.00000000,0
7824.68319000,0.00000000,0.00000000,0
7825.24347000,0.00002757,0.00000000,0
7825.77991000,0.00000000,0.00000000,0
7826.14946000,0.00000000,0.00000000,0
7826.72167000,0.00000000,0.00000000,0
7827.13890000,0.00000000,0.00000000,0
7828.40252000,0.00000000,0.00000000,0
7828.76015000,0.00000000,0.00000000,0
7828.84359000,0.00000000,0.00000000,0
7829.01049000,0.00000000,0.00000000,0
7829.14162000,0.00000000,0.00000000,0
7829.78535000,0.00000000,0.00000000,0
7829.90456000,0.00000000,0.00000000,0
7830.13105000,0.00000000,0.00000000,0
7830.26218000,0.00000000,0.00000000,0
7830.51252000,0.00000000,0.00000000,0
7830.61981000,0.00000000,0.00000000,0
7831.00128000,0.00000000,0.00000000,0
7831.27546000,0.00000000,0.00000000,0
7832.68213000,0.00000000,0.00000000,0
7832.86095000,0.00000000,0.00000000,0
7833.94575000,0.00000000,0.00000000,0
7834.21993000,0.00008833,0.00000000,0
7834.99479000,0.00005060,0.00000000,0
7835.85310000,0.00000000,0.00000000,0
7836.01999000,0.00000000,0.00000000,0
7836.58028000,0.00000000,0.00000000,0
7837.05711000,0.00000000,0.00000000,0
7838.40418000,0.00045498,0.00000000,0
7838.53531000,0.00000000,0.00000000,0
7839.27441000,0.00000000,0.00000000,0
7840.20424000,0.00000000,0.00000000,0
7840.45458000,0.00000000,0.00000000,0
7840.54995000,0.00001829,0.00000000,0
7841.18176000,0.00003078,0.00002192,13
7841.46786000,0.00004449,0.00003041,12
7841.70628000,0.00000000,0.00000000,0
7841.92085000,0.00003389,0.00000000,0
7842.76724000,0.00006632,0.00000000,0
7843.08910000,0.00000000,0.00000000,0
7844.44809000,0.00001909,0.00000000,0
7844.90108000,0.00000000,0.00000000,0
7845.04414000,0.00000000,0.00000000,0
7845.17527000,0.00000000,0.00000000,0
7845.96205000,0.00001832,0.00000000,0
7846.42696000,0.00000000,0.00000000,0
7846.49849000,0.00000000,0.00000000,0
7846.66538000,0.00000000,0.00000000,0
7848.17934000,0.00000000,0.00000000,0
7848.58465000,0.00000000,0.00000000,0
7849.94364000,0.00000000,0.00000000,0
7850.64697000,0.00000000,0.00000000,0
7851.33839000,0.00002926,0.00000000,0
7851.61257000,0.00130827,0.00006339,0
7852.10133000,0.00000000,0.00000000,0
7855.51071000,0.00000000,0.00000000,0
7855.97563000,0.00000000,0.00000000,0
7856.09484000,0.00061544,0.00003602,0
7856.77433000,0.00000000,0.00000000,0
7857.39422000,0.00000000,0.00000000,0
7857.89490000,0.00000000,0.00000000,0
7857.99026000,0.00000000,0.00000000,0
7860.88705000,0.00000000,0.00000000,0
7861.16123000,0.00005277,0.00002527,9
7861.32812000,0.00001892,0.00000000,0
7862.18643000,0.00000000,0.00000000,0
7862.79440000,0.00000000,0.00000000,0
7862.91361000,0.00000000,0.00000000,0
7864.99977000,0.00001909,0.00000000,0
7865.28587000,0.00000000,0.00000000,0
7865.46469000,0.00000000,0.00000000,0
7866.21571000,0.00002764,0.00002051,13
7866.22763000,0.00002870,0.00002122,13
7867.71774000,0.00000000,0.00000000,0
7868.38531000,0.00000000,0.00000000,0
7870.01848000,0.00001971,0.00000000,0
7870.65029000,0.00000000,0.00000000,0
7870.87679000,0.00000000,0.00000000,0
7871.00792000,0.00000000,0.00000000,0
7872.08080000,0.00000000,0.00000000,0
7872.30730000,0.00000000,0.00000000,0
7873.42787000,0.00001790,0.00000000,0
7874.01199000,0.00000000,0.00000000,0
7874.29810000,0.00002858,0.00000000,0
7874.95375000,0.00000000,0.00000000,0
7875.53787000,0.00000000,0.00000000,0
7876.47963000,0.00000000,0.00000000,0
7877.14720000,0.00000000,0.00000000,0
7877.87437000,0.00000000,0.00000000,0
7878.17240000,0.00000000,0.00000000,0
7878.94726000,0.00000000,0.00000000,0
7879.28104000,0.00000000,0.00000000,0
7879.38833000,0.00000000,0.00000000,0
7879.54330000,0.00031749,0.00000000,0
7880.18703000,0.00000000,0.00000000,0
7880.99766000,0.00000000,0.00000000,0
7881.24800000,0.00000000,0.00000000,0
7881.76060000,0.00000000,0.00000000,0
7882.03478000,0.00004868,0.00000000,0
7882.61890000,0.00004863,0.00000000,0
7882.90501000,0.00000000,0.00000000,0
7884.31168000,0.00002132,0.00000000,0
7885.00309000,0.00002211,0.00000000,0
7885.69450000,0.00000000,0.00000000,0
7886.26671000,0.00002186,0.00000000,0
7886.73162000,0.00000000,0.00000000,0
7886.83891000,0.00000000,0.00000000,0
7887.68530000,0.00000000,0.00000000,0
7888.56745000,0.00004083,0.00000000,0
7888.71050000,0.00008667,0.00007643,14
7889.06813000,0.00001796,0.00000000,0
7889.40191000,0.00000000,0.00000000,0
7889.55688000,0.00005323,0.00000000,0
7890.18869000,0.00000000,0.00000000,0
7890.33175000,0.00000000,0.00000000,0
7890.92779000,0.00001840,0.00000000,0
7891.05892000,0.00000000,0.00000000,0
7893.44311000,0.00009025,0.00007423,14
7895.04051000,0.00000000,0.00000000,0
7896.66176000,0.00002124,0.00000000,0
7896.86441000,0.00000000,0.00000000,0
7896.94786000,0.00003468,0.00000000,0
7897.28165000,0.00000000,0.00000000,0
7897.63927000,0.00002161,0.00000000,0
7898.09227000,0.00000000,0.00000000,0
7898.36645000,0.00000000,0.00000000,0
7898.44990000,0.00002407,0.00000000,0
7898.71216000,0.00000000,0.00000000,0
7898.77176000,0.00003421,0.00002217,12
7898.98634000,0.00002681,0.00002059,13
7899.17707000,0.00006288,0.00004419,12
7899.27244000,0.00004647,0.00003117,12
7899.28436000,0.00004948,0.00003165,12
7899.66583000,0.00006785,0.00005361,13
7900.39301000,0.00002407,0.00000000,0
7901.21555000,0.00001947,0.00000000,0
7901.87120000,0.00000000,0.00000000,0
7903.51629000,0.00000000,0.00000000,0
7905.03025000,0.00000000,0.00000000,0
7905.53093000,0.00000000,0.00000000,0
7905.81703000,0.00000000,0.00000000,0
7908.52308000,0.00000000,0.00000000,0
7909.91783000,0.00000000,0.00000000,0
7910.91919000,0.00006652,0.00000000,0
7911.00264000,0.00000000,0.00000000,0
7914.67428000,0.00000000,0.00000000,0
7915.06767000,0.00000000,0.00000000,0
7915.37762000,0.00000000,0.00000000,0
7916.30745000,0.00002635,0.00000000,0
7916.72468000,0.00000000,0.00000000,0
7916.96310000,0.00002367,0.00000000,0
7919.66915000,0.00000000,0.00000000,0
7920.18175000,0.00000000,0.00000000,0
7921.32616000,0.00002759,0.00000000,0
7922.23215000,0.00000000,0.00000000,0
7922.57786000,0.00000000,0.00000000,0
7922.76859000,0.00000000,0.00000000,0
7924.07990000,0.00002791,0.00000000,0
7924.66402000,0.00000000,0.00000000,0
7924.93820000,0.00002286,0.00000000,0
7927.63233000,0.00000000,0.00000000,0
7929.31318000,0.00012008,0.00000000,0
7930.23109000,0.00000000,0.00000000,0
7931.37550000,0.00001838,0.00000000,0
7931.75697000,0.00002665,0.00000000,0
7931.97155000,0.00002483,0.00000000,0
7932.28149000,0.00002836,0.00000000,0
7933.02059000,0.00000000,0.00000000,0
7934.16500000,0.00002571,0.00000000,0
7934.18884000,0.00002034,0.00000000,0
7934.77297000,0.00002421,0.00000000,0
7934.89218000,0.00000000,0.00000000,0
7937.66975000,0.00003291,0.00000000,0
7937.88433000,0.00008397,0.00000000,0
7938.80224000,0.00000000,0.00000000,0
7939.31484000,0.00002561,0.00000000,0
7940.01818000,0.00004111,0.00000000,0
7942.22355000,0.00003557,0.00000000,0
7942.39044000,0.00004247,0.00000000,0
7943.30835000,0.00000000,0.00000000,0
7944.21434000,0.00000000,0.00000000,0
7944.32163000,0.00000000,0.00000000,0
7945.13226000,0.00004444,0.00000000,0
7945.25146000,0.00002849,0.00000000,0
7945.33491000,0.00001990,0.00000000,0
7945.50180000,0.00002757,0.00000000,0
7946.44356000,0.00000000,0.00000000,0
7946.69390000,0.00002269,0.00000000,0
7946.82503000,0.00002985,0.00000000,0
7947.02768000,0.00000000,0.00000000,0
7947.64757000,0.00000000,0.00000000,0
7948.12441000,0.00003209,0.00000000,0
7948.26746000,0.00018064,0.00000000,0
7948.32706000,0.00006202,0.00000000,0
7948.41051000,0.00018988,0.00000000,0
7948.66085000,0.00003651,0.00000000,0
7948.91119000,0.00022013,0.00000000,0
7949.05424000,0.00018960,0.00000000,0
7949.12577000,0.00004961,0.00000000,0
7949.22113000,0.00002928,0.00000000,0
7949.25690000,0.00002467,0.00000000,0
7949.39995000,0.00000000,0.00000000,0
7950.17481000,0.00004409,0.00002621,11
7950.18673000,0.00004337,0.00002802,12
7951.47419000,0.00000000,0.00000000,0
7952.71397000,0.00002401,0.00000000,0
7953.57227000,0.00000000,0.00000000,0
7955.52731000,0.00006502,0.00000000,0
7956.07567000,0.00008629,0.00000000,0
7956.65979000,0.00000000,0.00000000,0
7957.36313000,0.00019208,0.00000000,0
7957.54194000,0.00004306,0.00000000,0
7957.86381000,0.00006200,0.00000000,0
7958.69827000,0.00000000,0.00000000,0
7958.85324000,0.00000000,0.00000000,0
7958.99630000,0.00000000,0.00000000,0
7959.41353000,0.00056224,0.00001803,0
7959.43737000,0.00050742,0.00000000,0
7959.58042000,0.00025315,0.00000000,0
7959.83076000,0.00001953,0.00000000,0
7960.43873000,0.00002250,0.00000000,0
7960.92749000,0.00002136,0.00000000,0
7961.22551000,0.00000000,0.00000000,0
7962.44144000,0.00023872,0.00000000,0
7962.78715000,0.00002228,0.00000000,0
7963.26399000,0.00008562,0.00007265,14
7963.27591000,0.00009136,0.00007905,14
7963.46664000,0.00016993,0.00000000,0
7964.95676000,0.00000000,0.00000000,0
7965.05213000,0.00007586,0.00000000,0
7965.23094000,0.00003758,0.00000000,0
7965.66010000,0.00000000,0.00000000,0
7966.25614000,0.00000000,0.00000000,0
7966.85219000,0.00000000,0.00000000,0
7967.06676000,0.00000000,0.00000000,0
7968.35423000,0.00000000,0.00000000,0
7968.65225000,0.00000000,0.00000000,0
7969.83242000,0.00000000,0.00000000,0
7969.99931000,0.00000000,0.00000000,0
7970.83378000,0.00000000,0.00000000,0
7971.83514000,0.00000000,0.00000000,0
7972.09740000,0.00000000,0.00000000,0
7972.64576000,0.00002601,0.00000000,0
7972.82457000,0.00004488,0.00000000,0
7972.88418000,0.00002098,0.00000000,0
7973.30141000,0.00005334,0.00000000,0
7973.82593000,0.00000000,0.00000000,0
7974.35045000,0.00000000,0.00000000,0
7977.05650000,0.00000000,0.00000000,0
7977.33068000,0.00000000,0.00000000,0
7978.65391000,0.00013798,0.00000000,0
7979.34532000,0.00000000,0.00000000,0
7979.61950000,0.00029181,0.00023530,14
7979.72679000,0.00000000,0.00000000,0
7979.97713000,0.00004722,0.00000000,0
7980.76391000,0.00018551,0.00000000,0
7981.25267000,0.00007660,0.00000000,0
7983.24347000,0.00011111,0.00000000,0
7984.98392000,0.00000000,0.00000000,0
7986.35483000,0.00003592,0.00000000,0
7987.42771000,0.00002797,0.00000000,0
7987.70189000,0.00002279,0.00000000,0
7988.15489000,0.00001789,0.00000000,0
7988.32178000,0.00000000,0.00000000,0
7991.45699000,0.00000000,0.00000000,0
7993.34049000,0.00000000,0.00000000,0
7997.56050000,0.00000000,0.00000000,0
7997.82276000,0.00000000,0.00000000,0
7998.08502000,0.00000000,0.00000000,0
