freq,int_h2o,int_doh,cluster
6000.18333333,0.00000000,0.00002415,1
6000.64166667,0.00004320,0.00000000,0
6000.67500000,0.00003840,0.00000000,0
6001.35000000,0.00000000,0.00002407,1
6002.76666667,0.00005544,0.00000000,0
6005.00000000,0.00000000,0.00002263,1
6005.85000000,0.00025284,0.00027377,5
6006.00833333,0.00003336,0.00000000,0
6010.00000000,0.00045816,0.00056420,6
6014.44166667,0.00004032,0.00000000,0
6014.78333333,0.00005200,0.00000000,0
6015.00000000,0.00005429,0.00000000,0
6015.61666667,0.00024553,0.00039766,6
6016.66666667,0.00000000,0.00003176,1
6016.68333333,0.00000000,0.00003071,1
6020.00000000,0.00211818,0.00259532,6
6025.00000000,0.00027739,0.00073451,9
6025.40000000,0.00009191,0.00004064,3
6026.15833333,0.00005043,0.00007844,6
6030.00000000,0.00036224,0.00032098,5
6035.00000000,0.00000000,0.00002771,1
6040.00000000,0.00375757,0.00403289,5
6044.93333333,0.00010177,0.00007194,4
6050.00000000,0.00150452,0.00241847,6
6052.04166667,0.00010300,0.00000000,0
6052.90000000,0.00000000,0.00005232,1
6054.68333333,0.00052181,0.00106293,8
6055.00000000,0.00000000,0.00002162,1
6060.00000000,0.00446240,0.00478260,5
6064.44166667,0.00027593,0.00028717,5
6065.00000000,0.00000000,0.00004672,1
6065.80833333,0.00000000,0.00026304,1
6070.00000000,0.00020281,0.00036023,8
6070.57500000,0.00003661,0.00000000,0
6072.29166667,0.00000000,0.00002342,1
6074.21666667,0.00006843,0.00004654,4
6075.00000000,0.00014410,0.00034378,8
6079.09166667,0.00004055,0.00004210,5
6080.00000000,0.00326863,0.00313977,5
6082.10000000,0.00012126,0.00004949,3
6083.82500000,0.00003347,0.00000000,0
6085.00000000,0.00000000,0.00002902,1
6088.86666667,0.00000000,0.00002111,1
6090.00000000,0.00028929,0.00049111,6
6093.75000000,0.00030705,0.00026656,11
6095.00000000,0.00000000,0.00004363,1
6100.00000000,0.00101469,0.00296149,9
6100.83333333,0.00000000,0.00004156,1
6103.51666667,0.00040663,0.00036815,5
6103.65000000,0.00000000,0.00002143,1
6104.99166667,0.00000000,0.00002765,1
6110.00000000,0.00017651,0.00020176,5
6113.26666667,0.00015266,0.00015660,5
6113.27500000,0.00015244,0.00015655,5
6115.00000000,0.00007381,0.00009503,6
6116.74166667,0.00006428,0.00002388,2
6120.00000000,0.00123065,0.00166872,6
6120.71666667,0.00016286,0.00014692,5
6120.74166667,0.00016152,0.00016279,5
6123.04166667,0.00006312,0.00004941,4
6125.00000000,0.00065422,0.00102809,6
6127.92500000,0.00000000,0.00002392,1
6127.94166667,0.00000000,0.00002281,1
6129.75833333,0.00012816,0.00011445,5
6129.77500000,0.00012486,0.00011869,5
6130.00000000,0.00008589,0.00032381,9
6132.80000000,0.00008713,0.00004787,3
6134.80833333,0.00000000,0.00007401,1
6135.00000000,0.00007046,0.00005058,4
6136.09166667,0.00079382,0.00093155,5
6136.42500000,0.00000000,0.00002282,1
6140.00000000,0.00197943,0.00176008,5
6141.35000000,0.00003723,0.00011666,9
6141.38333333,0.00004928,0.00009858,8
6142.59166667,0.00005852,0.00004540,4
6150.00000000,0.00094399,0.00161896,13
6150.13333333,0.00003360,0.00003887,5
6150.17500000,0.00000000,0.00004303,1
6150.71666667,0.00003401,0.00000000,0
6152.35000000,0.00010223,0.00010059,5
6155.00000000,0.00000000,0.00002521,1
6155.32500000,0.00014478,0.00008551,3
6155.33333333,0.00014517,0.00008584,3
6160.00000000,0.00027525,0.00043384,6
6162.10833333,0.00005249,0.00005796,5
6164.77500000,0.00026044,0.00011696,3
6165.00000000,0.00000000,0.00002694,1
6167.31666667,0.00016168,0.00007914,3
6170.00000000,0.00014645,0.00017115,5
6170.30000000,0.00000000,0.00005322,1
6171.87500000,0.00000000,0.00004948,1
6175.00000000,0.00050356,0.00013732,2
6180.00000000,0.00036712,0.00020715,3
6183.32500000,0.00005271,0.00007933,6
6183.33333333,0.00005221,0.00008000,6
6185.00000000,0.00000000,0.00003123,1
6187.40833333,0.00003470,0.00002315,4
6187.56666667,0.00003404,0.00002409,4
6190.00833333,0.00003663,0.00003169,11
6191.40000000,0.00005332,0.00004853,5
6195.00833333,0.00000000,0.00005048,1
6200.00000000,0.00298742,0.00238999,4
6201.17500000,0.00011284,0.00011048,5
6205.00000000,0.00000000,0.00004518,1
6210.00000000,0.00000000,0.00005057,1
6210.95833333,0.00004082,0.00005849,6
6220.00000000,0.00067503,0.00034638,3
6220.70000000,0.00000000,0.00002334,1
6225.00000000,0.00018380,0.00011076,3
6226.08333333,0.00004240,0.00004146,5
6230.00000000,0.00023809,0.00019093,4
6230.65833333,0.00128667,0.00068343,3
6230.67500000,0.00130894,0.00066808,3
6235.00000000,0.00000000,0.00003348,1
6240.00000000,0.00014159,0.00026748,8
6240.22500000,0.00007394,0.00004769,4
6240.24166667,0.00007922,0.00004738,3
6240.46666667,0.00000000,0.00042490,1
6240.47500000,0.00000000,0.00042485,1
6245.00833333,0.00005510,0.00002998,3
6248.92500000,0.00003310,0.00000000,0
6248.96666667,0.00000000,0.00002337,1
6249.01666667,0.00004912,0.00000000,0
6249.16666667,0.00000000,0.00002115,1
6249.20833333,0.00000000,0.00001983,1
6249.25833333,0.00000000,0.00002542,1
6249.35833333,0.00000000,0.00003268,1
6249.40833333,0.00000000,0.00002034,1
6249.45833333,0.00000000,0.00003258,1
6249.50833333,0.00000000,0.00004911,1
6249.55000000,0.00000000,0.00002612,1
6249.60000000,0.00000000,0.00006194,1
6249.64166667,0.00005753,0.00003868,4
6249.69166667,0.00000000,0.00006858,1
6249.73333333,0.00005372,0.00009663,8
6249.80833333,0.00008265,0.00013802,6
6249.84166667,0.00022304,0.00025389,5
6250.00000000,0.41467517,0.52471541,6
6250.19166667,0.00009623,0.00015405,6
6250.26666667,0.00006340,0.00011233,8
6250.31666667,0.00005935,0.00007126,5
6250.35833333,0.00000000,0.00004391,1
6250.40000000,0.00003716,0.00006974,8
6250.45000000,0.00003482,0.00000000,0
6250.49166667,0.00000000,0.00005358,1
6250.59166667,0.00000000,0.00002126,1
6250.64166667,0.00000000,0.00004156,1
6250.73333333,0.00000000,0.00002706,1
6250.79166667,0.00003843,0.00002219,3
6250.94166667,0.00003403,0.00002569,4
6251.03333333,0.00000000,0.00001992,1
6251.18333333,0.00000000,0.00002650,1
6251.48333333,0.00000000,0.00002663,1
6251.58333333,0.00000000,0.00002670,1
6252.83333333,0.00000000,0.00002333,1
6259.53333333,0.00000000,0.00014390,1
6259.76666667,0.00006199,0.00006296,5
6259.77500000,0.00006364,0.00006506,5
6260.00000000,0.00029159,0.00030845,5
6265.00000000,0.00000000,0.00003405,1
6267.55833333,0.00000000,0.00002174,1
6269.32500000,0.00092689,0.00083549,5
6269.33333333,0.00091660,0.00085489,5
6269.51666667,0.00000000,0.00002592,1
6269.53333333,0.00000000,0.00002443,1
6270.00000000,0.00006182,0.00013756,8
6275.00000000,0.00013570,0.00004034,2
6280.00000000,0.00033048,0.00041449,6
6285.00000000,0.00004916,0.00003155,4
6289.06666667,0.00006276,0.00004901,4
6289.07500000,0.00006295,0.00004806,4
6290.00000000,0.00013716,0.00010313,4
6294.99166667,0.00000000,0.00002325,1
6298.82500000,0.00012411,0.00012140,5
6298.83333333,0.00012299,0.00012282,5
6300.00000000,0.00260269,0.00491913,8
6305.00000000,0.00003500,0.00006631,8
6308.60833333,0.00005191,0.00005603,5
6310.00000000,0.00013934,0.00016685,5
6315.00000000,0.00000000,0.00002340,1
6315.41666667,0.00101615,0.00043391,3
6320.00000000,0.00064331,0.00027127,3
6323.22500000,0.00000000,0.00003667,1
6323.25000000,0.00000000,0.00004002,1
6325.00000000,0.00068080,0.00079028,5
6328.12500000,0.00004115,0.00003551,4
6329.70000000,0.00000000,0.00002153,1
6330.00000000,0.00015230,0.00007154,3
6332.68333333,0.00014087,0.00005752,3
6335.22500000,0.00014143,0.00009274,4
6337.90000000,0.00007262,0.00006132,4
6340.00000000,0.00009308,0.00034421,9
6344.66666667,0.00036675,0.00020372,3
6345.00000000,0.00005806,0.00007285,6
6347.66666667,0.00011581,0.00009966,4
6347.67500000,0.00011725,0.00009829,4
6349.27500000,0.00000000,0.00002320,1
6349.83333333,0.00006932,0.00005833,4
6350.00000000,0.00306343,0.00283419,5
6350.26666667,0.00000000,0.00002399,1
6350.29166667,0.00000000,0.00002633,1
6350.61666667,0.00003394,0.00002317,4
6350.64166667,0.00000000,0.00002246,1
6356.74166667,0.00018290,0.00004842,2
6357.42500000,0.00004182,0.00005466,6
6357.43333333,0.00004262,0.00005401,6
6358.02500000,0.00009965,0.00000000,0
6358.65000000,0.00000000,0.00010524,1
6360.00000000,0.00028535,0.00008521,2
6363.58333333,0.00000000,0.00002125,1
6363.90833333,0.00183980,0.00105992,3
6364.43333333,0.00000000,0.00004818,1
6364.63333333,0.00016175,0.00000000,0
6365.00000000,0.00011213,0.00010266,5
6365.19166667,0.00000000,0.00007445,1
6366.54166667,0.00004056,0.00000000,0
6367.20833333,0.00685684,0.00452801,4
6370.00000000,0.00008423,0.00026621,9
6370.20000000,0.00028703,0.00012070,3
6370.27500000,0.00022026,0.00009089,3
6372.05833333,0.00000000,0.00002934,1
6372.07500000,0.00000000,0.00003163,1
6374.62500000,0.00003333,0.00000000,0
6374.81666667,0.00000000,0.00002048,1
6375.00000000,0.00079030,0.00164836,8
6375.16666667,0.00000000,0.00003752,1
6375.20000000,0.00004319,0.00003197,4
6376.96666667,0.00006050,0.00000000,0
6379.23333333,0.00036306,0.00016136,3
6380.00000000,0.00093302,0.00083045,5
6381.14166667,0.00003455,0.00000000,0
6383.24166667,0.00006178,0.00000000,0
6385.00000000,0.00008568,0.00022627,9
6386.72500000,0.00011689,0.00009354,4
6390.00000000,0.00008379,0.00005859,4
6393.25833333,0.00004719,0.00002556,3
6393.70000000,0.00009045,0.00000000,0
6394.64166667,0.00024886,0.00002534,0
6395.00000000,0.00000000,0.00002816,1
6396.35000000,0.00003281,0.00002722,4
6396.48333333,0.00032889,0.00032255,5
6399.46666667,0.00039072,0.00005040,0
6400.00000000,0.00148965,0.00142256,5
6402.07500000,0.00000000,0.00003630,1
6403.50833333,0.00189368,0.00033864,7
6403.80000000,0.00020971,0.00000000,0
6404.01666667,0.00005113,0.00000000,0
6405.00000000,0.00008860,0.00005815,4
6405.27500000,0.00003530,0.00000000,0
6406.25833333,0.00013176,0.00011143,4
6408.66666667,0.00000000,0.00002509,1
6410.00000000,0.00022334,0.00020813,5
6415.30000000,0.00000000,0.00002600,1
6417.65000000,0.00003953,0.00000000,0
6417.90000000,0.00012022,0.00003525,2
6418.55000000,0.00000000,0.00002032,1
6420.00000000,0.00089246,0.00110235,6
6420.90000000,0.00000000,0.00002899,1
6425.00000000,0.00032561,0.00126245,9
6430.00000000,0.00018079,0.00031679,8
6430.57500000,0.00004275,0.00000000,0
6433.80833333,0.00000000,0.00004042,1
6434.19166667,0.00000000,0.00070167,1
6435.00000000,0.00000000,0.00003868,1
6435.55833333,0.00016063,0.00011910,4
6437.93333333,0.00006001,0.00000000,0
6440.00000000,0.00387929,0.00355678,5
6441.71666667,0.00020604,0.00004225,7
6445.00000000,0.00000000,0.00008279,1
6445.31666667,0.00073849,0.00052733,4
6445.73333333,0.00003312,0.00000000,0
6447.10000000,0.00000000,0.00007956,1
6450.00000000,0.00249896,0.00290136,5
6451.02500000,0.00026138,0.00000000,0
6451.03333333,0.00026486,0.00002038,0
6455.05833333,0.00000000,0.00003608,1
6455.08333333,0.00000000,0.00003173,1
6457.30833333,0.00011437,0.00000000,0
6457.80833333,0.00006627,0.00000000,0
6460.00000000,0.00323075,0.00315702,5
6468.95000000,0.00000000,0.00007507,1
6469.07500000,0.00000000,0.00002230,1
6469.70000000,0.00000000,0.00002289,1
6470.00000000,0.00023867,0.00033896,6
6470.58333333,0.00017815,0.00008096,3
6472.00833333,0.00000000,0.00002937,1
6473.85000000,0.00000000,0.00005877,1
6475.00000000,0.00030408,0.00020015,4
6475.72500000,0.00000000,0.00002587,1
6477.10000000,0.00013769,0.00002523,7
6480.00000000,0.00168487,0.00135374,4
6480.49166667,0.00005225,0.00002398,3
6483.33333333,0.00003401,0.00003069,5
6484.37500000,0.00014203,0.00007890,3
6485.00000000,0.00004265,0.00004491,5
6485.16666667,0.00000000,0.00002467,1
6485.58333333,0.00005193,0.00002115,3
6490.00000000,0.00082424,0.00079447,5
6491.36666667,0.00000000,0.00005821,1
6493.25000000,0.00000000,0.00002169,1
6493.97500000,0.00039852,0.00007906,7
6494.14166667,0.00011580,0.00013887,5
6494.59166667,0.00041238,0.00009733,2
6495.05000000,0.00000000,0.00006003,1
6497.42500000,0.00008182,0.00000000,0
6497.79166667,0.00008888,0.00002118,2
6498.20833333,0.00005447,0.00005832,5
6498.90833333,0.00006416,0.00000000,0
6499.33333333,0.00014003,0.00000000,0
6500.00000000,0.00178704,0.00056984,2
6503.25833333,0.00016751,0.00000000,0
6503.90000000,0.00000000,0.00002691,1
6504.55833333,0.00029488,0.00016460,3
6504.71666667,0.00007694,0.00005471,4
6505.00000000,0.00000000,0.00004172,1
6505.52500000,0.00007563,0.00000000,0
6506.22500000,0.00006030,0.00002254,2
6506.26666667,0.00006982,0.00002016,2
6506.30833333,0.00008153,0.00000000,0
6506.91666667,0.00041787,0.00005888,0
6510.00000000,0.00057246,0.00044573,4
6510.42500000,0.00111669,0.00052253,3
6510.85000000,0.00025914,0.00003701,0
6511.04166667,0.00000000,0.00001973,1
6512.50000000,0.00005654,0.00009778,13
6514.99166667,0.00000000,0.00003006,1
6520.00000000,0.00306298,0.00270487,5
6524.01666667,0.00013109,0.00005408,3
6525.00000000,0.00059511,0.00079013,6
6525.91666667,0.00000000,0.00002069,1
6527.16666667,0.00009553,0.00000000,0
6527.17500000,0.00009455,0.00001981,7
6528.04166667,0.00037146,0.00006730,7
6529.71666667,0.00004420,0.00001981,3
6529.76666667,0.00007429,0.00000000,0
6530.00000000,0.00020842,0.00024449,5
6532.95000000,0.00000000,0.00001984,1
6533.19166667,0.00003348,0.00004253,6
6533.62500000,0.00006127,0.00000000,0
6538.05000000,0.00000000,0.00005755,1
6538.50833333,0.00017708,0.00000000,0
6539.59166667,0.00004200,0.00000000,0
6540.00000000,0.00230792,0.00207223,5
6542.96666667,0.00021715,0.00023927,5
6542.97500000,0.00021858,0.00023777,5
6544.95000000,0.00003749,0.00000000,0
6545.00833333,0.00000000,0.00003063,1
6547.31666667,0.00010279,0.00000000,0
6547.87500000,0.00049778,0.00017756,2
6549.62500000,0.00007628,0.00000000,0
6550.00000000,0.00152822,0.00130786,4
6552.72500000,0.00003891,0.00002415,4
6552.73333333,0.00003890,0.00002461,4
6554.47500000,0.00005357,0.00000000,0
6555.00000000,0.00000000,0.00002152,1
6555.91666667,0.00018742,0.00002899,0
6557.83333333,0.00000000,0.00002952,1
6560.00000000,0.00123990,0.00127621,5
6563.41666667,0.00003898,0.00000000,0
6564.21666667,0.00025805,0.00012174,3
6564.30000000,0.00012706,0.00015831,6
6564.33333333,0.00015372,0.00013482,5
6565.00833333,0.00005330,0.00006381,5
6567.82500000,0.00000000,0.00002883,1
6567.84166667,0.00000000,0.00002778,1
6570.00000000,0.00057022,0.00027670,3
6571.51666667,0.00007896,0.00002673,2
6574.17500000,0.00000000,0.00002382,1
6575.00000000,0.00021518,0.00020130,5
6580.00000000,0.00264509,0.00226291,4
6582.02500000,0.00004920,0.00004150,4
6582.03333333,0.00004772,0.00004091,4
6583.21666667,0.00000000,0.00003670,1
6584.36666667,0.00003291,0.00003153,5
6584.37500000,0.00000000,0.00003168,1
6585.00000000,0.00005285,0.00007431,6
6589.44166667,0.00000000,0.00005841,1
6590.00000000,0.00031874,0.00040884,6
6591.79166667,0.00014904,0.00014231,5
6592.76666667,0.00003752,0.00000000,0
6593.45000000,0.00004302,0.00007721,8
6593.81666667,0.00006604,0.00000000,0
6594.90000000,0.00003488,0.00000000,0
6598.12500000,0.00000000,0.00003566,1
6600.00000000,0.00371626,0.00405960,5
6601.55833333,0.00000000,0.00002567,1
6604.97500000,0.00012028,0.00007103,3
6610.00000000,0.00039007,0.00065471,6
6614.99166667,0.00004719,0.00000000,0
6616.21666667,0.00000000,0.00002280,1
6616.82500000,0.00004683,0.00000000,0
6617.66666667,0.00013574,0.00000000,0
6620.00000000,0.00241772,0.00214014,5
6620.61666667,0.00016305,0.00006516,2
6620.62500000,0.00016280,0.00006570,2
6621.30000000,0.00006250,0.00000000,0
6625.00000000,0.00034566,0.00041710,5
6625.54166667,0.00000000,0.00003481,1
6630.00000000,0.00043689,0.00049594,5
6630.75833333,0.00000000,0.00002905,1
6630.83333333,0.00003589,0.00003324,5
6631.75833333,0.00000000,0.00002160,1
6637.45833333,0.00000000,0.00002239,1
6638.46666667,0.00000000,0.00003448,1
6638.47500000,0.00000000,0.00003436,1
6640.00000000,0.00213011,0.00192269,5
6640.62500000,0.00051400,0.00036704,4
6642.37500000,0.00005517,0.00000000,0
6644.03333333,0.00008136,0.00000000,0
6645.00000000,0.00012481,0.00003565,2
6650.00000000,0.00052000,0.00065118,6
6655.30000000,0.00003579,0.00002103,3
6655.33333333,0.00004397,0.00000000,0
6656.91666667,0.00005632,0.00015457,9
6656.94166667,0.00004572,0.00016870,9
6660.00000000,0.00275955,0.00264962,5
6664.03333333,0.00000000,0.00009457,1
6665.00833333,0.00006914,0.00018155,8
6668.35000000,0.00005164,0.00003235,4
6668.96666667,0.00000000,0.00003556,1
6668.97500000,0.00000000,0.00003551,1
6670.00000000,0.00067902,0.00078905,5
6672.13333333,0.00000000,0.00002693,1
6672.25000000,0.00000000,0.00004281,1
6673.85833333,0.00000000,0.00002246,1
6674.17500000,0.00000000,0.00005625,1
6675.00000000,0.00177616,0.00140886,4
6679.66666667,0.00006749,0.00004584,4
6679.68333333,0.00007075,0.00004970,4
6680.00000000,0.00412017,0.00336636,4
6681.88333333,0.00000000,0.00006569,1
6684.99166667,0.00000000,0.00002828,1
6685.15000000,0.00010011,0.00000000,0
6689.45000000,0.00013255,0.00012853,5
6690.00000000,0.00035864,0.00064156,8
6697.74166667,0.00000000,0.00001991,1
6699.21666667,0.00000000,0.00003252,1
6699.23333333,0.00000000,0.00003135,1
6700.00000000,0.00389841,0.00317631,4
6700.85000000,0.00004393,0.00000000,0
6704.38333333,0.00003653,0.00000000,0
6704.61666667,0.00000000,0.00008165,1
6705.00000000,0.00011327,0.00012784,5
6710.00000000,0.00093779,0.00089467,5
6713.84166667,0.00000000,0.00002624,1
6715.00000000,0.00000000,0.00003948,1
6716.16666667,0.00009917,0.00004617,3
6716.17500000,0.00010072,0.00004787,3
6716.25833333,0.00000000,0.00006826,1
6716.27500000,0.00003376,0.00006296,8
6718.75000000,0.00006438,0.00005245,4
6720.00000000,0.00212431,0.00207963,5
6723.25833333,0.00006758,0.00000000,0
6723.91666667,0.00011678,0.00000000,0
6724.36666667,0.00006896,0.00000000,0
6725.00000000,0.00060872,0.00015620,2
6725.84166667,0.00000000,0.00006687,1
6726.05833333,0.00007919,0.00000000,0
6726.16666667,0.00008586,0.00000000,0
6730.00000000,0.00014846,0.00043871,9
6731.95833333,0.00015361,0.00006422,3
6732.04166667,0.00008385,0.00009424,5
6733.85000000,0.00003310,0.00000000,0
6735.00833333,0.00028555,0.00007291,2
6735.86666667,0.00012296,0.00002324,7
6738.01666667,0.00006822,0.00002821,3
6738.27500000,0.00016913,0.00015642,5
6738.74166667,0.00034632,0.00006992,7
6739.47500000,0.00043041,0.00008668,7
6740.00000000,0.00217631,0.00211512,5
6740.62500000,0.00000000,0.00004184,1
6740.81666667,0.00007823,0.00000000,0
6743.16666667,0.00000000,0.00004845,1
6743.66666667,0.00048350,0.00026141,3
6743.67500000,0.00049044,0.00027646,3
6743.73333333,0.00034854,0.00032858,5
6745.02500000,0.00004038,0.00005775,6
6746.49166667,0.00005636,0.00000000,0
6746.53333333,0.00005052,0.00000000,0
6746.85000000,0.00000000,0.00002556,1
6747.95833333,0.00000000,0.00010308,1
6748.03333333,0.00003571,0.00004793,6
6748.87500000,0.00066876,0.00025379,2
6749.10000000,0.00014571,0.00000000,0
6749.72500000,0.00005847,0.00000000,0
6749.99166667,0.00153320,0.00120953,4
6750.15833333,0.00000000,0.00002080,1
6750.17500000,0.00000000,0.00002133,1
6750.27500000,0.00003465,0.00000000,0
6751.70000000,0.00004458,0.00000000,0
6754.99166667,0.00000000,0.00003213,1
6755.10000000,0.00003668,0.00000000,0
6756.71666667,0.00004029,0.00000000,0
6757.92500000,0.00000000,0.00002114,1
6758.03333333,0.00000000,0.00003029,1
6760.00000000,0.00280377,0.00246109,5
6763.96666667,0.00004235,0.00000000,0
6765.00000000,0.00004257,0.00005459,6
6767.25000000,0.00005367,0.00000000,0
6767.28333333,0.00004647,0.00000000,0
6768.30833333,0.00013549,0.00024269,8
6770.00000000,0.00032896,0.00029152,5
6770.52500000,0.00000000,0.00002661,1
6771.60833333,0.00028819,0.00012568,3
6773.00833333,0.00008118,0.00000000,0
6774.87500000,0.00000000,0.00002000,1
6775.00000000,0.00045355,0.00004607,0
6776.26666667,0.00003562,0.00000000,0
6777.18333333,0.00000000,0.00002708,1
6777.34166667,0.00000000,0.00002052,1
6780.00000000,0.00266405,0.00218182,4
6781.14166667,0.00003362,0.00000000,0
6783.05833333,0.00000000,0.00004422,1
6783.21666667,0.00016504,0.00003945,2
6783.25833333,0.00014970,0.00004851,2
6785.00000000,0.00000000,0.00004350,1
6786.17500000,0.00000000,0.00008984,1
6787.10833333,0.00017588,0.00017737,5
6789.53333333,0.00003782,0.00000000,0
6790.00000000,0.00025292,0.00022526,5
6790.23333333,0.00000000,0.00002929,1
6791.08333333,0.00000000,0.00002997,1
6791.26666667,0.00000000,0.00004418,1
6792.07500000,0.00005570,0.00000000,0
6793.34166667,0.00010839,0.00000000,0
6793.48333333,0.00000000,0.00003337,1
6794.59166667,0.00003351,0.00008627,8
6796.87500000,0.00005989,0.00007087,5
6797.23333333,0.00004040,0.00000000,0
6797.41666667,0.00003662,0.00000000,0
6798.08333333,0.00019326,0.00007084,2
6800.00000000,0.00134501,0.00150063,5
6804.63333333,0.00004617,0.00005036,5
6805.00000000,0.00000000,0.00008579,1
6809.11666667,0.00006993,0.00000000,0
6809.75000000,0.00018188,0.00006418,2
6810.00000000,0.00017479,0.00008986,3
6810.65833333,0.00004083,0.00000000,0
6811.90833333,0.00003516,0.00000000,0
6815.00000000,0.00000000,0.00002878,1
6815.30833333,0.00000000,0.00005225,1
6818.10000000,0.00006750,0.00002420,2
6818.79166667,0.00000000,0.00002107,1
6819.39166667,0.00004361,0.00000000,0
6820.00000000,0.00115001,0.00063596,3
6820.75833333,0.00010696,0.00000000,0
6823.25833333,0.00004617,0.00000000,0
6823.63333333,0.00067453,0.00015330,7
6824.25833333,0.00012317,0.00000000,0
6825.00000000,0.00032901,0.00015396,3
6826.17500000,0.00000000,0.00002927,1
6830.00000000,0.00020203,0.00011426,3
6831.60000000,0.00000000,0.00002863,1
6835.01666667,0.00000000,0.00004211,1
6835.71666667,0.00007856,0.00003895,3
6835.72500000,0.00007804,0.00004046,3
6835.93333333,0.00191050,0.00153552,4
6836.93333333,0.00000000,0.00002649,1
6840.00000000,0.00056289,0.00050475,5
6841.26666667,0.00030136,0.00002571,0
6842.91666667,0.00020702,0.00002376,0
6845.00000000,0.00000000,0.00007310,1
6845.03333333,0.00000000,0.00006095,1
6846.36666667,0.00009939,0.00000000,0
6846.61666667,0.00000000,0.00002835,1
6848.87500000,0.00000000,0.00002949,1
6850.00000000,0.00033623,0.00051903,6
6850.75833333,0.00007427,0.00000000,0
6851.00000000,0.00003584,0.00000000,0
6851.65000000,0.00004123,0.00000000,0
6852.86666667,0.00007601,0.00000000,0
6853.20000000,0.00004949,0.00009145,8
6854.41666667,0.00003996,0.00000000,0
6854.94166667,0.00062235,0.00034273,3
6855.18333333,0.00000000,0.00002953,1
6857.53333333,0.00006878,0.00000000,0
6857.61666667,0.00004265,0.00000000,0
6857.65000000,0.00004546,0.00000000,0
6858.57500000,0.00013892,0.00008668,4
6858.64166667,0.00007885,0.00003248,3
6860.00000000,0.00078997,0.00051134,4
6860.43333333,0.00453176,0.00613718,6
6862.34166667,0.00072039,0.00010080,0
6863.75000000,0.00004201,0.00005198,6
6865.00000000,0.00013324,0.00009745,4
6868.86666667,0.00003337,0.00000000,0
6870.00000000,0.00020642,0.00027340,6
6870.66666667,0.00007473,0.00003615,3
6870.67500000,0.00007483,0.00003511,3
6872.89166667,0.00004305,0.00000000,0
6875.00000000,0.00103922,0.00135673,6
6879.77500000,0.00003352,0.00002118,4
6880.00000000,0.00141592,0.00089667,4
6884.76666667,0.00010209,0.00010020,5
6884.77500000,0.00010471,0.00009992,5
6884.98333333,0.00003287,0.00000000,0
6890.00000000,0.00025454,0.00030620,5
6893.01666667,0.00004353,0.00002062,3
6893.03333333,0.00004017,0.00002129,3
6894.71666667,0.00000000,0.00002300,1
6895.90000000,0.00000000,0.00002324,1
6898.75000000,0.00008001,0.00000000,0
6899.03333333,0.00013433,0.00006692,3
6899.73333333,0.00006174,0.00004542,4
6899.81666667,0.00024829,0.00009007,2
6899.86666667,0.00018748,0.00014930,4
6900.00000000,0.00172158,0.00082869,3
6901.72500000,0.00005336,0.00000000,0
6906.93333333,0.00000000,0.00002740,1
6907.20833333,0.00004611,0.00002986,4
6908.86666667,0.00005185,0.00000000,0
6909.25000000,0.00003512,0.00000000,0
6909.78333333,0.00027066,0.00011040,3
6910.00000000,0.00016432,0.00026757,6
6910.29166667,0.00014552,0.00008769,3
6911.95000000,0.00000000,0.00002926,1
6913.09166667,0.00008424,0.00000000,0
6916.75833333,0.00000000,0.00002900,1
6919.11666667,0.00009312,0.00006295,4
6919.12500000,0.00009203,0.00006489,4
6919.24166667,0.00005958,0.00002121,2
6919.45833333,0.00006707,0.00000000,0
6920.00000000,0.00230990,0.00156186,4
6923.37500000,0.00005239,0.00000000,0
6923.83333333,0.00003997,0.00000000,0
6925.00000000,0.00017474,0.00018944,5
6925.93333333,0.00005297,0.00000000,0
6930.00000000,0.00005573,0.00010947,8
6930.74166667,0.00003501,0.00000000,0
6932.36666667,0.00478556,0.00932515,8
6933.29166667,0.00014066,0.00000000,0
6933.60000000,0.00013107,0.00014561,5
6935.00000000,0.00000000,0.00002998,1
6935.20833333,0.00006096,0.00000000,0
6935.69166667,0.00023320,0.00000000,0
6938.32500000,0.00007688,0.00003713,3
6938.35000000,0.00006769,0.00003216,3
6939.69166667,0.00000000,0.00002701,1
6940.00000000,0.00154788,0.00081346,3
6943.25833333,0.00020152,0.00002611,0
6943.49166667,0.00008815,0.00000000,0
6944.24166667,0.00006791,0.00000000,0
6944.32500000,0.00000000,0.00003618,1
6945.02500000,0.00004476,0.00003360,4
6946.17500000,0.00090985,0.00011401,0
6947.35833333,0.00034469,0.00004676,0
6948.05833333,0.00003316,0.00000000,0
6948.15000000,0.00000000,0.00002249,1
6948.46666667,0.00000000,0.00002954,1
6948.70000000,0.00014832,0.00041830,9
6948.72500000,0.00013244,0.00044646,9
6949.21666667,0.00012392,0.00020381,6
6949.25000000,0.00009579,0.00025929,9
6949.71666667,0.00003539,0.00000000,0
6949.80000000,0.00000000,0.00002632,1
6950.00000000,0.00407354,0.00256825,4
6952.86666667,0.00000000,0.00010709,1
6953.12500000,0.00009846,0.00005968,3
6954.16666667,0.00003459,0.00004226,6
6954.17500000,0.00003400,0.00004270,6
6954.56666667,0.00003496,0.00000000,0
6954.98333333,0.00000000,0.00002741,1
6955.55833333,0.00013016,0.00000000,0
6955.85000000,0.00005299,0.00002285,3
6956.72500000,0.00010932,0.00000000,0
6957.55833333,0.00034093,0.00002155,0
6957.67500000,0.00000000,0.00003261,1
6958.06666667,0.00000000,0.00002281,1
6958.16666667,0.00007514,0.00000000,0
6958.96666667,0.00000000,0.00005225,1
6960.00000000,0.00147220,0.00075622,3
6962.77500000,0.00005845,0.00000000,0
6965.00000000,0.00007133,0.00009137,6
6969.08333333,0.00132484,0.00653775,12
6969.61666667,0.00043801,0.00024523,3
6970.00000000,0.00000000,0.00012427,1
6970.35833333,0.00006081,0.00000000,0
6970.39166667,0.00007530,0.00000000,0
6971.46666667,0.00006118,0.00003108,3
6971.48333333,0.00005894,0.00003280,3
6971.90000000,0.00011551,0.00066615,12
6972.65833333,0.00004250,0.00000000,0
6972.68333333,0.00004652,0.00000000,0
6974.22500000,0.00000000,0.00002198,1
6975.00000000,0.00013174,0.00026989,8
6975.60000000,0.00000000,0.00002394,1
6976.11666667,0.00050252,0.00005020,0
6976.12500000,0.00050181,0.00005044,0
6976.41666667,0.00064134,0.00027991,3
6977.45833333,0.00004645,0.00000000,0
6977.80833333,0.00003545,0.00000000,0
6980.00000000,0.00100197,0.00063287,4
6980.39166667,0.00005595,0.00000000,0
6982.42500000,0.00006229,0.00009958,6
6983.32500000,0.00000000,0.00002735,1
6985.00833333,0.00000000,0.00002800,1
6985.22500000,0.00005492,0.00006240,5
6987.40833333,0.00000000,0.00004434,1
6988.39166667,0.00004377,0.00000000,0
6988.42500000,0.00000000,0.00002130,1
6990.00833333,0.00020972,0.00008495,2
6990.31666667,0.00009180,0.00000000,0
6990.88333333,0.00004943,0.00003625,4
6992.53333333,0.00000000,0.00005518,1
6993.82500000,0.00005684,0.00002875,3
6996.90000000,0.00000000,0.00002703,1
6997.05000000,0.00016080,0.00018688,5
7000.00000000,0.00153493,0.00096524,4
7001.70833333,0.00000000,0.00004027,1
7002.70000000,0.00000000,0.00002788,1
7004.09166667,0.00005360,0.00000000,0
7004.68333333,0.00004421,0.00000000,0
7005.00000000,0.00003391,0.00008132,8
7009.85833333,0.00003309,0.00000000,0
7010.00000000,0.00017287,0.00008597,3
7011.15000000,0.00015788,0.00000000,0
7011.41666667,0.00036087,0.00007404,7
7012.01666667,0.00000000,0.00021183,1
7012.20000000,0.00018702,0.00013194,4
7012.88333333,0.00007961,0.00000000,0
7013.25000000,0.00005713,0.00000000,0
7013.90833333,0.00021640,0.00008935,3
7014.62500000,0.00030815,0.00010806,2
7016.75833333,0.00006322,0.00000000,0
7020.00833333,0.00069944,0.00026131,2
7020.89166667,0.00019821,0.00012264,4
7021.49166667,0.00003284,0.00003824,5
7023.52500000,0.00000000,0.00005370,1
7025.00000000,0.00030642,0.00040700,6
7025.13333333,0.00007077,0.00004012,3
7026.36666667,0.00000000,0.00002836,1
7029.10000000,0.00000000,0.00004352,1
7030.00000000,0.00033900,0.00015486,3
7030.15000000,0.00004582,0.00007120,6
7031.25000000,0.00164443,0.00103417,4
7032.29166667,0.00000000,0.00006112,1
7034.60833333,0.00000000,0.00004893,1
7036.35833333,0.00003653,0.00000000,0
7040.00000000,0.00024282,0.00024698,5
7040.84166667,0.00005888,0.00000000,0
7043.66666667,0.00000000,0.00002274,1
7044.97500000,0.00000000,0.00004211,1
7045.66666667,0.00022662,0.00005306,2
7045.67500000,0.00022649,0.00005237,2
7046.48333333,0.00000000,0.00005695,1
7050.00000000,0.00079494,0.00045415,3
7051.95833333,0.00000000,0.00013551,1
7058.40000000,0.00000000,0.00003997,1
7060.00000000,0.00051159,0.00023168,3
7064.62500000,0.00004209,0.00000000,0
7065.00000000,0.00004244,0.00000000,0
7065.20833333,0.00000000,0.00003126,1
7070.00000000,0.00016680,0.00007804,3
7070.22500000,0.00007069,0.00000000,0
7070.32500000,0.00000000,0.00003533,1
7073.77500000,0.00021722,0.00002445,0
7074.43333333,0.00000000,0.00002192,1
7075.00000000,0.00020785,0.00017117,4
7079.45000000,0.00000000,0.00003365,1
7080.00000000,0.00057795,0.00033778,3
7082.34166667,0.00000000,0.00003952,1
7084.27500000,0.00200374,0.00203788,5
7085.00833333,0.00000000,0.00005753,1
7087.16666667,0.00000000,0.00005195,1
7089.55000000,0.00010975,0.00000000,0
7090.00000000,0.00018020,0.00010681,3
7090.86666667,0.00015473,0.00004493,2
7091.61666667,0.00008709,0.00003519,2
7092.31666667,0.00000000,0.00006248,1
7093.23333333,0.00000000,0.00003784,1
7094.99166667,0.00008063,0.00005797,4
7095.61666667,0.00058180,0.00008572,0
7095.62500000,0.00058596,0.00008538,0
7097.30000000,0.00106023,0.00029115,2
7100.00000000,0.00172125,0.00286261,6
7103.75000000,0.00000000,0.00007933,1
7104.49166667,0.00000000,0.00002288,1
7105.38333333,0.00037857,0.00002719,0
7108.25833333,0.00000000,0.00006840,1
7108.35833333,0.00000000,0.00009036,1
7108.50833333,0.00000000,0.00005780,1
7108.90833333,0.00000000,0.00002217,1
7109.37500000,0.00023361,0.00014203,10
7110.00000000,0.00026504,0.00007589,2
7114.80000000,0.00000000,0.00002720,1
7114.83333333,0.00004038,0.00002029,3
7116.07500000,0.00000000,0.00005439,1
7119.14166667,0.00000000,0.00002918,1
7120.00000000,0.00125709,0.00049283,2
7122.19166667,0.00007160,0.00008316,5
7122.57500000,0.00046354,0.00008963,7
7124.99166667,0.00073971,0.00059426,4
7125.16666667,0.00007657,0.00014809,8
7125.17500000,0.00007585,0.00014619,8
7126.32500000,0.00016304,0.00007011,3
7126.34166667,0.00015851,0.00007211,3
7127.25000000,0.00010792,0.00029139,9
7127.85000000,0.00000000,0.00002465,1
7128.91666667,0.00000000,0.00003421,1
7129.77500000,0.00000000,0.00008815,1
7130.00000000,0.00024612,0.00006355,2
7133.09166667,0.00000000,0.00002886,1
7134.08333333,0.00032182,0.00041982,6
7134.76666667,0.00004509,0.00003490,4
7135.00833333,0.00008164,0.00003422,3
7135.03333333,0.00006895,0.00003004,3
7136.78333333,0.00000000,0.00002224,1
7139.04166667,0.00000000,0.00002809,1
7140.00000000,0.00127619,0.00064137,3
7141.53333333,0.00009275,0.00000000,0
7142.25833333,0.00010322,0.00000000,0
7142.96666667,0.00006425,0.00000000,0
7144.09166667,0.00000000,0.00002901,1
7145.00000000,0.00003388,0.00000000,0
7145.63333333,0.00010983,0.00009214,4
7147.92500000,0.00009137,0.00000000,0
7150.00000000,0.00052749,0.00048360,5
7150.25833333,0.00000000,0.00002484,1
7153.22500000,0.00000000,0.00004592,1
7153.31666667,0.00000000,0.00003880,1
7156.55833333,0.00000000,0.00002314,1
7156.74166667,0.00003472,0.00002795,4
7157.53333333,0.00003476,0.00000000,0
7158.25833333,0.00005367,0.00000000,0
7158.95000000,0.00009856,0.00004070,3
7159.01666667,0.00019563,0.00000000,0
7160.00000000,0.00153189,0.00072230,3
7160.16666667,0.00006890,0.00003432,3
7160.17500000,0.00006881,0.00003479,3
7161.40000000,0.00000000,0.00007390,1
7163.29166667,0.00021676,0.00003487,7
7165.00000000,0.00006017,0.00003057,3
7165.03333333,0.00004341,0.00003879,5
7169.51666667,0.00010333,0.00003023,2
7170.00000000,0.00012055,0.00004601,2
7170.35833333,0.00003811,0.00000000,0
7173.40000000,0.00004679,0.00000000,0
7174.00000000,0.00000000,0.00002141,1
7174.74166667,0.00005235,0.00000000,0
7175.00000000,0.00044946,0.00011221,2
7177.72500000,0.00004630,0.00003183,4
7179.17500000,0.00000000,0.00004093,1
7180.00000000,0.00221058,0.00100672,3
7180.82500000,0.00010197,0.00000000,0
7182.61666667,0.00015954,0.00000000,0
7183.00833333,0.00008127,0.00000000,0
7185.00000000,0.00003392,0.00000000,0
7185.78333333,0.00003381,0.00000000,0
7186.90000000,0.00006094,0.00000000,0
7187.26666667,0.00005993,0.00004940,4
7187.31666667,0.00007183,0.00003152,3
7188.00833333,0.00796586,0.00312795,2
7188.30000000,0.00000000,0.00002654,1
7188.84166667,0.00005602,0.00000000,0
7190.00000000,0.00027235,0.00009604,2
7191.49166667,0.00005577,0.00000000,0
7194.11666667,0.00000000,0.00004268,1
7194.33333333,0.00000000,0.00002328,1
7194.45833333,0.00000000,0.00002111,1
7195.00000000,0.00000000,0.00002844,1
7195.90000000,0.00000000,0.00014476,1
7196.08333333,0.00000000,0.00001996,1
7197.23333333,0.00005078,0.00000000,0
7198.78333333,0.00214653,0.00055222,2
7200.00000000,0.00241449,0.00101141,3
7201.34166667,0.00000000,0.00039603,1
7202.15833333,0.00000000,0.00002889,1
7202.45833333,0.00000000,0.00004454,1
7205.00833333,0.00008333,0.00003435,3
7207.70833333,0.00000000,0.00004415,1
7208.29166667,0.00000000,0.00041830,1
7209.00000000,0.00005445,0.00000000,0
7210.00000000,0.00024258,0.00011485,3
7210.28333333,0.00175262,0.00035044,7
7210.66666667,0.00000000,0.00004972,1
7211.18333333,0.00003489,0.00004355,6
7211.85000000,0.00014878,0.00004158,2
7212.20000000,0.00000000,0.00002797,1
7213.85833333,0.00000000,0.00004414,1
7218.20000000,0.00005488,0.00000000,0
7220.00000000,0.00233339,0.00097200,3
7221.02500000,0.00013753,0.00002472,7
7221.03333333,0.00013684,0.00002375,7
7223.51666667,0.00008352,0.00000000,0
7225.00000000,0.00041314,0.00029160,4
7226.55833333,0.00032181,0.00018261,3
7229.20000000,0.00005856,0.00000000,0
7230.00000000,0.00012507,0.00006491,3
7231.00833333,0.00010076,0.00013284,6
7231.33333333,0.00009606,0.00012929,6
7233.10833333,0.00004309,0.00003930,5
7233.14166667,0.00003410,0.00005126,6
7235.08333333,0.00003747,0.00000000,0
7239.10833333,0.00000000,0.00003408,1
7240.00000000,0.00229738,0.00091110,2
7240.25000000,0.00005542,0.00000000,0
7243.33333333,0.00004409,0.00000000,0
7243.63333333,0.00000000,0.00003096,1
7245.00833333,0.00006305,0.00005123,4
7245.58333333,0.00004656,0.00000000,0
7248.52500000,0.00004751,0.00012470,8
7248.55000000,0.00004307,0.00014022,9
7248.61666667,0.00004351,0.00009831,8
7250.00000000,0.00069729,0.00123755,8
7252.33333333,0.00000000,0.00002344,1
7255.00000000,0.00008449,0.00002429,2
7256.13333333,0.00003738,0.00000000,0
7256.74166667,0.00000000,0.00003303,1
7258.02500000,0.00010442,0.00000000,0
7260.00000000,0.00267965,0.00094453,2
7265.00833333,0.00005675,0.00002822,3
7265.62500000,0.00011750,0.00004902,3
7265.75000000,0.00000000,0.00002238,1
7269.00833333,0.01388031,0.00804184,3
7270.00000000,0.00033020,0.00019613,3
7270.19166667,0.00003756,0.00007586,8
7270.96666667,0.00003314,0.00000000,0
7274.63333333,0.00007982,0.00000000,0
7275.00000000,0.00078472,0.00024114,2
7275.24166667,0.00007851,0.00000000,0
7275.39166667,0.00000000,0.00002243,1
7276.98333333,0.00000000,0.00071601,1
7278.17500000,0.00000000,0.00007385,1
7280.00000000,0.00290647,0.00107047,2
7282.11666667,0.00000000,0.00002169,1
7283.35833333,0.00003630,0.00000000,0
7284.91666667,0.00000000,0.00003508,1
7285.00000000,0.00004253,0.00002385,3
7285.38333333,0.00000000,0.00002566,1
7286.23333333,0.00006929,0.00000000,0
7289.20000000,0.00003893,0.00000000,0
7290.00000000,0.00030487,0.00010529,2
7292.54166667,0.00004244,0.00000000,0
7293.98333333,0.00000000,0.00006896,1
7294.91666667,0.00005434,0.00000000,0
7294.95833333,0.00004999,0.00002104,3
7295.00000000,0.00003620,0.00000000,0
7297.10833333,0.00004351,0.00000000,0
7297.52500000,0.00024981,0.00039117,6
7297.53333333,0.00025314,0.00038883,6
7297.84166667,0.00034841,0.00093995,9
7299.01666667,0.00008058,0.00000000,0
7299.79166667,0.00003961,0.00002401,3
7300.00000000,0.00266900,0.00134868,3
7305.00000000,0.00008385,0.00002607,2
7305.93333333,0.00000000,0.00002623,1
7309.21666667,0.00003519,0.00000000,0
7310.00000000,0.00037733,0.00012789,2
7311.85833333,0.00015371,0.00003405,7
7311.88333333,0.00014010,0.00003212,2
7317.59166667,0.00004141,0.00000000,0
7317.68333333,0.00004297,0.00000000,0
7317.96666667,0.00000000,0.00003448,1
7319.10000000,0.00000000,0.00002034,1
7319.13333333,0.00003626,0.00002125,3
7319.70833333,0.00008752,0.00003101,2
7319.72500000,0.00009026,0.00002990,2
7320.00000000,0.00213548,0.00066742,2
7320.35000000,0.00012243,0.00003094,2
7320.76666667,0.00011690,0.00002326,7
7321.13333333,0.00000000,0.00004543,1
7321.71666667,0.00005589,0.00000000,0
7321.98333333,0.00007237,0.00006485,5
7324.19166667,0.00003381,0.00000000,0
7325.00000000,0.00011185,0.00006969,4
7327.90833333,0.00007328,0.00000000,0
7328.92500000,0.00045717,0.00012912,2
7330.00000000,0.00034722,0.00003956,0
7333.62500000,0.00000000,0.00005016,1
7333.91666667,0.00000000,0.00006342,1
7333.92500000,0.00000000,0.00006470,1
7334.87500000,0.00006815,0.00000000,0
7337.37500000,0.00000000,0.00007341,1
7340.00000000,0.00245808,0.00077616,2
7342.40833333,0.00034573,0.00023812,4
7343.12500000,0.00004152,0.00000000,0
7343.30833333,0.00009706,0.00000000,0
7343.75833333,0.00005158,0.00000000,0
7347.52500000,0.00010208,0.00000000,0
7348.46666667,0.00000000,0.00002090,1
7348.64166667,0.00000000,0.00002028,1
7348.75000000,0.00004854,0.00002210,3
7349.55833333,0.00010284,0.00005467,3
7350.00000000,0.00032380,0.00028068,11
7351.70833333,0.00000000,0.00003672,1
7352.43333333,0.00000000,0.00004407,1
7353.26666667,0.00004558,0.00000000,0
7353.28333333,0.00004786,0.00000000,0
7354.21666667,0.00006780,0.00000000,0
7354.33333333,0.00003825,0.00000000,0
7354.85833333,0.00077291,0.00088275,5
7355.00833333,0.00000000,0.00007929,1
7355.36666667,0.00000000,0.00003353,1
7355.86666667,0.00014131,0.00007041,3
7355.87500000,0.00013860,0.00007069,3
7356.97500000,0.00004497,0.00000000,0
7357.85833333,0.00003427,0.00000000,0
7360.00000000,0.00262581,0.00065152,2
7360.20000000,0.00005261,0.00000000,0
7360.29166667,0.00005684,0.00000000,0
7361.75833333,0.00132514,0.00065639,3
7365.02500000,0.00007553,0.00000000,0
7365.44166667,0.00009284,0.00000000,0
7370.00000000,0.00039914,0.00000000,0
7372.19166667,0.00041056,0.00017859,3
7372.85000000,0.00000000,0.00003102,1
7373.04166667,0.00000000,0.00002206,1
7373.27500000,0.01028415,0.00479760,3
7373.88333333,0.00000000,0.00004322,1
7375.00000000,0.00144672,0.00156751,5
7375.74166667,0.00004791,0.00000000,0
7376.34166667,0.00033343,0.00016624,3
7377.90833333,0.00000000,0.00004932,1
7379.00833333,0.00026152,0.00000000,0
7379.23333333,0.00008439,0.00000000,0
7379.34166667,0.00006070,0.00000000,0
7380.00000000,0.00219415,0.00059698,2
7380.12500000,0.00010222,0.00004200,3
7380.88333333,0.00004327,0.00007705,8
7381.35833333,0.00004107,0.00000000,0
7387.14166667,0.00006939,0.00000000,0
7390.00000000,0.00032193,0.00007948,2
7391.77500000,0.00000000,0.00004735,1
7393.65000000,0.00000000,0.00005511,1
7396.90833333,0.00000000,0.00003977,1
7397.09166667,0.00008350,0.00000000,0
7397.45833333,0.00000000,0.00002274,1
7398.49166667,0.00005052,0.00000000,0
7400.00000000,0.00242238,0.00105777,3
7400.29166667,0.00000000,0.00002622,1
7401.34166667,0.00000000,0.00002317,1
7402.82500000,0.00004469,0.00002691,3
7402.87500000,0.00006320,0.00002248,2
7402.94166667,0.00006096,0.00000000,0
7404.39166667,0.00013647,0.00000000,0
7404.88333333,0.00003403,0.00000000,0
7405.00833333,0.00004405,0.00000000,0
7405.52500000,0.00008067,0.00003970,3
7406.90833333,0.00008644,0.00000000,0
7408.74166667,0.00003824,0.00003897,5
7410.00000000,0.00039372,0.00005866,0
7410.80833333,0.00007340,0.00000000,0
7412.79166667,0.00082627,0.00025244,2
7414.96666667,0.00000000,0.00005831,1
7414.99166667,0.00000000,0.00005377,1
7416.13333333,0.00003993,0.00000000,0
7418.75000000,0.00000000,0.00061931,1
7420.00000000,0.00153317,0.00044569,2
7421.87500000,0.00034582,0.00012012,2
7422.14166667,0.00033025,0.00023140,4
7422.18333333,0.00038009,0.00019919,3
7425.00000000,0.00026994,0.00008047,2
7425.33333333,0.00008976,0.00006882,4
7425.78333333,0.00004360,0.00000000,0
7429.90833333,0.00006056,0.00003892,4
7430.00000000,0.00024435,0.00000000,0
7430.46666667,0.00000000,0.00016219,1
7430.47500000,0.00000000,0.00016181,1
7431.19166667,0.00013149,0.00007439,3
7432.55833333,0.00180186,0.00143345,4
7432.85833333,0.00000000,0.00013892,1
7433.65833333,0.00003567,0.00000000,0
7433.97500000,0.00000000,0.00005588,1
7434.30833333,0.00003305,0.00000000,0
7434.75000000,0.00000000,0.00004599,1
7439.66666667,0.00000000,0.00002462,1
7439.78333333,0.00000000,0.00004501,1
7440.00000000,0.00145679,0.00030550,7
7442.28333333,0.00000000,0.00002907,1
7443.05833333,0.00003511,0.00000000,0
7446.30833333,0.00003502,0.00000000,0
7450.00000000,0.00026402,0.00017426,4
7450.98333333,0.00029947,0.00008977,2
7451.55000000,0.00061578,0.00098330,6
7451.76666667,0.00006173,0.00007102,5
7451.77500000,0.00006085,0.00007267,5
7453.53333333,0.00000000,0.00005310,1
7453.67500000,0.00000000,0.00003091,1
7454.85000000,0.00087952,0.00008354,0
7457.09166667,0.00000000,0.00003097,1
7458.36666667,0.00022852,0.00005252,2
7458.37500000,0.00022815,0.00005368,2
7460.00000000,0.00113119,0.00021286,7
7460.50833333,0.00006720,0.00007606,5
7461.84166667,0.00000000,0.00005378,1
7462.75000000,0.00006063,0.00002866,3
7462.80833333,0.00006025,0.00004447,4
7463.63333333,0.00000000,0.00004971,1
7465.58333333,0.00000000,0.00002625,1
7468.05000000,0.00003683,0.00000000,0
7468.07500000,0.00003393,0.00000000,0
7469.94166667,0.00011372,0.00009171,4
7470.00000000,0.00019951,0.00005010,2
7470.46666667,0.00000000,0.00002180,1
7470.69166667,0.00000000,0.00002109,1
7472.88333333,0.00019594,0.00006353,2
7473.75833333,0.00008845,0.00000000,0
7473.81666667,0.00006142,0.00000000,0
7474.05833333,0.00009013,0.00000000,0
7475.00000000,0.00036229,0.00002753,0
7475.74166667,0.00009364,0.00000000,0
7477.01666667,0.00015293,0.00012468,4
7477.72500000,0.00004257,0.00000000,0
7479.44166667,0.00005655,0.00000000,0
7480.00000000,0.00095032,0.00022015,2
7482.56666667,0.00000000,0.00003357,1
7485.51666667,0.00004387,0.00000000,0
7485.56666667,0.00004633,0.00000000,0
7485.74166667,0.00000000,0.00003521,1
7487.05833333,0.00009058,0.00000000,0
7487.08333333,0.00009653,0.00000000,0
7489.21666667,0.00022610,0.00006078,2
7489.29166667,0.00018679,0.00003468,7
7489.60833333,0.28209539,0.09961848,2
7489.80833333,0.00019115,0.00007764,3
7489.90833333,0.00008387,0.00002328,2
7490.00000000,0.00017303,0.00002428,0
7490.08333333,0.00006296,0.00000000,0
7490.19166667,0.00004016,0.00000000,0
7490.94166667,0.00000000,0.00003821,1
7491.88333333,0.00000000,0.00002426,1
7492.27500000,0.00004770,0.00005344,5
7493.19166667,0.00210295,0.00367033,8
7493.91666667,0.00006259,0.00006028,5
7494.26666667,0.00023829,0.00007357,2
7495.10000000,0.00000000,0.00002024,1
7495.43333333,0.00006375,0.00006041,5
7495.60000000,0.00016775,0.00004730,2
7498.09166667,0.00000000,0.00002283,1
7498.40000000,0.00000000,0.00011388,1
7499.69166667,0.00000000,0.00002989,1
7499.72500000,0.00003391,0.00002406,4
7499.85833333,0.00003410,0.00000000,0
7500.00000000,0.00272955,0.00149605,3
7500.36666667,0.00037307,0.00019408,3
7500.37500000,0.00036963,0.00019217,3
7500.51666667,0.00017076,0.00010067,3
7500.75000000,0.00119760,0.00091102,4
7501.41666667,0.00000000,0.00008587,1
7503.14166667,0.00022197,0.00002327,0
7503.28333333,0.00003645,0.00000000,0
7505.00000000,0.00004789,0.00000000,0
7506.25000000,0.00000000,0.00002131,1
7507.01666667,0.00000000,0.00236929,1
7508.82500000,0.00042279,0.00014304,2
7509.15833333,0.00000000,0.00002416,1
7510.00000000,0.00027476,0.00000000,0
7510.24166667,0.00004385,0.00000000,0
7510.30000000,0.00000000,0.00002062,1
7510.65000000,0.00003825,0.00000000,0
7511.00000000,0.00004682,0.00000000,0
7513.81666667,0.00005158,0.00000000,0
7514.67500000,0.01347132,0.01013197,4
7515.76666667,0.00043025,0.00002897,0
7517.58333333,0.00000000,0.00005211,1
7519.52500000,0.00000000,0.00002291,1
7519.65000000,0.00028663,0.00008469,2
7520.00000000,0.00108375,0.00011472,0
7522.80833333,0.00004290,0.00000000,0
7525.00000000,0.00009617,0.00016180,6
7530.00000000,0.00025220,0.00000000,0
7531.14166667,0.00003396,0.00000000,0
7532.31666667,0.00023675,0.00012124,3
7532.59166667,0.00070152,0.00044456,4
7533.00000000,0.00260648,0.00220311,4
7533.73333333,0.00016264,0.00004003,2
7534.53333333,0.00005940,0.00000000,0
7535.32500000,0.00099150,0.00021340,7
7535.33333333,0.00099130,0.00021193,7
7535.49166667,0.00030077,0.00009166,2
7537.05000000,0.00652354,0.00956615,6
7537.94166667,0.00034963,0.00002254,0
7539.05000000,0.00000000,0.00003825,1
7540.00000000,0.00124457,0.00009801,0
7540.80000000,0.00013703,0.00000000,0
7543.57500000,0.00006673,0.00000000,0
7544.70000000,0.00000000,0.00007989,1
7544.74166667,0.00003339,0.00003935,5
7544.81666667,0.00000000,0.00005895,1
7545.02500000,0.00011657,0.00000000,0
7546.62500000,0.00000000,0.00002585,1
7550.00000000,0.00051694,0.00005968,0
7550.97500000,0.00168450,0.00043249,2
7553.00000000,0.00004099,0.00000000,0
7559.01666667,0.00014631,0.00006840,3
7559.04166667,0.00015360,0.00005912,2
7560.00000000,0.00164600,0.00018732,0
7560.35833333,0.00054743,0.00011209,7
7562.21666667,0.00000000,0.00004759,1
7565.00833333,0.00004967,0.00000000,0
7566.35833333,0.00031420,0.00042735,6
7566.37500000,0.00030154,0.00041505,6
7566.89166667,0.00004202,0.00000000,0
7567.54166667,0.00003345,0.00000000,0
7567.58333333,0.00004402,0.00000000,0
7567.86666667,0.00031590,0.00006447,7
7568.00833333,0.00003293,0.00000000,0
7568.35833333,0.00000000,0.00002085,1
7570.00000000,0.00038174,0.00000000,0
7570.97500000,0.00003377,0.00000000,0
7571.83333333,0.00003499,0.00000000,0
7571.92500000,0.00006138,0.00000000,0
7572.01666667,0.00008970,0.00002289,2
7572.04166667,0.00006895,0.00000000,0
7572.29166667,0.32381787,0.12728025,2
7572.49166667,0.00017487,0.00007777,3
7572.55000000,0.00018907,0.00004712,2
7572.65000000,0.00013114,0.00002275,7
7572.69166667,0.00004672,0.00000000,0
7572.77500000,0.00012948,0.00000000,0
7572.83333333,0.00005342,0.00000000,0
7572.88333333,0.00011639,0.00000000,0
7573.08333333,0.02741920,0.00507774,7
7573.27500000,0.00035453,0.00002290,0
7573.35000000,0.00014205,0.00005511,2
7573.38333333,0.00000000,0.00004547,1
7573.67500000,0.00005633,0.00000000,0
7574.32500000,0.00000000,0.00003137,1
7574.51666667,0.00000000,0.00007703,1
7574.53333333,0.00003470,0.00007267,8
7574.66666667,0.00000000,0.00013395,1
7574.72500000,0.00011560,0.00015024,6
7574.89166667,0.01243314,0.00682582,3
7575.05833333,0.00019007,0.00005741,2
7575.25833333,0.00000000,0.00003425,1
7575.35000000,0.00004578,0.00003082,4
7575.52500000,0.00004131,0.00002566,4
7575.53333333,0.00004956,0.00002540,3
7575.57500000,0.00007761,0.00000000,0
7575.97500000,0.00180766,0.00115147,4
7577.98333333,0.00007467,0.00000000,0
7579.26666667,0.00117938,0.00014248,0
7579.51666667,0.00000000,0.00004332,1
7579.53333333,0.00000000,0.00004185,1
7579.75833333,0.00003612,0.00000000,0
7580.00000000,0.00170598,0.00012889,0
7580.47500000,0.00077534,0.00021902,2
7581.25833333,0.00008729,0.00004641,3
7583.59166667,0.00000000,0.00003093,1
7583.95833333,0.00003554,0.00000000,0
7584.61666667,0.00003373,0.00002092,4
7584.63333333,0.00000000,0.00002212,1
7585.00000000,0.00005389,0.00000000,0
7586.56666667,0.00004868,0.00000000,0
7587.74166667,0.00000000,0.00002642,1
7590.00000000,0.00030190,0.00000000,0
7590.47500000,0.00025596,0.00006834,2
7591.14166667,0.00003608,0.00000000,0
7591.60000000,0.00013263,0.00002924,7
7591.68333333,0.00009394,0.00002822,2
7591.74166667,0.00016380,0.00000000,0
7592.26666667,0.00039835,0.00007027,7
7592.27500000,0.00039567,0.00007291,7
7592.88333333,0.00000000,0.00003040,1
7593.14166667,0.00004598,0.00000000,0
7593.45000000,0.00000000,0.00002705,1
7594.70833333,0.00042650,0.00017383,3
7594.99166667,0.00000000,0.00002490,1
7595.04166667,0.00005290,0.00001972,2
7596.30833333,0.00000000,0.00004239,1
7597.35833333,0.00005928,0.00000000,0
7598.61666667,0.00010582,0.00001995,7
7598.96666667,0.00004679,0.00002678,3
7599.61666667,0.00000000,0.00002182,1
7599.63333333,0.00000000,0.00002019,1
7600.00000000,0.00150910,0.00014605,0
7600.42500000,0.00025701,0.00000000,0
7602.00833333,0.00003451,0.00003025,5
7603.08333333,0.00024080,0.00002429,0
7603.54166667,0.00004286,0.00000000,0
7604.21666667,0.00000000,0.00003174,1
7606.54166667,0.00006549,0.00000000,0
7607.16666667,0.00005005,0.00002236,3
7607.21666667,0.00019496,0.00002886,0
7607.24166667,0.00022687,0.00002759,0
7607.36666667,0.00020926,0.00002307,0
7607.37500000,0.00021144,0.00002208,0
7609.34166667,0.00006702,0.00000000,0
7610.00000000,0.00022542,0.00000000,0
7610.21666667,0.00000000,0.00002758,1
7610.22500000,0.00000000,0.00002683,1
7610.40000000,0.00013741,0.00002743,7
7610.44166667,0.00012732,0.00003161,2
7612.05833333,0.00004052,0.00000000,0
7613.42500000,0.00021325,0.00005150,2
7614.99166667,0.00004013,0.00000000,0
7616.00833333,0.00042720,0.00012219,2
7616.90833333,0.00213900,0.00222027,5
7617.19166667,0.00026425,0.00000000,0
7618.95000000,0.00007104,0.00002900,3
7619.20833333,0.00005361,0.00003848,4
7619.37500000,0.01300801,0.01493203,5
7620.00000000,0.00204227,0.00006033,0
7621.05833333,0.00000000,0.00002821,1
7621.46666667,0.00006679,0.00000000,0
7621.55000000,0.00000000,0.00002465,1
7621.58333333,0.00000000,0.00002047,1
7621.80000000,0.00014654,0.00007553,3
7622.10000000,0.00000000,0.00002350,1
7625.00000000,0.00074103,0.00113025,6
7626.37500000,0.00014113,0.00000000,0
7628.47500000,0.00005486,0.00000000,0
7628.67500000,0.00003648,0.00000000,0
7629.22500000,0.00095231,0.00020246,7
7629.99166667,0.00024886,0.00000000,0
7630.26666667,0.00010687,0.00010190,5
7630.27500000,0.00010774,0.00010118,5
7630.42500000,0.00078524,0.00035301,3
7632.09166667,0.00016524,0.00000000,0
7634.32500000,0.00010973,0.00000000,0
7635.39166667,0.00021432,0.00000000,0
7636.09166667,0.00003591,0.00003973,5
7636.71666667,0.00019369,0.00009153,3
7637.24166667,0.00007532,0.00000000,0
7638.16666667,0.00003990,0.00000000,0
7640.00000000,0.00173190,0.00014084,0
7641.65833333,0.00000000,0.00002247,1
7643.46666667,0.00040599,0.00000000,0
7643.47500000,0.00040304,0.00000000,0
7644.27500000,0.00003319,0.00000000,0
7645.74166667,0.00004126,0.00000000,0
7646.50833333,0.00004546,0.00000000,0
7646.79166667,0.00014769,0.00000000,0
7647.82500000,0.00003772,0.00000000,0
7648.35000000,0.00003519,0.00000000,0
7648.52500000,0.00034720,0.00003713,0
7648.55000000,0.00037407,0.00003908,0
7650.00000000,0.00203563,0.00013671,0
7650.40833333,0.00000000,0.00005752,1
7651.10000000,0.00003615,0.00000000,0
7653.44166667,0.00003396,0.00000000,0
7654.95000000,0.00009756,0.00000000,0
7654.97500000,0.00009092,0.00000000,0
7655.76666667,0.00000000,0.00010725,1
7656.95000000,0.00003570,0.00000000,0
7657.01666667,0.00000000,0.00002211,1
7657.15000000,0.00004508,0.00000000,0
7657.21666667,0.00005624,0.00000000,0
7657.24166667,0.00007828,0.00000000,0
7657.50833333,0.28879980,0.04246311,0
7657.71666667,0.00017490,0.00002614,0
7657.80833333,0.00004702,0.00000000,0
7657.90000000,0.00004741,0.00000000,0
7658.70833333,0.00003450,0.00000000,0
7658.75833333,0.00003617,0.00002322,4
7658.78333333,0.00004304,0.00002102,3
7660.00000000,0.00153330,0.00012899,0
7661.25000000,0.00005566,0.00003310,3
7661.27500000,0.00006002,0.00002809,3
7663.14166667,0.00004298,0.00000000,0
7664.50833333,0.00000000,0.00002990,1
7664.98333333,0.00025855,0.00012925,3
7666.91666667,0.00058756,0.00007515,0
7667.40833333,0.00000000,0.00004990,1
7668.24166667,0.00000000,0.00002211,1
7668.80000000,0.00016474,0.00002544,0
7669.64166667,0.00021776,0.00014815,4
7670.00000000,0.00027268,0.00000000,0
7670.82500000,0.00026610,0.00019831,4
7670.83333333,0.00026636,0.00019928,4
7672.24166667,0.00009268,0.00000000,0
7672.63333333,0.00009218,0.00000000,0
7675.00000000,0.00039418,0.00002918,0
7676.76666667,0.00011902,0.00004470,2
7676.80000000,0.00013341,0.00003896,2
7677.89166667,0.00000000,0.00002240,1
7678.75833333,0.00005174,0.00000000,0
7679.27500000,0.00011614,0.00000000,0
7679.43333333,0.00004012,0.00000000,0
7680.00000000,0.00158945,0.00017011,0
7680.93333333,0.00000000,0.00004179,1
7682.38333333,0.00000000,0.00002556,1
7685.55000000,0.00008896,0.00002807,2
7686.19166667,0.00005008,0.00000000,0
7687.47500000,0.00000000,0.00002046,1
7688.17500000,0.00000000,0.00002316,1
7689.70000000,0.00009662,0.00000000,0
7690.00000000,0.00013179,0.00000000,0
7690.63333333,0.00000000,0.00005774,1
7690.74166667,0.00000000,0.00004070,1
7691.84166667,0.00003540,0.00000000,0
7692.48333333,0.00000000,0.00002396,1
7695.58333333,0.00045528,0.00004687,0
7696.61666667,0.00014727,0.00003013,7
7696.62500000,0.00014612,0.00003073,7
7699.72500000,0.00000000,0.00004750,1
7700.00000000,0.00201394,0.00041775,7
7700.50833333,0.00000000,0.00005491,1
7703.10833333,0.00000000,0.00005040,1
7705.52500000,0.00003950,0.00000000,0
7705.85833333,0.00010036,0.00000000,0
7709.24166667,0.00000000,0.00010490,1
7709.99166667,0.00017916,0.00000000,0
7710.24166667,0.00006022,0.00000000,0
7710.39166667,0.00003419,0.00000000,0
7710.73333333,0.00004812,0.00000000,0
7710.87500000,0.00011208,0.00000000,0
7713.81666667,0.00003662,0.00000000,0
7715.00833333,0.00003475,0.00000000,0
7718.76666667,0.00004899,0.00000000,0
7718.79166667,0.00005347,0.00000000,0
7719.80000000,0.00004430,0.00000000,0
7720.00000000,0.00148142,0.00019197,0
7725.00000000,0.00000000,0.00011939,1
7725.57500000,0.00004023,0.00000000,0
7726.70000000,0.00000000,0.00022106,1
7728.38333333,0.00003490,0.00000000,0
7730.00000000,0.00009446,0.00000000,0
7733.11666667,0.00000000,0.00023643,1
7735.17500000,0.00003352,0.00000000,0
7735.90833333,0.00004880,0.00000000,0
7738.46666667,0.00003906,0.00000000,0
7738.49166667,0.00003495,0.00000000,0
7738.96666667,0.00003712,0.00000000,0
7740.00000000,0.00131846,0.00026526,7
7740.19166667,0.00015341,0.00000000,0
7742.53333333,0.00000000,0.00002234,1
7742.74166667,0.00006387,0.00000000,0
7742.95000000,0.00000000,0.00003582,1
7744.73333333,0.00007635,0.00000000,0
7745.00833333,0.00003633,0.00000000,0
7746.24166667,0.00009781,0.00000000,0
7748.32500000,0.00009675,0.00000000,0
7750.00000000,0.00124360,0.00073264,3
7750.76666667,0.00000000,0.00003327,1
7751.65833333,0.00008943,0.00000000,0
7752.47500000,0.00017709,0.00000000,0
7753.10000000,0.00009035,0.00000000,0
7753.15000000,0.00006932,0.00003373,3
7753.91666667,0.00005367,0.00004775,5
7753.92500000,0.00005284,0.00004882,5
7754.55833333,0.00007927,0.00000000,0
7755.65833333,0.00172623,0.00057028,2
7756.30000000,0.00014910,0.00000000,0
7757.32500000,0.00023170,0.00000000,0
7757.47500000,0.00000000,0.00008143,1
7760.00000000,0.00119825,0.00024088,7
7763.95000000,0.00000000,0.00007146,1
7764.71666667,0.00020728,0.00006517,2
7764.94166667,0.00000000,0.00005525,1
7764.99166667,0.00004561,0.00002977,4
7765.47500000,0.00000000,0.00003161,1
7766.35000000,0.00042482,0.00007514,7
7767.41666667,0.00004041,0.00004782,5
7768.38333333,0.00008813,0.00003373,2
7768.78333333,0.00018237,0.00003683,7
7770.00833333,0.00012116,0.00002740,7
7770.60833333,0.00000000,0.00021786,1
7772.39166667,0.00012775,0.00000000,0
7773.67500000,0.00000000,0.00002608,1
7775.00000000,0.00048489,0.00008819,7
7779.34166667,0.00003949,0.00000000,0
7780.00000000,0.00098684,0.00019260,7
7780.33333333,0.00000000,0.00002406,1
7781.89166667,0.00000000,0.00002868,1
7783.15000000,0.00000000,0.00003950,1
7786.96666667,0.00000000,0.00034412,1
7786.97500000,0.00000000,0.00034246,1
7788.23333333,0.00010094,0.00000000,0
7790.00000000,0.00014421,0.00004042,2
7790.29166667,0.00000000,0.00012863,1
7790.35833333,0.00000000,0.00010368,1
7790.77500000,0.00005291,0.00000000,0
7793.00000000,0.00004037,0.00000000,0
7793.53333333,0.00000000,0.00002293,1
7794.34166667,0.00000000,0.00003336,1
7794.37500000,0.00000000,0.00002720,1
7794.50833333,0.00000000,0.00003144,1
7794.98333333,0.00005758,0.00000000,0
7796.10833333,0.00003505,0.00000000,0
7796.35000000,0.00019339,0.00000000,0
7798.55000000,0.00042898,0.00019886,3
7800.00000000,0.00112760,0.00006008,0
7800.55000000,0.00011386,0.00023913,8
7800.70833333,0.00029803,0.00052648,8
7800.72500000,0.00028596,0.00054432,8
7803.35833333,0.00000000,0.00002007,1
7805.76666667,0.00005189,0.00000000,0
7806.58333333,0.00004484,0.00000000,0
7809.73333333,0.00000000,0.00002254,1
7810.00000000,0.00012238,0.00004747,2
7811.73333333,0.00007233,0.00000000,0
7811.92500000,0.00007261,0.00000000,0
7812.05833333,0.00005698,0.00000000,0
7812.50000000,0.00017567,0.00053642,9
7815.00000000,0.00005351,0.00000000,0
7817.62500000,0.00000000,0.00004851,1
7817.80833333,0.00120524,0.00082868,4
7819.42500000,0.00000000,0.00007685,1
7820.00000000,0.00066348,0.00018582,2
7821.91666667,0.00000000,0.00015323,1
7822.22500000,0.00010515,0.00002287,7
7824.30000000,0.00007002,0.00000000,0
7824.72500000,0.00000000,0.00002249,1
7825.00000000,0.00008240,0.00009208,5
7825.40000000,0.00005533,0.00000000,0
7827.32500000,0.00000000,0.00003637,1
7829.15000000,0.00000000,0.00029632,1
7829.17500000,0.00000000,0.00026571,1
7830.00000000,0.00013796,0.00003166,2
7830.83333333,0.00004729,0.00000000,0
7832.68333333,0.00005369,0.00000000,0
7832.78333333,0.00004959,0.00000000,0
7834.25000000,0.00235565,0.00061670,2
7834.63333333,0.00000000,0.00006597,1
7834.73333333,0.00000000,0.00007029,1
7834.88333333,0.00009251,0.00000000,0
7835.76666667,0.00003384,0.00000000,0
7836.05000000,0.00000000,0.00002507,1
7837.02500000,0.00005342,0.00000000,0
7840.00000000,0.00066447,0.00016371,2
7844.32500000,0.00021061,0.00000000,0
7845.00000000,0.00005703,0.00000000,0
7845.41666667,0.00000000,0.00013574,1
7846.09166667,0.00018734,0.00000000,0
7847.80833333,0.00011181,0.00000000,0
7848.66666667,0.00000000,0.00003119,1
7848.79166667,0.00024419,0.00004004,7
7850.00000000,0.00085140,0.00029744,2
7852.02500000,0.00004696,0.00000000,0
7855.01666667,0.00003356,0.00000000,0
7856.98333333,0.00004017,0.00000000,0
7860.00000000,0.00072397,0.00016677,2
7860.85833333,0.00000000,0.00002470,1
7861.18333333,0.00000000,0.00003036,1
7863.43333333,0.00013058,0.00000000,0
7865.00000000,0.00003799,0.00000000,0
7866.34166667,0.00000000,0.00004785,1
7866.89166667,0.00003350,0.00003781,5
7867.37500000,0.00010610,0.00000000,0
7868.10833333,0.00004463,0.00000000,0
7868.44166667,0.00004059,0.00002540,4
7868.80833333,0.00003388,0.00000000,0
7868.96666667,0.00007853,0.00000000,0
7869.30833333,0.00006117,0.00000000,0
7870.00000000,0.00016204,0.00000000,0
7871.77500000,0.00000000,0.00002096,1
7872.65000000,0.00000000,0.00002728,1
7873.98333333,0.00003974,0.00000000,0
7874.32500000,0.00032018,0.00006393,7
7874.36666667,0.00024731,0.00004245,7
7874.79166667,0.00004325,0.00000000,0
7874.99166667,0.00072259,0.00062894,11
7875.96666667,0.00008354,0.00012774,6
7877.67500000,0.00000000,0.00002535,1
7879.23333333,0.00009325,0.00000000,0
7880.00000000,0.00075651,0.00026490,2
7882.48333333,0.00000000,0.00002245,1
7882.59166667,0.00007981,0.00004861,10
7883.00833333,0.00000000,0.00003762,1
7883.49166667,0.00005985,0.00000000,0
7886.29166667,0.00004415,0.00000000,0
7886.56666667,0.00004323,0.00000000,0
7890.00000000,0.00014549,0.00005073,2
7891.42500000,0.00000000,0.00006985,1
7893.84166667,0.00011085,0.00000000,0
7896.63333333,0.00000000,0.00012504,1
7899.47500000,0.00006159,0.00000000,0
7899.63333333,0.00013071,0.00009066,4
7900.00000000,0.00061801,0.00038390,4
7901.50833333,0.00000000,0.00003958,1
7902.51666667,0.00015484,0.00000000,0
7905.00000000,0.00005538,0.00002873,3
7910.00000000,0.00017993,0.00003387,7
7911.75833333,0.00003582,0.00000000,0
7914.12500000,0.00130492,0.00055561,3
7915.11666667,0.00000000,0.00003907,1
7917.94166667,0.00004198,0.00000000,0
7919.61666667,0.00012358,0.00000000,0
7920.00000000,0.00063253,0.00025075,2
7920.82500000,0.00011028,0.00000000,0
7920.85833333,0.00012961,0.00000000,0
7923.49166667,0.00005271,0.00000000,0
7925.00000000,0.00030776,0.00007639,2
7925.56666667,0.00003501,0.00000000,0
7929.67500000,0.00000000,0.00001975,1
7930.00000000,0.00013975,0.00003869,2
7932.51666667,0.00000000,0.00002725,1
7932.54166667,0.00000000,0.00002492,1
7933.73333333,0.00012794,0.00000000,0
7934.25833333,0.00000000,0.00003051,1
7934.37500000,0.00000000,0.00004258,1
7935.36666667,0.00004415,0.00006679,6
7935.49166667,0.00000000,0.00011854,1
7939.44166667,0.00005207,0.00000000,0
7940.00000000,0.00076231,0.00029713,2
7941.16666667,0.00008146,0.00000000,0
7941.60000000,0.00000000,0.00005912,1
7945.00000000,0.00006273,0.00004282,4
7947.20833333,0.00032853,0.00006632,7
7948.14166667,0.00011281,0.00002875,2
7949.51666667,0.00016508,0.00000000,0
7950.00000000,0.00052873,0.00031852,3
7951.91666667,0.00008605,0.00009616,5
7951.92500000,0.00008530,0.00009670,5
7953.18333333,0.00000000,0.00016225,1
7953.55000000,0.00000000,0.00002095,1
7954.16666667,0.00036900,0.00024882,4
7954.17500000,0.00036419,0.00024884,4
7955.34166667,0.00044965,0.00014423,2
7960.00000000,0.00070290,0.00030244,3
7965.00000000,0.00004067,0.00003215,4
7965.13333333,0.00012004,0.00003334,2
7965.36666667,0.00000000,0.00007644,1
7967.49166667,0.00259729,0.00202210,4
7969.09166667,0.00007646,0.00000000,0
7970.00000000,0.00024226,0.00000000,0
7971.41666667,0.00051018,0.00003636,0
7972.08333333,0.00003809,0.00002296,3
7974.40833333,0.00049833,0.00004497,0
7975.00000000,0.00014670,0.00008603,3
7975.16666667,0.00061444,0.00006719,0
7975.17500000,0.00061416,0.00006742,0
7975.40000000,0.00019072,0.00000000,0
7975.82500000,0.00005025,0.00000000,0
7976.20000000,0.00008234,0.00000000,0
7976.45833333,0.00000000,0.00004854,1
7980.00000000,0.00070758,0.00028504,2
7980.65000000,0.00010798,0.00000000,0
7980.74166667,0.00012505,0.00000000,0
7981.74166667,0.00003297,0.00000000,0
7982.23333333,0.00006515,0.00000000,0
7985.00000000,0.00012368,0.00006652,3
7986.29166667,0.00013206,0.00000000,0
7988.08333333,0.00004869,0.00000000,0
7988.30000000,0.00055047,0.00009581,7
7988.95000000,0.00000000,0.00004063,1
7990.00000000,0.00016973,0.00004430,2
7990.28333333,0.00008700,0.00000000,0
7998.05000000,0.00000000,0.00002283,1
8000.00000000,0.00066757,0.00054429,4
8004.80000000,0.00004472,0.00000000,0
8005.00000000,0.00023175,0.00010109,3
8005.34166667,0.00003885,0.00003171,4
8005.39166667,0.00000000,0.00005597,1
8005.62500000,0.00010239,0.00023457,8
8007.80833333,0.00009271,0.00005157,3
8008.10000000,0.00000000,0.00003456,1
8010.00000000,0.00020287,0.00005191,2
8015.69166667,0.00000000,0.00003654,1
8016.65833333,0.00005020,0.00000000,0
8016.89166667,0.00004699,0.00000000,0
8020.00000000,0.00072105,0.00031528,3
8025.00000000,0.00012727,0.00014593,5
8026.35833333,0.00000000,0.00004684,1
8026.89166667,0.00024411,0.00003492,0
8027.17500000,0.00000000,0.00007901,1
8028.75000000,0.00018994,0.00000000,0
8029.07500000,0.00008001,0.00000000,0
8030.00000000,0.00016243,0.00005513,2
8031.02500000,0.00004486,0.00000000,0
8031.14166667,0.00003307,0.00000000,0
8031.79166667,0.00000000,0.00003721,1
8032.64166667,0.00007637,0.00000000,0
8033.11666667,0.00010679,0.00004677,3
8033.12500000,0.00010930,0.00004417,2
8034.81666667,0.00006870,0.00000000,0
8034.97500000,0.00039232,0.00004989,0
8035.70000000,0.00000000,0.00003400,1
8036.19166667,0.00011567,0.00000000,0
8040.00000000,0.00099842,0.00044634,3
8040.45000000,0.00007174,0.00000000,0
8045.00000000,0.00017680,0.00010290,3
8047.70833333,0.00003499,0.00000000,0
8050.00000000,0.00177638,0.00070114,2
8050.32500000,0.00006779,0.00002236,2
8051.91666667,0.00007810,0.00000000,0
8052.70833333,0.00039515,0.00042372,5
8053.29166667,0.00007471,0.00003116,3
8054.78333333,0.00005212,0.00000000,0
8056.64166667,0.00000000,0.00002458,1
8058.64166667,0.00017655,0.00020181,5
8060.00000000,0.00104899,0.00059192,3
8060.48333333,0.00003316,0.00000000,0
8061.94166667,0.00005706,0.00000000,0
8062.32500000,0.00010292,0.00000000,0
8063.35000000,0.00009921,0.00000000,0
8065.00000000,0.00012651,0.00006675,3
8065.45000000,0.00003936,0.00000000,0
8065.95833333,0.00003789,0.00000000,0
8068.20000000,0.00000000,0.00017964,1
8068.46666667,0.00024473,0.00011866,3
8068.48333333,0.00025040,0.00011555,3
8068.99166667,0.00000000,0.00002677,1
8070.00000000,0.00028148,0.00006914,2
8070.13333333,0.00000000,0.00039822,1
8075.00000000,0.00007829,0.00006114,4
8080.00000000,0.00107120,0.00068723,4
8080.20000000,0.00000000,0.00012861,1
8080.29166667,0.00000000,0.00009461,1
8080.39166667,0.00021833,0.00006714,2
8081.37500000,0.00006889,0.00000000,0
8082.62500000,0.00000000,0.00003213,1
8084.20833333,0.00052079,0.00003791,0
8085.00000000,0.00008830,0.00005976,4
8087.82500000,0.00008113,0.00000000,0
8087.95000000,0.00004236,0.00012561,9
8090.00000000,0.00020858,0.00004673,7
8091.75833333,0.00007886,0.00002110,2
8092.00000000,0.00000000,0.00003394,1
8093.10833333,0.00007296,0.00000000,0
8093.69166667,0.00008887,0.00002597,2
8093.81666667,0.00004200,0.00002115,3
8094.95000000,0.00004421,0.00000000,0
8095.91666667,0.00045400,0.00071266,6
8095.92500000,0.00045129,0.00072624,6
8096.28333333,0.00000000,0.00124557,1
8099.85833333,0.00044280,0.00007274,7
8100.00000000,0.00056466,0.00082084,6
8104.99166667,0.00006848,0.00004497,4
8105.35833333,0.00003312,0.00003328,5
8105.45833333,0.00003693,0.00003165,4
8105.55833333,0.00000000,0.00002177,1
8105.66666667,0.00000000,0.00002056,1
8106.83333333,0.00000000,0.00020868,1
8108.07500000,0.00005035,0.00000000,0
8110.00000000,0.00022514,0.00002985,0
8110.32500000,0.00025675,0.00020800,4
8112.16666667,0.00066175,0.00017229,2
8112.17500000,0.00066625,0.00017217,2
8114.37500000,0.00025265,0.00005730,7
8114.65833333,0.00003980,0.00000000,0
8114.70833333,0.00005091,0.00002786,3
8116.05000000,0.00003711,0.00000000,0
8116.61666667,0.00012579,0.00002131,7
8116.64166667,0.00013678,0.00002018,0
8117.72500000,0.00017092,0.00000000,0
8117.98333333,0.00000000,0.00004033,1
8120.00000000,0.00121062,0.00080465,4
8125.00000000,0.00127960,0.00051032,2
8129.88333333,0.00000000,0.00002104,1
8130.02500000,0.00023716,0.00004691,7
8131.78333333,0.00011694,0.00011010,5
8134.42500000,0.00000000,0.00035266,1
8135.39166667,0.00364058,0.00240279,4
8136.95000000,0.00017323,0.00005820,2
8140.00000000,0.00117161,0.00087126,4
8141.08333333,0.00008229,0.00000000,0
8141.79166667,0.00000000,0.00030759,1
8144.77500000,0.00003940,0.00000000,0
8144.99166667,0.00006574,0.00003207,3
8150.00000000,0.00022974,0.00070110,9
8156.92500000,0.00011617,0.00000000,0
8160.00000000,0.00112097,0.00091985,4
8160.61666667,0.00000000,0.00089138,1
8162.17500000,0.00000000,0.00003563,1
8162.25000000,0.00003640,0.00000000,0
8163.35000000,0.00000000,0.00010066,1
8165.01666667,0.00003750,0.00002857,4
8166.60833333,0.00011443,0.00004998,3
8166.62500000,0.00012101,0.00005173,3
8167.10833333,0.00000000,0.00084129,1
8167.23333333,0.00006395,0.00005267,4
8167.63333333,0.00020527,0.00004844,2
8169.06666667,0.00007914,0.00000000,0
8170.00000000,0.00022166,0.00005621,2
8170.73333333,0.00000000,0.00002007,1
8171.32500000,0.00000000,0.00005984,1
8171.46666667,0.00000000,0.00006889,1
8171.54166667,0.00000000,0.00003372,1
8171.79166667,0.00000000,0.00001982,1
8172.38333333,0.00000000,0.00005070,1
8174.01666667,0.00041514,0.00033952,4
8174.58333333,0.00010005,0.00000000,0
8174.86666667,0.00037279,0.00013459,2
8175.00833333,0.00004926,0.00009596,8
8175.50833333,0.00008367,0.00003087,2
8177.23333333,0.00030442,0.00007303,2
8178.87500000,0.00034623,0.00012571,2
8180.00000000,0.00116081,0.00090271,4
8181.46666667,0.00004554,0.00000000,0
8182.61666667,0.00008372,0.00000000,0
8183.24166667,0.00004933,0.00000000,0
8183.32500000,0.00000000,0.00002709,1
8184.20833333,0.00006437,0.00000000,0
8184.99166667,0.00004727,0.00004223,5
8185.10000000,0.00008521,0.00000000,0
8185.20833333,0.00000000,0.00002051,1
8186.45833333,0.00027434,0.00000000,0
8187.80000000,0.00010703,0.00002981,2
8188.41666667,0.00005837,0.00000000,0
8188.90833333,0.00006627,0.00000000,0
8189.65833333,0.00016470,0.00001977,0
8189.68333333,0.00013940,0.00000000,0
8189.80833333,0.00041834,0.00002300,0
8190.00000000,0.00019569,0.00003869,7
8191.05000000,0.00004758,0.00000000,0
8193.76666667,0.00010318,0.00007741,4
8193.80000000,0.00008768,0.00009278,5
8194.98333333,0.00012124,0.00000000,0
8195.26666667,0.00014256,0.00000000,0
8199.65000000,0.00053201,0.00003941,0
8200.00000000,0.00167633,0.00084244,3
8200.45000000,0.00000000,0.00013761,1
8201.02500000,0.00010712,0.00000000,0
8202.17500000,0.00042518,0.00000000,0
8203.12500000,0.00010621,0.00007329,4
8203.91666667,0.00000000,0.00007986,1
8204.32500000,0.00007205,0.00000000,0
8205.00000000,0.00006257,0.00005704,5
8206.56666667,0.00006464,0.00004593,4
8207.01666667,0.00020211,0.00000000,0
8208.25833333,0.00000000,0.00001976,1
8209.85833333,0.00000000,0.00004020,1
8210.00000000,0.00020361,0.00005036,2
8211.44166667,0.00026023,0.00021128,4
8212.84166667,0.00005747,0.00012806,8
8212.90000000,0.00000000,0.00008094,1
8214.28333333,0.00000000,0.00075113,1
8216.42500000,0.00011740,0.00000000,0
8216.64166667,0.00000000,0.00002592,1
8218.95833333,0.00008922,0.00000000,0
8219.48333333,0.00897976,0.00220092,2
8220.00000000,0.00085837,0.00067334,4
8224.50833333,0.00024753,0.00082720,9
8224.52500000,0.00023915,0.00084883,9
8224.70000000,0.00000000,0.00002447,1
8225.00000000,0.00024243,0.00018011,4
8227.90000000,0.00008597,0.00000000,0
8230.00000000,0.00015682,0.00006565,3
8232.77500000,0.00013677,0.00000000,0
8233.05000000,0.00021224,0.00002270,0
8233.64166667,0.00004717,0.00000000,0
8236.90833333,0.00005908,0.00000000,0
8238.80000000,0.00035007,0.00002587,0
8240.00000000,0.00091926,0.00061662,4
8240.35833333,0.00000000,0.00003054,1
8241.70833333,0.00000000,0.00042807,1
8244.29166667,0.00000000,0.00002276,1
8244.55000000,0.00031299,0.00005302,7
8245.02500000,0.00000000,0.00002156,1
8245.95833333,0.00038924,0.00014396,2
8246.54166667,0.00039445,0.00016963,3
8248.66666667,0.00005785,0.00007743,6
8248.68333333,0.00006285,0.00007514,5
8250.00000000,0.00077083,0.00038490,3
8250.17500000,0.00007296,0.00004683,4
8251.92500000,0.00015910,0.00000000,0
8255.66666667,0.00004568,0.00000000,0
8256.15000000,0.00007957,0.00000000,0
8256.29166667,0.00016739,0.00000000,0
8258.82500000,0.00007084,0.00000000,0
8260.00000000,0.00086047,0.00063265,4
8261.72500000,0.00000000,0.00002454,1
8262.54166667,0.00000000,0.00014739,1
8264.48333333,0.00005980,0.00000000,0
8265.00000000,0.00004579,0.00002647,3
8266.41666667,0.00012338,0.00000000,0
8270.00000000,0.00010818,0.00007212,4
8270.69166667,0.00004649,0.00000000,0
8270.85000000,0.00004122,0.00000000,0
8272.56666667,0.00000000,0.00001989,1
8273.34166667,0.00013970,0.00000000,0
8273.49166667,0.00014905,0.00000000,0
8274.14166667,0.00003731,0.00000000,0
8274.60000000,0.00004880,0.00000000,0
8275.00000000,0.00026590,0.00010482,2
8275.88333333,0.00000000,0.00002130,1
8280.00000000,0.00092587,0.00069286,4
8285.00833333,0.00011115,0.00007197,4
8290.00000000,0.00021116,0.00009946,3
8291.19166667,0.00007500,0.00000000,0
8291.38333333,0.00000000,0.00003353,1
8292.33333333,0.00024058,0.00000000,0
8297.96666667,0.00012454,0.00003309,2
8297.97500000,0.00012631,0.00003257,2
8300.00000000,0.00198302,0.00087241,3
8302.55000000,0.00000000,0.00028581,1
8305.00000000,0.00012196,0.00010910,5
8310.00000000,0.00014226,0.00012190,4
8310.54166667,0.00000000,0.00002826,1
8310.70833333,0.00063163,0.00014923,2
8313.09166667,0.00008725,0.00003083,2
8313.12500000,0.00009963,0.00002867,2
8316.05833333,0.00004423,0.00000000,0
8316.08333333,0.00003893,0.00000000,0
8316.34166667,0.00003762,0.00000000,0
8317.24166667,0.00000000,0.00002378,1
8320.00000000,0.00135303,0.00098317,4
8325.00000000,0.00030610,0.00022339,4
8325.95000000,0.00000000,0.00066952,1
8327.45833333,0.00028970,0.00005844,7
8327.58333333,0.00016868,0.00005676,2
8330.00000000,0.00020633,0.00016212,4
8330.22500000,0.00004147,0.00000000,0
8330.56666667,0.00011568,0.00013280,5
8340.00000000,0.00136520,0.00114631,4
8342.33333333,0.00000000,0.00002440,1
8343.01666667,0.00003823,0.00000000,0
8344.13333333,0.00000000,0.00003199,1
8344.18333333,0.00000000,0.00002095,1
8344.53333333,0.00111315,0.00034148,2
8344.64166667,0.00051010,0.00017507,2
8345.00000000,0.00013460,0.00014153,5
8350.00000000,0.00170020,0.00114599,4
8350.97500000,0.00008465,0.00000000,0
8355.00000000,0.00000000,0.00002174,1
8355.99166667,0.00017763,0.00007503,3
8359.38333333,0.00007645,0.00005826,4
8359.66666667,0.00004599,0.00000000,0
8360.00000000,0.00133281,0.00117321,5
8360.53333333,0.00007492,0.00000000,0
8365.00000000,0.00012229,0.00014493,5
8366.70833333,0.00011788,0.00000000,0
8369.20833333,0.00007269,0.00000000,0
8370.00000000,0.00011501,0.00015208,6
8372.40000000,0.00000000,0.00003951,1
8373.26666667,0.00000000,0.00002875,1
8373.30000000,0.00000000,0.00003332,1
8374.51666667,0.00000000,0.00002503,1
8375.00000000,0.00022827,0.00013345,3
8375.87500000,0.00000000,0.00001994,1
8376.41666667,0.00000000,0.00004639,1
8379.45833333,0.00000000,0.00002375,1
8380.00000000,0.00130135,0.00118890,5
8380.52500000,0.00005961,0.00000000,0
8380.60000000,0.00000000,0.00005499,1
8383.09166667,0.00005205,0.00006402,6
8383.15000000,0.00019161,0.00008977,3
8384.24166667,0.00005373,0.00000000,0
8385.00833333,0.00012623,0.00013395,5
8388.08333333,0.00000000,0.00010435,1
8390.00000000,0.00018633,0.00017753,5
8390.20000000,0.00000000,0.00003386,1
8394.74166667,0.00004687,0.00000000,0
8395.10833333,0.00000000,0.00007752,1
8395.41666667,0.00005504,0.00004808,11
8398.43333333,0.00034665,0.00031680,5
8399.37500000,0.00006578,0.00004703,4
8399.84166667,0.00000000,0.00004053,1
8400.00000000,0.00202694,0.00063099,2
8400.34166667,0.00000000,0.00004305,1
8402.39166667,0.00004319,0.00000000,0
8403.45833333,0.00005427,0.00002441,3
8403.52500000,0.00008385,0.00000000,0
8405.00000000,0.00009464,0.00008870,5
8405.56666667,0.00000000,0.00006522,1
8406.59166667,0.00000000,0.00005052,1
8410.00000000,0.00012625,0.00015147,5
8411.54166667,0.00023701,0.00000000,0
8416.51666667,0.00000000,0.00013105,1
8420.00000000,0.00111961,0.00092438,4
8425.00000000,0.00007579,0.00008855,5
8428.00833333,0.00005797,0.00000000,0
8428.25000000,0.00006708,0.00000000,0
8429.51666667,0.00018485,0.00010432,3
8430.00000000,0.00017228,0.00015036,11
8430.17500000,0.00008984,0.00004936,3
8431.24166667,0.00000000,0.00005373,1
8431.93333333,0.00000000,0.00077676,1
8432.39166667,0.00052168,0.00021082,2
8433.13333333,0.00000000,0.00005564,1
8433.28333333,0.00022302,0.00009958,3
8433.52500000,0.00008383,0.00002018,2
8433.86666667,0.00007575,0.00000000,0
8434.93333333,0.00006540,0.00000000,0
8435.20000000,0.00000000,0.00002475,1
8435.60000000,0.00005447,0.00002865,3
8437.00000000,0.00005111,0.00000000,0
8437.75833333,0.00004835,0.00000000,0
8439.22500000,0.00349056,0.00148952,3
8439.33333333,0.00040632,0.00056531,6
8439.51666667,0.00019026,0.00004945,2
8439.52500000,0.00018811,0.00004973,2
8440.00000000,0.00102301,0.00099058,5
8440.28333333,0.00000000,0.00002100,1
8442.95833333,0.00004406,0.00000000,0
8443.22500000,0.00005720,0.00000000,0
8445.00000000,0.00007525,0.00005239,4
8447.26666667,0.00000000,0.00002304,1
8447.85000000,0.00000000,0.00002994,1
8449.53333333,0.00006745,0.00000000,0
8450.00000000,0.00137505,0.00117626,4
8450.52500000,0.00007307,0.00000000,0
8451.00833333,0.00009565,0.00002358,2
8453.39166667,0.00012883,0.00000000,0
8453.50833333,0.00007423,0.00002410,2
8456.50000000,0.00000000,0.00004404,1
8457.35833333,0.00000000,0.00002092,1
8458.71666667,0.00004021,0.00000000,0
8458.92500000,0.00009498,0.00000000,0
8460.00000000,0.00100497,0.00099100,5
8461.16666667,0.00000000,0.00004952,1
8461.60833333,0.00063114,0.00015000,2
8462.10833333,0.00000000,0.00014734,1
8464.74166667,0.00003705,0.00000000,0
8465.00833333,0.00009055,0.00004700,3
8466.03333333,0.00000000,0.00003545,1
8468.45000000,0.00006098,0.00003639,3
8470.00000000,0.00012333,0.00018969,6
8470.18333333,0.00000000,0.00010044,1
8470.53333333,0.00000000,0.00007517,1
8470.88333333,0.00005083,0.00000000,0
8471.78333333,0.00000000,0.00003908,1
8475.00000000,0.00004796,0.00003100,4
8476.74166667,0.00007461,0.00000000,0
8479.20000000,0.00007316,0.00000000,0
8479.36666667,0.02310094,0.00461203,7
8479.37500000,0.02314576,0.00462141,7
8480.00000000,0.00100730,0.00103494,5
8481.86666667,0.00000000,0.00004313,1
8484.98333333,0.00003528,0.00002251,4
8486.80833333,0.00008554,0.00000000,0
8487.32500000,0.00000000,0.00011576,1
8487.37500000,0.00000000,0.00007344,1
8487.44166667,0.00005023,0.00000000,0
8490.00000000,0.00013354,0.00017123,6
8491.80833333,0.00003286,0.00000000,0
8492.52500000,0.00000000,0.00004611,1
8496.11666667,0.00004657,0.00003223,4
8496.39166667,0.00047390,0.00020130,3
8496.42500000,0.00040251,0.00023326,3
8497.15000000,0.00000000,0.00004583,1
8497.65833333,0.00003282,0.00004094,6
8497.67500000,0.00003470,0.00003752,5
8498.45833333,0.00004027,0.00000000,0
8500.00000000,0.00083532,0.00078554,5
8502.65833333,0.00000000,0.00012351,1
8503.77500000,0.00005620,0.00000000,0
8504.14166667,0.00003704,0.00000000,0
8506.60833333,0.00000000,0.00005069,1
8510.00000000,0.00008725,0.00016079,8
8510.64166667,0.00000000,0.00001984,1
8515.41666667,0.00000000,0.00015766,1
8515.42500000,0.00000000,0.00015435,1
8515.62500000,0.00008696,0.00007545,11
8516.64166667,0.00000000,0.00020184,1
8516.74166667,0.00000000,0.00019140,1
8518.45833333,0.00000000,0.00009221,1
8518.60833333,0.00000000,0.00002443,1
8519.56666667,0.00000000,0.00003466,1
8519.73333333,0.00000000,0.00012503,1
8520.00000000,0.00083971,0.00088805,5
8520.81666667,0.00004498,0.00000000,0
8521.36666667,0.00004273,0.00004322,5
8521.38333333,0.00005051,0.00004030,4
8522.40000000,0.00007176,0.00000000,0
8522.73333333,0.00000000,0.00007408,1
8523.20000000,0.00008882,0.00004981,3
8525.00833333,0.00011542,0.00000000,0
8527.56666667,0.00000000,0.00002295,1
8530.00000000,0.00020824,0.00020489,5
8531.32500000,0.00000000,0.00003623,1
8539.09166667,0.00009006,0.00000000,0
8540.00000000,0.00045714,0.00077104,6
8540.41666667,0.00033579,0.00003050,0
8540.72500000,0.00153442,0.00194414,6
8542.55833333,0.00000000,0.00002953,1
8544.90833333,0.00000000,0.00002960,1
8546.13333333,0.00000000,0.00002309,1
8546.60833333,0.00000000,0.00007576,1
8550.00000000,0.00064038,0.00069371,5
8550.90833333,0.00015816,0.00000000,0
8551.26666667,0.00045073,0.00000000,0
8554.68333333,0.00000000,0.00002115,1
8560.00000000,0.00057942,0.00068474,5
8563.46666667,0.00007318,0.00000000,0
8563.83333333,0.00007164,0.00000000,0
8564.80833333,0.00000000,0.00004542,1
8564.99166667,0.00000000,0.00003381,1
8565.39166667,0.00003779,0.00000000,0
8567.57500000,0.00000000,0.00003776,1
8568.05833333,0.00014687,0.00004551,2
8568.85833333,0.00023011,0.00007468,2
8569.23333333,0.00000000,0.00002341,1
8569.31666667,0.00003964,0.00007513,8
8570.00000000,0.00005398,0.00025971,9
8570.65833333,0.00000000,0.00002012,1
8571.30833333,0.00000000,0.00010226,1
8575.00000000,0.00024219,0.00011776,3
8576.78333333,0.00006627,0.00000000,0
8577.34166667,0.00007955,0.00000000,0
8577.72500000,0.00000000,0.00010546,1
8577.92500000,0.00007689,0.00006045,4
8578.40833333,0.00000000,0.00006733,1
8578.55833333,0.00000000,0.00002434,1
8579.66666667,0.00004447,0.00005829,6
8580.00000000,0.00047632,0.00063034,6
8583.80833333,0.00000000,0.00005970,1
8584.08333333,0.00000000,0.00003389,1
8585.00000000,0.00000000,0.00004009,1
8586.75833333,0.00016043,0.00002063,0
8588.32500000,0.00000000,0.00004551,1
8589.78333333,0.00000000,0.00015281,1
8589.90000000,0.00000000,0.00037452,1
8589.98333333,0.00010447,0.00036730,9
8593.75000000,0.00044737,0.00046239,5
8594.09166667,0.00000000,0.00002222,1
8595.00000000,0.00000000,0.00002767,1
8595.80000000,0.00000000,0.00007636,1
8597.05000000,0.00003865,0.00000000,0
8600.00000000,0.00052733,0.00075789,6
8601.89166667,0.00006769,0.00000000,0
8602.71666667,0.00000000,0.00007378,1
8602.89166667,0.00003790,0.00000000,0
8603.51666667,0.00009715,0.00000000,0
8604.10833333,0.01598075,0.00647332,2
8604.58333333,0.00000000,0.00005103,1
8605.00000000,0.00003658,0.00004219,5
8609.46666667,0.00003651,0.00000000,0
8610.00000000,0.00020963,0.00033913,6
8611.09166667,0.00004358,0.00002799,4
8612.04166667,0.00003941,0.00003167,4
8612.75833333,0.00000000,0.00008885,1
8613.01666667,0.00000000,0.00006334,1
8616.06666667,0.00000000,0.00002649,1
8617.20000000,0.00005662,0.00002222,2
8617.40833333,0.00005437,0.00000000,0
8620.00000000,0.00035611,0.00070471,8
8620.92500000,0.00003696,0.00003845,5
8620.93333333,0.00003299,0.00003866,5
8623.40000000,0.00000000,0.00002147,1
8623.48333333,0.00005226,0.00000000,0
8624.75833333,0.00003641,0.00000000,0
8624.99166667,0.00035477,0.00031176,5
8625.34166667,0.00000000,0.00002082,1
8626.40833333,0.00005554,0.00002711,3
8626.51666667,0.00000000,0.00003677,1
8627.96666667,0.00004820,0.00000000,0
8629.72500000,0.00000000,0.00007922,1
8630.00000000,0.00014541,0.00046569,9
8631.95833333,0.00000000,0.00003768,1
8632.20833333,0.00004901,0.00000000,0
8632.76666667,0.00000000,0.00003299,1
8633.45833333,0.00172806,0.00034146,7
8633.91666667,0.00000000,0.00001985,1
8635.31666667,0.00131583,0.00040070,2
8635.78333333,0.00000000,0.00106319,1
8635.91666667,0.00006779,0.00000000,0
8635.93333333,0.00006634,0.00000000,0
8636.55000000,0.00000000,0.00002852,1
8636.76666667,0.00000000,0.00002740,1
8637.84166667,0.00000000,0.00002412,1
8638.05000000,0.00006043,0.00005723,5
8638.11666667,0.00000000,0.00010852,1
8640.00000000,0.00043122,0.00062656,6
8642.50833333,0.00006351,0.00003212,3
8643.21666667,0.00000000,0.00002445,1
8643.65833333,0.00000000,0.00003776,1
8644.99166667,0.00006242,0.00007987,6
8646.53333333,0.00000000,0.00011781,1
8646.94166667,0.00005386,0.00000000,0
8647.14166667,0.00003650,0.00000000,0
8647.80000000,0.00000000,0.00005720,1
8648.51666667,0.00003550,0.00004403,6
8648.70833333,0.00031275,0.00025765,4
8650.00000000,0.00125734,0.00137841,5
8651.72500000,0.00024677,0.00003291,0
8651.74166667,0.00025557,0.00003181,0
8652.66666667,0.00224726,0.00115280,3
8652.67500000,0.00224046,0.00115094,3
8653.10000000,0.00004609,0.00022864,12
8653.45833333,0.00023571,0.00008360,2
8654.62500000,0.00004780,0.00002914,10
8655.45833333,0.00000000,0.00003624,1
8655.91666667,0.00069720,0.00216284,9
8656.11666667,0.00013645,0.00003618,2
8656.36666667,0.00010733,0.00014536,6
8656.38333333,0.00010295,0.00015331,6
8657.01666667,0.00015516,0.00011922,4
8657.15833333,0.00000000,0.00005837,1
8657.60833333,0.00004044,0.00002569,4
8657.76666667,0.00019970,0.00004602,2
8658.09166667,0.00000000,0.00004599,1
8659.52500000,0.00007497,0.00002254,2
8659.54166667,0.00006953,0.00002314,2
8660.00000000,0.00049737,0.00062469,6
8661.60833333,0.00018725,0.00015724,4
8662.12500000,0.00000000,0.00002164,1
8662.35833333,0.00026554,0.00005260,7
8662.50000000,0.00024963,0.00005869,2
8662.58333333,0.00014539,0.00008048,3
8663.14166667,0.00014280,0.00017039,5
8663.37500000,0.00000000,0.00003716,1
8665.00000000,0.00008922,0.00006916,4
8665.35833333,0.00011982,0.00007859,4
8666.25000000,0.00008520,0.00005482,4
8666.97500000,0.00000000,0.00002204,1
8667.71666667,0.00004214,0.00000000,0
8668.05833333,0.00012123,0.00002463,7
8668.57500000,0.00000000,0.00002754,1
8669.15000000,0.00659503,0.00364907,3
8670.00000000,0.00022076,0.00047492,8
8671.96666667,0.00021913,0.00009892,3
8672.78333333,0.00004713,0.00000000,0
8673.76666667,0.00000000,0.00007489,1
8675.00000000,0.00014156,0.00011846,4
8676.27500000,0.00004119,0.00022873,12
8676.64166667,0.00000000,0.00004868,1
8680.00000000,0.00055599,0.00074101,6
8681.06666667,0.00000000,0.00003120,1
8682.81666667,0.00028158,0.00016805,3
8685.00000000,0.00005459,0.00003027,3
8685.24166667,0.00000000,0.00006912,1
8685.64166667,0.00005785,0.00002738,3
8685.72500000,0.00003878,0.00002138,3
8685.74166667,0.00003709,0.00002228,3
8686.57500000,0.00004546,0.00009356,8
8686.82500000,0.00011284,0.00003272,2
8686.85000000,0.00010222,0.00003636,2
8687.77500000,0.00011084,0.00003677,2
8688.45000000,0.00000000,0.00003138,1
8688.62500000,0.00021619,0.00007044,2
8688.64166667,0.00022185,0.00006922,2
8690.00000000,0.00017243,0.00049391,9
8690.35000000,0.00003768,0.00000000,0
8691.16666667,0.00006257,0.00000000,0
8691.18333333,0.00005734,0.00000000,0
8691.31666667,0.00006562,0.00002620,2
8692.63333333,0.00010632,0.00010914,5
8694.15833333,0.00000000,0.00046403,1
8694.35833333,0.00000000,0.00018223,1
8694.50833333,0.00000000,0.00002296,1
8695.62500000,0.00000000,0.00001988,1
8698.05833333,0.00021328,0.00002214,0
8698.29166667,0.00000000,0.00002594,1
8699.20000000,0.00000000,0.00005646,1
8699.44166667,0.00000000,0.00003503,1
8700.00000000,0.00043471,0.00096032,8
8700.78333333,0.00179833,0.00083426,3
8702.05833333,0.00032955,0.00007550,2
8702.07500000,0.00034245,0.00007182,7
8702.70000000,0.00000000,0.00002426,1
8703.16666667,0.00004182,0.00000000,0
8705.00000000,0.00003648,0.00004416,6
8705.86666667,0.02856265,0.00539927,7
8705.87500000,0.02896884,0.00539833,7
8707.10833333,0.00000000,0.00003326,1
8707.25833333,0.00004259,0.00000000,0
8707.50833333,0.00000000,0.00009164,1
8709.05000000,0.00006685,0.00000000,0
8709.07500000,0.00007147,0.00000000,0
8709.71666667,0.00000000,0.00003624,1
8710.00000000,0.00016488,0.00046382,9
8714.70833333,0.02658320,0.00956116,2
8717.79166667,0.01019569,0.00298063,2
8718.21666667,0.00000000,0.00004055,1
8719.80000000,0.00259861,0.00043179,7
8719.99166667,0.00100990,0.00083900,4
8721.26666667,0.00019159,0.00000000,0
8722.50833333,0.00078446,0.00037580,3
8725.10000000,0.00092944,0.00039352,3
8725.20000000,0.00090086,0.00029362,2
8727.82500000,0.00000000,0.00004038,1
8730.00000000,0.00027381,0.00049727,8
8730.80833333,0.00000000,0.00003342,1
8735.56666667,0.00025631,0.00003298,0
8735.58333333,0.00024964,0.00003163,0
8736.95833333,0.00000000,0.00011188,1
8737.24166667,0.00000000,0.00003569,1
8738.25000000,0.00000000,0.00003199,1
8739.08333333,0.00000000,0.00002069,1
8740.00000000,0.00067095,0.00088087,6
8742.86666667,0.00027093,0.00004970,7
8743.61666667,0.00000000,0.00109442,1
8743.87500000,0.00000000,0.00013643,1
8744.41666667,0.00005214,0.00000000,0
8744.51666667,0.00005648,0.00000000,0
8745.00000000,0.00008359,0.00008189,5
8745.23333333,0.00008511,0.00005699,4
8745.82500000,0.00000000,0.00003232,1
8745.83333333,0.00000000,0.00003143,1
8746.34166667,0.00004182,0.00002300,3
8746.72500000,0.00003633,0.00007579,8
8746.74166667,0.00003454,0.00008056,8
8748.62500000,0.00000000,0.00003167,1
8748.63333333,0.00000000,0.00003182,1
8748.70000000,0.00004263,0.00002354,3
8748.90833333,0.00000000,0.00003328,1
8749.67500000,0.00000000,0.00003802,1
8750.00000000,0.00094799,0.00119524,6
8751.21666667,0.00000000,0.00003833,1
8753.15000000,0.00000000,0.00019290,1
8754.98333333,0.00000000,0.00002152,1
8755.82500000,0.00000000,0.00005187,1
8756.52500000,0.00070803,0.00020769,2
8756.55000000,0.00056052,0.00023010,3
8756.63333333,0.00049619,0.00011807,2
8757.12500000,0.00000000,0.00003113,1
8757.44166667,0.00000000,0.00005407,1
8760.00000000,0.00064912,0.00090743,6
8761.25833333,0.00000000,0.00002093,1
8762.55833333,0.00057893,0.00007282,0
8762.57500000,0.00061367,0.00006950,0
8762.95000000,0.00000000,0.00005303,1
8764.55833333,0.00108019,0.00198871,8
8764.99166667,0.00000000,0.00002511,1
8765.16666667,0.00000000,0.00009179,1
8765.52500000,0.00006327,0.00000000,0
8765.53333333,0.00006450,0.00000000,0
8766.25833333,0.00000000,0.00004625,1
8766.39166667,0.00000000,0.00016152,1
8766.62500000,0.00007715,0.00000000,0
8766.67500000,0.00005264,0.00000000,0
8767.13333333,0.00000000,0.00003005,1
8767.36666667,0.00014786,0.00004020,2
8767.37500000,0.00014987,0.00003948,2
8767.43333333,0.00012467,0.00004536,2
8767.82500000,0.00000000,0.00005504,1
8768.08333333,0.00006272,0.00003044,3
8768.68333333,0.00005745,0.00000000,0
8769.07500000,0.00000000,0.00005393,1
8769.45000000,0.00006457,0.00005205,4
8769.50000000,0.00007980,0.00003490,3
8769.82500000,0.00006863,0.00008670,6
8770.00000000,0.00047037,0.00050416,5
8771.80000000,0.00000000,0.00005783,1
8772.64166667,0.00006594,0.00000000,0
8772.81666667,0.00019086,0.00000000,0
8774.55833333,0.00000000,0.00002429,1
8775.00000000,0.00005177,0.00014712,9
8776.22500000,0.00005895,0.00002391,3
8776.24166667,0.00005385,0.00002509,3
8776.95000000,0.00021261,0.00000000,0
8779.09166667,0.00005994,0.00000000,0
8780.00000000,0.00053689,0.00075702,6
8781.61666667,0.00000000,0.00002449,1
8782.74166667,0.00000000,0.00003603,1
8782.83333333,0.00000000,0.00002792,1
8783.24166667,0.00003479,0.00000000,0
8783.90833333,0.00006059,0.00000000,0
8784.17500000,0.00000000,0.00003214,1
8784.35000000,0.00000000,0.00005476,1
8784.45833333,0.00004194,0.00006544,6
8784.47500000,0.00004000,0.00006706,6
8784.72500000,0.00107587,0.00011827,0
8785.00000000,0.00007010,0.00006580,5
8787.22500000,0.00015664,0.00003456,7
8787.23333333,0.00015358,0.00003435,7
8787.90833333,0.00000000,0.00003480,1
8788.52500000,0.00000000,0.00004842,1
8789.05833333,0.00062105,0.00076426,6
8790.00000000,0.00043268,0.00052287,6
8791.05833333,0.00005995,0.00002493,3
8791.07500000,0.00006179,0.00002393,2
8791.25000000,0.00000000,0.00004209,1
8791.45833333,0.00000000,0.00004106,1
8794.62500000,0.00000000,0.00002811,1
8794.89166667,0.00003462,0.00000000,0
8798.61666667,0.00008692,0.00002129,2
8800.00000000,0.00105893,0.00106053,5
8800.32500000,0.00003630,0.00000000,0
8801.11666667,0.00005472,0.00002866,3
8801.14166667,0.00005015,0.00002937,3
8801.76666667,0.00008855,0.00004066,3
8801.77500000,0.00008877,0.00004011,3
8804.48333333,0.00000000,0.00042441,1
8804.66666667,0.00000000,0.00016614,1
8805.00000000,0.00004332,0.00004916,5
8805.60000000,0.00018741,0.00000000,0
8806.92500000,0.00013346,0.00000000,0
8810.00000000,0.00054596,0.00051158,5
8810.21666667,0.00000000,0.00002479,1
8810.51666667,0.00007852,0.00002487,2
8811.00000000,0.00000000,0.00009335,1
8811.42500000,0.00000000,0.00003853,1
8811.90000000,0.00009336,0.00000000,0
8813.58333333,0.00000000,0.00002109,1
8814.20833333,0.00000000,0.00003554,1
8816.00000000,0.00004253,0.00000000,0
8819.66666667,0.00000000,0.00002062,1
8820.00000000,0.00032108,0.00038971,6
8823.00833333,0.00000000,0.00048436,1
8824.02500000,0.00000000,0.00002088,1
8824.03333333,0.00000000,0.00002072,1
8825.00000000,0.00005645,0.00007582,6
8827.36666667,0.00000000,0.00002035,1
8828.12500000,0.00000000,0.00002186,1
8829.78333333,0.00000000,0.00005153,1
8830.00000000,0.00051099,0.00052450,5
8830.80833333,0.00000000,0.00009782,1
8831.03333333,0.00000000,0.00004541,1
8835.00000000,0.00000000,0.00002019,1
8835.83333333,0.00000000,0.00009517,1
8836.12500000,0.00000000,0.00003374,1
8836.52500000,0.00000000,0.00013132,1
8836.74166667,0.00000000,0.00008552,1
8837.89166667,0.00003376,0.00002380,4
8839.37500000,0.00005730,0.00000000,0
8840.00000000,0.00024540,0.00038859,6
8840.49166667,0.00014175,0.00006831,3
8841.17500000,0.00000000,0.00002029,1
8842.18333333,0.00000000,0.00008494,1
8842.73333333,0.00005097,0.00000000,0
8843.12500000,0.00000000,0.00003403,1
8844.59166667,0.00007933,0.00000000,0
8845.00000000,0.00017664,0.00018154,5
8847.77500000,0.00000000,0.00004778,1
8848.35833333,0.00022179,0.00000000,0
8850.00000000,0.00062028,0.00024678,2
8850.14166667,0.00004212,0.00000000,0
8851.29166667,0.00008164,0.00004553,3
8851.54166667,0.00003915,0.00002252,3
8853.40000000,0.00006888,0.00008602,6
8854.46666667,0.00005214,0.00008209,6
8854.47500000,0.00005067,0.00008237,6
8855.00833333,0.00000000,0.00002930,1
8856.69166667,0.00007370,0.00009939,6
8856.96666667,0.00004119,0.00000000,0
8857.30833333,0.00006229,0.00000000,0
8859.18333333,0.00000000,0.00003194,1
8860.00000000,0.00018645,0.00043152,8
8861.02500000,0.00000000,0.00008271,1
8862.30833333,0.00000000,0.00002069,1
8862.54166667,0.00006933,0.00010330,6
8862.82500000,0.00004553,0.00010930,8
8863.02500000,0.00000000,0.00002087,1
8865.00000000,0.00019686,0.00021427,5
8865.82500000,0.00000000,0.00003541,1
8868.35833333,0.00000000,0.00002701,1
8870.00000000,0.00061085,0.00069586,5
8875.00000000,0.00283377,0.00210425,4
8880.00000000,0.00026157,0.00051502,8
8880.59166667,0.00005257,0.00000000,0
8881.24166667,0.00081512,0.00027338,2
8881.27500000,0.00076670,0.00029795,2
8881.33333333,0.00106917,0.00025541,2
8883.86666667,0.00019838,0.00000000,0
8884.40833333,0.00012028,0.00000000,0
8884.78333333,0.00025130,0.00031522,6
8885.00000000,0.00016073,0.00011593,4
8885.70833333,0.00011548,0.00003403,2
8885.73333333,0.00013332,0.00003025,7
8886.25833333,0.00023633,0.00002598,0
8886.54166667,0.00000000,0.00007565,1
8886.71666667,0.00000000,0.00002794,1
8886.73333333,0.00000000,0.00002951,1
8886.99166667,0.00015030,0.00013608,5
8889.33333333,0.00000000,0.00002783,1
8890.00000000,0.00045900,0.00067707,6
8890.46666667,0.00004850,0.00000000,0
8892.94166667,0.00030798,0.00008507,2
8893.05833333,0.00022445,0.00007072,2
8894.58333333,0.00000000,0.00002787,1
8894.85833333,0.00006051,0.00000000,0
8894.87500000,0.00006646,0.00000000,0
8895.11666667,0.00011717,0.00002348,7
8895.13333333,0.00011275,0.00002580,2
8895.37500000,0.00005837,0.00000000,0
8896.08333333,0.00000000,0.00002009,1
8896.81666667,0.00000000,0.00003010,1
8897.12500000,0.00005106,0.00000000,0
8898.25000000,0.00000000,0.00008745,1
8898.64166667,0.00000000,0.00003989,1
8899.15833333,0.00000000,0.00020870,1
8900.00000000,0.00094551,0.00145491,6
8900.26666667,0.00000000,0.00006232,1
8900.61666667,0.00005717,0.00000000,0
8900.63333333,0.00005321,0.00000000,0
8902.20833333,0.00000000,0.00002172,1
8904.36666667,0.00000000,0.00007845,1
8905.00000000,0.00008077,0.00010591,6
8905.49166667,0.00000000,0.00009316,1
8906.67500000,0.00003373,0.00000000,0
8907.73333333,0.00000000,0.00009956,1
8907.88333333,0.00000000,0.00009205,1
8908.72500000,0.00027393,0.00008335,2
8908.73333333,0.00026393,0.00008942,2
8908.84166667,0.00028384,0.00007276,2
8909.82500000,0.00007106,0.00000000,0
8910.00000000,0.00050683,0.00065145,6
8911.13333333,0.00000000,0.00002064,1
8911.21666667,0.00000000,0.00002051,1
8911.82500000,0.00004233,0.00002092,3
8912.86666667,0.00000000,0.00004305,1
8913.10833333,0.00000000,0.00002438,1
8914.12500000,0.00000000,0.00002760,1
8916.32500000,0.00000000,0.00004192,1
8920.00000000,0.00039388,0.00064225,6
8920.37500000,0.00000000,0.00003647,1
8922.91666667,0.00000000,0.00003500,1
8925.00000000,0.00018396,0.00031386,13
8925.27500000,0.00000000,0.00010741,1
8925.90833333,0.00000000,0.00009556,1
8926.40000000,0.00000000,0.00002260,1
8927.42500000,0.00000000,0.00020742,1
8929.78333333,0.00000000,0.00004710,1
8930.00000000,0.00051706,0.00052015,5
8930.31666667,0.00010730,0.00004267,2
8930.96666667,0.00154546,0.00050986,2
8931.55833333,0.00015304,0.00010790,4
8931.59166667,0.00011327,0.00012751,5
8931.64166667,0.00007872,0.00007867,5
8932.83333333,0.00005170,0.00000000,0
8933.17500000,0.00000000,0.00013463,1
8936.97500000,0.00047219,0.00073988,6
8939.86666667,0.00000000,0.00003054,1
8940.00000000,0.00051559,0.00064678,6
8941.00000000,0.00000000,0.00002687,1
8943.59166667,0.00000000,0.00002565,1
8945.00000000,0.00022039,0.00021674,5
8945.85000000,0.00000000,0.00002640,1
8946.82500000,0.00003622,0.00000000,0
8950.00000000,0.00090279,0.00063269,4
8950.25000000,0.00000000,0.00075901,1
8950.55000000,0.00040575,0.00010026,2
8952.23333333,0.00000000,0.00007033,1
8952.50000000,0.00000000,0.00003527,1
8952.75000000,0.00000000,0.00007067,1
8952.90833333,0.00000000,0.00003407,1
8953.76666667,0.00004621,0.00002267,3
8953.80833333,0.00006154,0.00000000,0
8954.13333333,0.00000000,0.00002621,1
8954.70000000,0.00000000,0.00002231,1
8954.99166667,0.00003519,0.00002751,4
8957.08333333,0.00010061,0.00000000,0
8957.76666667,0.00000000,0.00002180,1
8958.65000000,0.00000000,0.00005112,1
8959.32500000,0.00000000,0.00003487,1
8960.00000000,0.00064552,0.00064263,5
8960.20833333,0.00000000,0.00042198,1
8964.88333333,0.00000000,0.00007395,1
8965.00833333,0.00005921,0.00007153,5
8965.67500000,0.00000000,0.00002445,1
8965.89166667,0.00000000,0.00004704,1
8968.06666667,0.00000000,0.00005241,1
8970.00000000,0.00030318,0.00023614,4
8971.20000000,0.00000000,0.00002444,1
8974.32500000,0.00029658,0.00007640,2
8974.33333333,0.00029776,0.00007637,2
8974.99166667,0.00011738,0.00004636,2
8976.05833333,0.00007253,0.00000000,0
8977.27500000,0.00018082,0.00007506,3
8977.60000000,0.00000000,0.00002324,1
8977.82500000,0.00000000,0.00006209,1
8979.80000000,0.00012370,0.00003577,2
8980.00000000,0.00073647,0.00070112,5
8980.18333333,0.00044205,0.00002882,0
8980.94166667,0.00004410,0.00000000,0
8982.45833333,0.00025088,0.00004859,7
8983.09166667,0.00010732,0.00002035,7
8984.07500000,0.00000000,0.00002399,1
8984.37500000,0.00045945,0.00045149,5
8985.00000000,0.00005876,0.00006940,5
8986.15000000,0.00000000,0.00002911,1
8987.08333333,0.00000000,0.00005989,1
8987.53333333,0.00000000,0.00003213,1
8988.32500000,0.00000000,0.00003293,1
8990.00000000,0.00035549,0.00013570,2
8990.87500000,0.00009198,0.00000000,0
8992.80833333,0.00006112,0.00000000,0
8993.43333333,0.00006640,0.00000000,0
8993.64166667,0.00260293,0.00112866,3
8993.75833333,0.00037040,0.00013129,2
8994.30000000,0.00009387,0.00000000,0
8995.00000000,0.00000000,0.00002390,1
8996.98333333,0.00000000,0.00002623,1
8997.20000000,0.00000000,0.00002968,1
8998.46666667,0.00000000,0.00003324,1
8999.40000000,0.00003627,0.00000000,0
9000.00000000,0.00816835,0.01154911,6
9000.30833333,0.00006130,0.00000000,0
9000.33333333,0.00005735,0.00000000,0
9000.50000000,0.00004729,0.00000000,0
9000.80000000,0.00367845,0.00015557,0
9001.38333333,0.00058962,0.00018247,2
9001.56666667,0.00024473,0.00000000,0
9001.60833333,0.00017499,0.00002186,0
9002.90833333,0.00004010,0.00000000,0
9003.69166667,0.00008455,0.00000000,0
9004.12500000,0.00009039,0.00000000,0
9004.37500000,0.02448816,0.00485630,7
9005.00000000,0.00013060,0.00012353,5
9005.36666667,0.00007994,0.00009335,5
9005.37500000,0.00007807,0.00009428,5
9008.64166667,0.00000000,0.00002606,1
9008.71666667,0.00000000,0.00002546,1
9009.80000000,0.00005398,0.00000000,0
9010.00000000,0.00031751,0.00012282,2
9012.00833333,0.00000000,0.00003257,1
9012.10833333,0.00007707,0.00004486,3
9014.20833333,0.00004405,0.00000000,0
9015.00833333,0.00000000,0.00002508,1
9015.18333333,0.00000000,0.00012496,1
9015.45833333,0.00000000,0.00004729,1
9017.10833333,0.00006166,0.00000000,0
9017.78333333,0.00000000,0.00002666,1
9018.60833333,0.00000000,0.00002653,1
9019.80833333,0.00000000,0.00008896,1
9020.00000000,0.00070897,0.00069525,5
9020.97500000,0.00000000,0.00004564,1
9022.65000000,0.00005476,0.00002245,3
9023.80000000,0.00009162,0.00000000,0
9025.00833333,0.00019933,0.00025135,6
9025.50000000,0.00000000,0.00002065,1
9029.51666667,0.00005272,0.00000000,0
9029.67500000,0.00003880,0.00000000,0
9030.00000000,0.00032583,0.00012102,2
9030.95000000,0.00006608,0.00000000,0
9031.99166667,0.00000000,0.00003891,1
9032.41666667,0.00000000,0.00003287,1
9035.23333333,0.00000000,0.00020073,1
9036.70000000,0.00014349,0.00000000,0
9039.36666667,0.00004322,0.00000000,0
9039.59166667,0.00008667,0.00000000,0
9040.00000000,0.00066601,0.00065580,5
9042.25000000,0.00000000,0.00003794,1
9043.82500000,0.00000000,0.00004648,1
9044.85000000,0.00000000,0.00003251,1
9045.00000000,0.00018955,0.00018311,5
9049.49166667,0.00000000,0.00109303,1
9050.00000000,0.00098283,0.00052365,3
9050.40833333,0.00000000,0.00002887,1
9053.13333333,0.00000000,0.00003562,1
9053.99166667,0.00005012,0.00000000,0
9055.00000000,0.00000000,0.00003637,1
9055.59166667,0.00024378,0.00007610,2
9055.92500000,0.00037925,0.00011070,2
9055.93333333,0.00037094,0.00010935,2
9057.25833333,0.00000000,0.00002848,1
9058.71666667,0.00000000,0.00002588,1
9060.00000000,0.00069442,0.00061684,5
9060.67500000,0.00049781,0.00016400,2
9060.78333333,0.00049632,0.00015902,2
9062.19166667,0.00000000,0.00006074,1
9065.00000000,0.00000000,0.00003872,1
9065.03333333,0.00003950,0.00002981,4
9066.13333333,0.00005097,0.00000000,0
9066.79166667,0.00004099,0.00000000,0
9070.00000000,0.00042986,0.00012414,2
9075.00000000,0.00014890,0.00007086,3
9076.13333333,0.00021301,0.00010421,3
9077.12500000,0.00021437,0.00047347,8
9077.32500000,0.00022044,0.00014794,4
9077.50833333,0.00038312,0.00099934,8
9077.53333333,0.00034884,0.00114665,9
9078.20833333,0.00000000,0.00010095,1
9080.00000000,0.00080966,0.00073297,5
9082.02500000,0.00003654,0.00004856,6
9082.03333333,0.00003631,0.00004913,6
9085.00000000,0.00017411,0.00016587,5
9086.10833333,0.00010590,0.00002355,7
9086.13333333,0.00007393,0.00002701,2
9086.21666667,0.00011818,0.00000000,0
9088.56666667,0.00004347,0.00000000,0
9090.00000000,0.00032761,0.00020976,4
9091.38333333,0.00395301,0.00145885,2
9091.46666667,0.00165537,0.00121558,4
9091.48333333,0.00183360,0.00117120,4
9091.74166667,0.00000000,0.00002139,1
9093.42500000,0.00000000,0.00002892,1
9095.00000000,0.00004065,0.00005557,6
9095.26666667,0.00003863,0.00000000,0
9095.91666667,0.00000000,0.00015287,1
9096.25000000,0.00000000,0.00002718,1
9096.67500000,0.00000000,0.00002958,1
9097.11666667,0.00043339,0.00014933,2
9097.13333333,0.00044914,0.00013920,2
9097.21666667,0.00014974,0.00006001,2
9099.11666667,0.00014152,0.00003645,2
9100.00000000,0.00021778,0.00150059,12
9100.29166667,0.00006344,0.00000000,0
9101.70000000,0.00007681,0.00000000,0
9105.00000000,0.00030029,0.00028257,5
9105.46666667,0.00026055,0.00000000,0
9105.71666667,0.00024430,0.00002742,0
9108.26666667,0.00000000,0.00111450,1
9108.27500000,0.00000000,0.00110911,1
9109.07500000,0.00000000,0.00002407,1
9109.55000000,0.00006288,0.00000000,0
9110.00000000,0.00046288,0.00016825,2
9110.97500000,0.00000000,0.00002062,1
9112.04166667,0.00000000,0.00169277,1
9112.50833333,0.01316203,0.00631755,3
9113.20833333,0.00003521,0.00000000,0
9113.95000000,0.00000000,0.00004974,1
9114.20833333,0.00034823,0.00000000,0
9114.57500000,0.00054082,0.00047476,5
9119.81666667,0.00000000,0.00002350,1
9120.00000000,0.00098372,0.00079206,4
9120.42500000,0.00000000,0.00004759,1
9120.44166667,0.00000000,0.00005093,1
9122.75833333,0.00003657,0.00004486,6
9122.78333333,0.00003951,0.00003818,5
9124.16666667,0.00000000,0.00073692,1
9125.00000000,0.00034322,0.00024690,4
9125.23333333,0.00003753,0.00000000,0
9125.85833333,0.00000000,0.00005460,1
9127.19166667,0.00000000,0.00002253,1
9127.78333333,0.00216515,0.00019335,0
9130.00000000,0.00038147,0.00013823,2
9133.99166667,0.00004225,0.00000000,0
9135.00000000,0.00007549,0.00010858,6
9136.70000000,0.00005467,0.00003864,4
9136.76666667,0.00012974,0.00010014,4
9136.78333333,0.00012178,0.00010304,4
9137.02500000,0.00004815,0.00004816,5
9137.04166667,0.00004406,0.00005118,5
9137.40833333,0.00000000,0.00003556,1
9139.41666667,0.00010847,0.00004784,3
9139.44166667,0.00010633,0.00004307,2
9139.79166667,0.00013465,0.00005190,2
9140.00000000,0.00100724,0.00090091,5
9143.55833333,0.00000000,0.00015101,1
9145.00000000,0.00009614,0.00012159,6
9145.87500000,0.00000000,0.00002647,1
9147.60000000,0.00004913,0.00000000,0
9147.86666667,0.00000000,0.00002093,1
9149.28333333,0.00005826,0.00000000,0
9149.70833333,0.00000000,0.00002888,1
9150.00000000,0.00069950,0.00050019,4
9151.15000000,0.00003897,0.00003697,5
9155.00000000,0.00013528,0.00012355,5
9155.27500000,0.00000000,0.00002136,1
9160.00000000,0.00083382,0.00089791,5
9160.35000000,0.00003657,0.00000000,0
9160.38333333,0.00000000,0.00001986,1
9163.99166667,0.00000000,0.00003256,1
9165.00000000,0.00023614,0.00021561,5
9167.96666667,0.00006642,0.00000000,0
9170.00000000,0.00035422,0.00008966,2
9175.00000000,0.00006170,0.00024151,9
9177.90000000,0.00000000,0.00005014,1
9179.68333333,0.00035899,0.00037366,5
9180.00000000,0.00092131,0.00086620,5
9182.35833333,0.00000000,0.00002032,1
9183.50000000,0.00003875,0.00003474,5
9183.56666667,0.00000000,0.00007262,1
9184.03333333,0.00005682,0.00000000,0
9184.83333333,0.00010216,0.00000000,0
9185.00000000,0.00019855,0.00020566,5
9187.20833333,0.00007077,0.00003565,3
9187.46666667,0.00000000,0.00002281,1
9187.85833333,0.00000000,0.00010321,1
9187.88333333,0.00000000,0.00011350,1
9190.00000000,0.00028618,0.00006948,2
9190.80833333,0.00000000,0.00033402,1
9191.12500000,0.00000000,0.00002656,1
9193.40833333,0.00003409,0.00000000,0
9195.95833333,0.00003393,0.00000000,0
9196.85000000,0.00012474,0.00000000,0
9198.55000000,0.00000000,0.00010360,1
9199.15833333,0.00003428,0.00000000,0
9200.00000000,0.00098427,0.00092703,5
9200.83333333,0.00008280,0.00010999,6
9200.87500000,0.00006532,0.00013837,8
9205.00000000,0.00014061,0.00013659,5
9205.64166667,0.00000000,0.00008102,1
9205.94166667,0.00061443,0.00013478,7
9206.18333333,0.00000000,0.00005750,1
9206.46666667,0.00006297,0.00000000,0
9207.09166667,0.00006498,0.00000000,0
9207.48333333,0.00010393,0.00000000,0
9210.00000000,0.00015040,0.00009919,4
9213.85833333,0.00000000,0.00002663,1
9215.00000000,0.00000000,0.00002185,1
9215.30833333,0.00000000,0.00002300,1
9217.71666667,0.00000000,0.00002924,1
9218.55000000,0.00032613,0.00000000,0
9219.68333333,0.00000000,0.00007605,1
9220.00000000,0.00070203,0.00056775,4
9220.36666667,0.00003370,0.00000000,0
9220.55000000,0.00014568,0.00000000,0
9221.05000000,0.00006786,0.00000000,0
9221.31666667,0.00007776,0.00000000,0
9225.00000000,0.00024545,0.00028513,5
9225.54166667,0.00014174,0.00003484,2
9225.82500000,0.00000000,0.00171516,1
9225.83333333,0.00000000,0.00170749,1
9226.20833333,0.00000000,0.00006954,1
9226.32500000,0.00000000,0.00017529,1
9226.33333333,0.00000000,0.00017268,1
9227.30000000,0.00006548,0.00000000,0
9228.26666667,0.00019841,0.00027510,6
9228.42500000,0.00004563,0.00000000,0
9228.53333333,0.00003888,0.00000000,0
9230.00000000,0.00026510,0.00009492,2
9238.15000000,0.00003416,0.00000000,0
9240.00000000,0.00062989,0.00057300,5
9241.76666667,0.00007866,0.00000000,0
9243.86666667,0.00014084,0.00000000,0
9244.47500000,0.00005872,0.00000000,0
9244.64166667,0.00036834,0.00015350,3
9245.00000000,0.00005884,0.00005295,5
9245.71666667,0.00008860,0.00008134,5
9245.75000000,0.00009322,0.00009119,5
9246.79166667,0.00077636,0.00050744,4
9250.00000000,0.00032741,0.00057620,8
9251.85833333,0.00003955,0.00000000,0
9252.93333333,0.00000000,0.00003112,1
9254.71666667,0.00005978,0.00004020,4
9254.77500000,0.00004416,0.00006273,6
9257.75000000,0.00004623,0.00006251,6
9257.77500000,0.00005653,0.00006220,5
9258.53333333,0.00000000,0.00016766,1
9259.81666667,0.00000000,0.00002743,1
9260.00000000,0.00057942,0.00037719,4
9260.97500000,0.00008184,0.00009026,5
9261.10833333,0.00035830,0.00041289,5
9261.42500000,0.00044979,0.00090834,8
9264.99166667,0.00008621,0.00006992,4
9266.35000000,0.00000000,0.00006964,1
9270.00000000,0.00015444,0.00009264,3
9270.26666667,0.00000000,0.00001985,1
9272.38333333,0.00015520,0.00012283,4
9272.48333333,0.00007282,0.00008200,5
9272.72500000,0.00008855,0.00005709,4
9272.75833333,0.00005897,0.00006886,5
9272.81666667,0.00000000,0.00004531,1
9275.00000000,0.00016255,0.00003891,2
9277.22500000,0.00041579,0.00014972,2
9277.35000000,0.00003950,0.00003651,5
9278.27500000,0.00000000,0.00002501,1
9280.00833333,0.00031388,0.00046880,6
9280.32500000,0.00010682,0.00010755,5
9280.33333333,0.00010613,0.00010842,5
9282.55833333,0.00000000,0.00003097,1
9284.99166667,0.00005992,0.00005299,5
9285.47500000,0.00130058,0.00014117,0
9286.48333333,0.00013241,0.00000000,0
9289.78333333,0.00013422,0.00003115,2
9290.00000000,0.00021625,0.00010477,3
9292.31666667,0.00012121,0.00000000,0
9295.10000000,0.00007310,0.00000000,0
9295.15833333,0.00004645,0.00017489,9
9295.30000000,0.00000000,0.00208391,1
9296.79166667,0.00000000,0.00024898,1
9298.05000000,0.00012413,0.00000000,0
9299.23333333,0.00005006,0.00000000,0
9300.00000000,0.00080189,0.00089802,5
9303.70000000,0.00000000,0.00002299,1
9304.04166667,0.00000000,0.00002989,1
9305.00833333,0.00004709,0.00004484,5
9305.42500000,0.00000000,0.00007470,1
9307.45833333,0.00000000,0.00002182,1
9310.00000000,0.00014662,0.00012316,4
9312.10000000,0.00000000,0.00003522,1
9312.41666667,0.00000000,0.00004780,1
9314.62500000,0.00000000,0.00002779,1
9314.64166667,0.00000000,0.00002677,1
9316.21666667,0.00016449,0.00000000,0
9316.24166667,0.00014825,0.00000000,0
9316.45000000,0.00000000,0.00006879,1
9318.71666667,0.00004097,0.00000000,0
9320.00000000,0.00032832,0.00019253,3
9321.29166667,0.00021986,0.00004572,7
9321.97500000,0.00003845,0.00000000,0
9324.20000000,0.00082914,0.00018184,7
9325.00000000,0.00012706,0.00016459,6
9325.47500000,0.00028079,0.00000000,0
9326.05000000,0.00008667,0.00003511,-1
9326.16666667,0.00000000,0.00003379,1
9327.07500000,0.00012083,0.00005430,3
9327.32500000,0.00006833,0.00000000,0
9327.38333333,0.00011796,0.00000000,0
9330.00000000,0.00016052,0.00010933,4
9331.01666667,0.00046776,0.00008046,7
9333.16666667,0.00004737,0.00000000,0
9337.34166667,0.00000000,0.00002412,1
9337.89166667,0.00007110,0.00000000,0
9340.00000000,0.00028592,0.00016771,3
9345.26666667,0.00000000,0.00003491,1
9345.42500000,0.00000000,0.00011851,1
9346.76666667,0.00008180,0.00004895,3
9346.77500000,0.00008330,0.00004912,3
9347.51666667,0.00000000,0.00015191,1
9349.45833333,0.00008143,0.00000000,0
9349.81666667,0.00006601,0.00000000,0
9350.00000000,0.00030057,0.00026506,5
9350.61666667,0.00003641,0.00002267,4
9353.70833333,0.00004167,0.00000000,0
9355.65833333,0.00226885,0.00144780,4
9355.68333333,0.00232306,0.00136967,3
9356.11666667,0.00008917,0.00000000,0
9357.43333333,0.00000000,0.00002453,1
9359.50833333,0.00014005,0.00000000,0
9360.00000000,0.00026737,0.00024769,5
9364.23333333,0.00004965,0.00000000,0
9364.52500000,0.00005772,0.00000000,0
9365.07500000,0.00006238,0.00000000,0
9365.32500000,0.00000000,0.00044620,1
9365.46666667,0.00000000,0.01570103,1
9365.47500000,0.00000000,0.01570818,1
9366.76666667,0.00027623,0.00003030,0
9366.79166667,0.00025633,0.00002858,0
9367.56666667,0.00003864,0.00000000,0
9368.46666667,0.00017846,0.00000000,0
9370.00000000,0.00008649,0.00009774,5
9370.75000000,0.00007178,0.00000000,0
9372.10000000,0.00003608,0.00000000,0
9373.37500000,0.00006895,0.00000000,0
9374.50833333,0.00000000,0.00002248,1
9374.60000000,0.00003733,0.00002959,4
9374.65000000,0.00000000,0.00003018,1
9374.69166667,0.00004925,0.00003245,4
9374.73333333,0.00004556,0.00004913,5
9374.80833333,0.00005783,0.00007885,6
9374.84166667,0.00008915,0.00017228,8
9375.00000000,0.28494868,0.28384696,5
9375.15833333,0.00017208,0.00015512,5
9375.19166667,0.00005497,0.00008184,6
9375.26666667,0.00000000,0.00005344,1
9375.35000000,0.00000000,0.00004429,1
9375.45000000,0.00000000,0.00002616,1
9375.54166667,0.00000000,0.00002061,1
9379.98333333,0.00037166,0.00045892,6
9384.53333333,0.00000000,0.00019432,1
9388.20833333,0.00000000,0.00008874,1
9390.00000000,0.00013743,0.00000000,0
9392.04166667,0.00000000,0.00004142,1
9394.32500000,0.00041749,0.00043323,5
9394.34166667,0.00040790,0.00044815,5
9395.37500000,0.00009426,0.00002719,2
9399.45833333,0.00000000,0.00002580,1
9399.47500000,0.00000000,0.00002618,1
9400.00000000,0.00079838,0.00085662,5
9403.55000000,0.00004930,0.00000000,0
9404.75833333,0.00005113,0.00000000,0
9410.00000000,0.00028564,0.00000000,0
9415.12500000,0.00000000,0.00013357,1
9418.26666667,0.00015363,0.00003675,2
9420.00000000,0.00030346,0.00018444,10
9420.26666667,0.00022256,0.00008370,2
9420.91666667,0.00033661,0.00006890,7
9421.61666667,0.00003333,0.00000000,0
9424.75833333,0.00003592,0.00000000,0
9424.85833333,0.00000000,0.00002877,1
9425.00000000,0.00003525,0.00008713,8
9426.57500000,0.00000000,0.00020031,1
9426.96666667,0.00008140,0.00003266,2
9426.98333333,0.00008337,0.00003764,3
9427.05833333,0.00003350,0.00005761,13
9428.36666667,0.00000000,0.00004409,1
9428.97500000,0.00000000,0.00002375,1
9430.00000000,0.00031132,0.00004131,0
9434.07500000,0.00004401,0.00000000,0
9435.03333333,0.00000000,0.00002781,1
9440.00000000,0.00034510,0.00014556,3
9445.00000000,0.00000000,0.00003158,1
9445.30833333,0.00004756,0.00000000,0
9450.00000000,0.00059571,0.00036818,4
9453.52500000,0.00007802,0.00000000,0
9455.98333333,0.00004421,0.00000000,0
9457.66666667,0.00011077,0.00000000,0
9457.67500000,0.00011201,0.00002076,7
9460.00000000,0.00034859,0.00013049,2
9460.21666667,0.00017393,0.00004573,2
9460.91666667,0.00027055,0.00029703,5
9461.79166667,0.00008427,0.00000000,0
9466.54166667,0.00000000,0.00007078,1
9469.66666667,0.01476176,0.00693517,3
9470.00000000,0.00039053,0.00024306,4
9472.22500000,0.00018223,0.00002977,7
9475.00000000,0.00019989,0.00012509,4
9475.11666667,0.00007581,0.00000000,0
9475.77500000,0.00055697,0.00026069,3
9479.03333333,0.00019724,0.00007305,2
9479.15000000,0.00016094,0.00006432,2
9480.00000000,0.00031382,0.00018421,3
9481.15833333,0.00000000,0.00007088,1
9483.11666667,0.00003408,0.00000000,0
9484.03333333,0.00004358,0.00004373,5
9484.08333333,0.00000000,0.00006618,1
9484.76666667,0.00009533,0.00002919,2
9484.77500000,0.00009556,0.00002889,2
9485.00000000,0.00005125,0.00005010,5
9487.87500000,0.00000000,0.00004362,1
9488.86666667,0.00249409,0.00144176,3
9488.91666667,0.00287263,0.00176622,10
9488.95833333,0.00243681,0.00126379,3
9490.00000000,0.00053963,0.00035180,4
9490.20000000,0.00000000,0.00004456,1
9491.27500000,0.00000000,0.00005331,1
9492.20833333,0.00011254,0.00010144,5
9493.16666667,0.00000000,0.00002404,1
9495.20000000,0.00042882,0.00019644,3
9495.28333333,0.00034798,0.00015568,3
9495.64166667,0.00007602,0.00002138,2
9497.20000000,0.00014725,0.00009814,4
9498.00833333,0.00008947,0.00000000,0
9499.55833333,0.00004197,0.00000000,0
9500.00000000,0.00016778,0.00059768,9
9500.23333333,0.00004103,0.00002888,4
9500.27500000,0.00000000,0.00004507,1
9501.25000000,0.00000000,0.00002618,1
9504.23333333,0.00060248,0.00029001,3
9504.30833333,0.00045049,0.00022330,3
9505.00000000,0.00007805,0.00008758,5
9505.75833333,0.00000000,0.00002918,1
9505.88333333,0.00000000,0.00042930,1
9508.15833333,0.00000000,0.00002387,1
9508.25000000,0.00006684,0.00000000,0
9510.00000000,0.00046133,0.00036998,4
9513.81666667,0.00011331,0.00002882,2
9513.83333333,0.00011744,0.00002967,2
9518.15833333,0.00019593,0.00000000,0
9520.00000000,0.00033081,0.00018252,3
9521.48333333,0.00007574,0.00002843,2
9525.00000000,0.00007843,0.00010899,6
9527.40833333,0.00009705,0.00000000,0
9529.64166667,0.00004102,0.00000000,0
9530.00000000,0.00054016,0.00037665,4
9530.65000000,0.00004741,0.00000000,0
9531.06666667,0.00004182,0.00000000,0
9531.11666667,0.00004969,0.00000000,0
9531.15833333,0.00006921,0.00000000,0
9531.24166667,0.00000000,0.00003035,1
9536.12500000,0.00005655,0.00004084,4
9536.13333333,0.00005727,0.00004095,4
9537.13333333,0.00008732,0.00000000,0
9538.12500000,0.00007217,0.00005740,4
9538.13333333,0.00007397,0.00005773,4
9538.95833333,0.00004251,0.00000000,0
9540.00000000,0.00026092,0.00018342,4
9540.95000000,0.00018274,0.00000000,0
9542.50833333,0.00000000,0.00014025,1
9542.88333333,0.00005936,0.00000000,0
9544.35000000,0.00000000,0.00003343,1
9545.00000000,0.00013838,0.00009482,4
9549.77500000,0.00000000,0.00062430,1
9550.00000000,0.00117454,0.00077666,4
9550.78333333,0.00000000,0.00003009,1
9554.08333333,0.00003309,0.00000000,0
9554.19166667,0.00000000,0.00004909,1
9555.30000000,0.00000000,0.00016485,1
9555.77500000,0.00000000,0.00009118,1
9559.19166667,0.00000000,0.02788587,1
9560.00000000,0.00025032,0.00021380,4
9560.56666667,0.00000000,0.00002642,1
9561.11666667,0.00000000,0.00003701,1
9561.13333333,0.00000000,0.00003626,1
9562.19166667,0.00005153,0.00000000,0
9565.00000000,0.00022906,0.00018180,4
9565.45833333,0.00039669,0.00024797,4
9568.56666667,0.00003918,0.00000000,0
9570.00000000,0.00057562,0.00043535,4
9570.32500000,0.00045873,0.00033127,4
9570.43333333,0.00017375,0.00003562,7
9571.69166667,0.00000000,0.00009981,1
9572.10000000,0.00000000,0.00306498,1
9573.34166667,0.00000000,0.00003543,1
9575.00000000,0.00035324,0.00042548,5
9575.26666667,0.00019910,0.00008653,3
9575.27500000,0.00020320,0.00008642,3
9580.00000000,0.00027712,0.00014682,3
9581.40833333,0.00000000,0.00004468,1
9583.06666667,0.00000000,0.00012145,1
9585.00000000,0.00018562,0.00013936,4
9585.35833333,0.00003642,0.00000000,0
9585.75833333,0.00006485,0.00000000,0
9585.89166667,0.00016070,0.00000000,0
9589.32500000,0.00000000,0.00003335,1
9589.33333333,0.00000000,0.00003308,1
9590.00000000,0.00070899,0.00046497,4
9594.72500000,0.00000000,0.00002983,1
9594.73333333,0.00000000,0.00002945,1
9595.00000000,0.00012147,0.00010683,5
9598.55833333,0.00000000,0.00004622,1
9600.00000000,0.00158225,0.00078038,3
9601.29166667,0.00000000,0.00027820,1
9601.79166667,0.00000000,0.00008813,1
9605.00000000,0.00010492,0.00008528,4
9608.15833333,0.00000000,0.00038566,1
9608.31666667,0.00006963,0.00000000,0
9609.37500000,0.00004329,0.00004855,5
9610.00000000,0.00078080,0.00040839,3
9611.82500000,0.00009313,0.00010397,5
9614.43333333,0.00009062,0.00000000,0
9615.00000000,0.00007495,0.00008234,5
9618.37500000,0.00000000,0.00026976,1
9618.56666667,0.00003442,0.00000000,0
9618.65833333,0.00003761,0.00000000,0
9619.14166667,0.00005123,0.00007025,6
9619.60833333,0.00005247,0.00000000,0
9620.00000000,0.00025825,0.00013226,3
9620.90833333,0.00006284,0.00000000,0
9621.30833333,0.00004537,0.00000000,0
9624.98333333,0.00043249,0.00122061,9
9625.11666667,0.00000000,0.00016525,1
9625.72500000,0.00000000,0.00002157,1
9625.73333333,0.00000000,0.00002185,1
9626.51666667,0.00000000,0.00002554,1
9626.53333333,0.00000000,0.00002605,1
9626.89166667,0.00011257,0.00007575,4
9629.55833333,0.01599529,0.00762318,3
9630.00000000,0.00056209,0.00041835,4
9632.02500000,0.00000000,0.00011746,1
9635.00000000,0.00004598,0.00004816,5
9635.40000000,0.00199324,0.00126105,4
9635.43333333,0.00211438,0.00113785,3
9635.81666667,0.00005686,0.00000000,0
9637.49166667,0.00000000,0.00008420,1
9640.00000000,0.00018473,0.00011727,4
9643.07500000,0.00000000,0.00002691,1
9643.25833333,0.00003314,0.00012593,9
9643.55000000,0.00000000,0.00002851,1
9645.00000000,0.00024041,0.00016593,4
9645.98333333,0.00000000,0.00010124,1
9650.00000000,0.00080801,0.00067731,4
9653.22500000,0.00009367,0.00006930,4
9653.24166667,0.00009788,0.00006823,4
9654.60833333,0.00003569,0.00000000,0
9654.72500000,0.00004000,0.00002512,4
9654.75000000,0.00006040,0.00002834,3
9655.00000000,0.00009589,0.00006238,4
9660.00000000,0.00022019,0.00012620,3
9665.00000000,0.00010611,0.00007213,4
9667.96666667,0.00000000,0.00002459,1
9667.97500000,0.00000000,0.00002399,1
9669.88333333,0.00004705,0.00000000,0
9670.00000000,0.00053859,0.00032035,3
9671.37500000,0.00000000,0.00002065,1
9675.00000000,0.00012445,0.00017227,6
9677.11666667,0.00013702,0.00000000,0
9678.85833333,0.00000000,0.00003707,1
9679.95833333,0.00014105,0.00053057,9
9680.00000000,0.00021458,0.00049147,8
9684.99166667,0.00003623,0.00003446,5
9689.21666667,0.00026004,0.00007295,2
9689.31666667,0.00016032,0.00008980,3
9689.33333333,0.00017186,0.00007439,3
9690.02500000,0.00018056,0.00065614,9
9692.35833333,0.00000000,0.00002275,1
9692.83333333,0.00000000,0.00094169,1
9695.00000000,0.00003794,0.00002370,4
9695.58333333,0.00000000,0.00002437,1
9697.24166667,0.00000000,0.00003621,1
9697.65000000,0.00005191,0.00000000,0
9700.00000000,0.00195530,0.00206759,5
9701.20000000,0.00007243,0.00000000,0
9705.00000000,0.00015838,0.00011866,4
9705.72500000,0.00003467,0.00000000,0
9709.43333333,0.00013924,0.00008553,10
9709.65833333,0.00030757,0.00008211,2
9709.70000000,0.00017236,0.00010792,4
9709.76666667,0.00008328,0.00004597,3
9710.00000000,0.00057133,0.00032956,3
9716.81666667,0.00005108,0.00003163,4
9719.45000000,0.00020732,0.00053544,8
9720.00000000,0.00038504,0.00017867,3
9724.94166667,0.00006651,0.00006183,5
9724.97500000,0.00004021,0.00007780,8
9725.05000000,0.00010941,0.00005660,3
9726.60000000,0.00000000,0.00002810,1
9726.65833333,0.00003849,0.00002877,4
9728.41666667,0.00000000,0.00003657,1
9730.00000000,0.00020592,0.00022249,5
9734.51666667,0.00025825,0.00004129,0
9734.55000000,0.00015637,0.00004929,2
9734.61666667,0.00013709,0.00000000,0
9734.98333333,0.00008243,0.00005874,4
9735.09166667,0.00003690,0.00003158,4
9736.18333333,0.00004318,0.00000000,0
9739.10833333,0.00004096,0.00000000,0
9740.00000000,0.00030959,0.00014205,3
9745.00000000,0.00008634,0.00004611,3
9745.61666667,0.00011182,0.00008661,4
9749.38333333,0.00007144,0.00000000,0
9749.70000000,0.00008679,0.00002562,2
9749.80000000,0.00000000,0.00003710,1
9750.00000000,0.00067641,0.00049274,4
9753.15000000,0.00016192,0.00003080,7
9754.49166667,0.00003564,0.00000000,0
9754.75833333,0.00008497,0.00000000,0
9754.86666667,0.00003540,0.00000000,0
9754.98333333,0.00000000,0.00004516,1
9760.00000000,0.00025906,0.00010579,3
9763.75833333,0.00000000,0.00002505,1
9764.25833333,0.00000000,0.00003207,1
9764.38333333,0.00004018,0.00000000,0
9764.91666667,0.00034535,0.00009731,2
9765.01666667,0.00008840,0.00002249,2
9765.35833333,0.00000000,0.00003217,1
9765.62500000,0.00052718,0.00032509,4
9767.05833333,0.00005751,0.00000000,0
9767.11666667,0.00000000,0.00002849,1
9770.00000000,0.00039357,0.00017561,3
9770.19166667,0.00000000,0.00002301,1
9771.05833333,0.00032801,0.00002297,0
9771.07500000,0.00034257,0.00002238,0
9773.30833333,0.00007114,0.00000000,0
9774.71666667,0.00000000,0.00002322,1
9774.73333333,0.00000000,0.00002222,1
9775.01666667,0.00090476,0.00029824,2
9780.00000000,0.00029183,0.00019839,4
9780.32500000,0.00005488,0.00000000,0
9780.50000000,0.00000000,0.00002350,1
9781.58333333,0.00000000,0.00021598,1
9781.91666667,0.00263098,0.00580476,8
9781.94166667,0.00230060,0.00622187,9
9782.03333333,0.00132636,0.00292045,8
9784.00000000,0.00000000,0.00004161,1
9784.84166667,0.00009755,0.00000000,0
9785.00000000,0.00010551,0.00011265,5
9787.06666667,0.00003841,0.00000000,0
9788.61666667,0.00109727,0.00082521,4
9789.32500000,0.00010637,0.00003618,2
9789.39166667,0.00005757,0.00013892,8
9790.00000000,0.00006775,0.00009941,6
9795.00000000,0.00006251,0.00005216,4
9796.03333333,0.00000000,0.00009679,1
9797.25000000,0.00000000,0.00002129,1
9800.00000000,0.00118995,0.00087199,4
9800.39166667,0.00000000,0.00003537,1
9802.35000000,0.00000000,0.00002006,1
9803.10833333,0.00006470,0.00000000,0
9803.19166667,0.00005944,0.00000000,0
9804.68333333,0.00000000,0.00002341,1
9805.00000000,0.00026999,0.00017788,4
9805.95000000,0.00005666,0.00003181,3
9810.00000000,0.00034474,0.00010465,2
9811.92500000,0.00000000,0.00004935,1
9813.05833333,0.00000000,0.00006832,1
9813.31666667,0.00000000,0.00002972,1
9814.44166667,0.00007586,0.00007690,5
9815.00000000,0.00000000,0.00005104,1
9817.55000000,0.00004208,0.00000000,0
9817.61666667,0.00000000,0.00004113,1
9817.95000000,0.00000000,0.00002515,1
9818.07500000,0.00000000,0.00002051,1
9820.00000000,0.00034810,0.00026440,4
9823.67500000,0.00000000,0.00003999,1
9825.00000000,0.00019524,0.00004047,7
9826.89166667,0.00000000,0.00003591,1
9827.20833333,0.00031653,0.00014111,3
9828.02500000,0.00000000,0.00007883,1
9829.61666667,0.00000000,0.00350050,1
9830.00000000,0.00028670,0.00010689,2
9831.95000000,0.00000000,0.00008278,1
9832.10833333,0.00004733,0.00000000,0
9833.32500000,0.00010055,0.00016652,6
9833.37500000,0.00015606,0.00011479,4
9833.65833333,0.00007529,0.00004365,3
9833.67500000,0.00006894,0.00004511,4
9834.25833333,0.00022800,0.00023691,5
9835.00000000,0.00006581,0.00005345,4
9836.36666667,0.00010780,0.00003408,2
9836.38333333,0.00011102,0.00003280,2
9837.50000000,0.00015126,0.00002761,7
9838.88333333,0.00003623,0.00000000,0
9838.99166667,0.00003682,0.00000000,0
9840.00000000,0.00051084,0.00030461,3
9840.55833333,0.00015374,0.00009009,3
9841.15833333,0.00007784,0.00000000,0
9841.17500000,0.00008452,0.00002099,2
9841.26666667,0.00006165,0.00003152,3
9841.27500000,0.00006117,0.00002970,3
9843.73333333,0.00007784,0.00000000,0
9844.22500000,0.00022022,0.00003337,0
9844.23333333,0.00022246,0.00003443,0
9845.00000000,0.00016638,0.00011664,4
9845.73333333,0.00000000,0.00004996,1
9847.77500000,0.00012576,0.00006718,3
9849.37500000,0.00010349,0.00000000,0
9850.00000000,0.00143872,0.00120837,4
9850.70000000,0.00003519,0.00016249,9
9850.82500000,0.00000000,0.00306625,1
9850.83333333,0.00000000,0.00306098,1
9852.15000000,0.00003943,0.00000000,0
9852.40000000,0.00000000,0.00002170,1
9853.69166667,0.00000000,0.00028623,1
9853.81666667,0.00004812,0.00002672,3
9853.85833333,0.00003572,0.00004487,6
9854.09166667,0.00000000,0.00004032,1
9855.00833333,0.00000000,0.00002203,1
9856.31666667,0.00000000,0.00003721,1
9856.95000000,0.00013589,0.00002604,7
9857.05833333,0.00010126,0.00003485,2
9857.79166667,0.00000000,0.00002397,1
9860.00000000,0.00038224,0.00031727,4
9860.54166667,0.00003488,0.00000000,0
9862.30000000,0.00000000,0.00003177,1
9863.01666667,0.00010588,0.00004515,3
9863.28333333,0.00000000,0.00003256,1
9865.00000000,0.00017412,0.00012510,4
9865.47500000,0.00022619,0.00004827,7
9866.08333333,0.00000000,0.00007037,1
9866.20833333,0.00007484,0.00010591,6
9866.24166667,0.00004210,0.00012929,9
9868.67500000,0.00037861,0.00013943,2
9868.79166667,0.00020449,0.00033859,6
9869.75833333,0.00000000,0.00005919,1
9869.77500000,0.00000000,0.00006221,1
9870.00000000,0.00030967,0.00008771,2
9870.22500000,0.00000000,0.00004231,1
9870.23333333,0.00000000,0.00004257,1
9870.76666667,0.00000000,0.00011322,1
9871.50000000,0.00012672,0.00005460,3
9871.53333333,0.00011390,0.00006234,3
9872.45833333,0.00000000,0.00003585,1
9875.00000000,0.00032103,0.00047726,6
9880.00000000,0.00062080,0.00037117,3
9883.04166667,0.00064634,0.00141450,8
9885.00000000,0.00016472,0.00012197,4
9885.35833333,0.00000000,0.00005236,1
9887.87500000,0.00008477,0.00002456,2
9888.03333333,0.00004832,0.00000000,0
9888.38333333,0.00009255,0.00000000,0
9889.27500000,0.00000000,0.00002581,1
9890.00000000,0.00025064,0.00031501,6
9891.50833333,0.00105255,0.00021246,7
9891.67500000,0.00000000,0.00006212,1
9892.26666667,0.00004092,0.00000000,0
9892.30833333,0.00003690,0.00002172,3
9892.35000000,0.00004408,0.00000000,0
9893.14166667,0.00000000,0.00004145,1
9893.30833333,0.00727889,0.01053290,6
9895.00833333,0.00000000,0.00002021,1
9895.12500000,0.00000000,0.00002526,1
9895.52500000,0.00000000,0.00003900,1
9896.60833333,0.01582072,0.00464769,2
9897.10000000,0.00000000,0.00002366,1
9898.16666667,0.00000000,0.00002317,1
9898.17500000,0.00000000,0.00002361,1
9898.40833333,0.00137380,0.00075923,3
9898.75000000,0.00004118,0.00005759,6
9900.00000000,0.00048672,0.00140398,9
9900.20833333,0.00006042,0.00002004,2
9902.75000000,0.00006443,0.00002414,2
9903.82500000,0.00000000,0.00006761,1
9905.00000000,0.00017526,0.00011982,4
9909.44166667,0.00000000,0.00008894,1
9910.00000000,0.00015967,0.00038268,8
9910.15000000,0.00000000,0.00002178,1
9910.17500000,0.00003390,0.00000000,0
9910.95833333,0.00004069,0.00000000,0
9914.09166667,0.00000000,0.00003197,1
9917.48333333,0.00000000,0.00018133,1
9919.23333333,0.00047162,0.00021725,3
9919.35000000,0.00014538,0.00008953,10
9920.00000000,0.00042877,0.00023436,3
9922.05000000,0.00000000,0.00004770,1
9924.11666667,0.00003650,0.00000000,0
9924.25000000,0.00021410,0.00003264,0
9924.28333333,0.00015673,0.00004155,2
9925.00000000,0.00014975,0.00005365,2
9929.00833333,0.00005642,0.00000000,0
9930.00000000,0.00014930,0.00038892,8
9930.90833333,0.00000000,0.00004135,1
9933.64166667,0.00000000,0.00003579,1
9934.70833333,0.00124002,0.00020824,7
9936.51666667,0.00000000,0.00002649,1
9939.05000000,0.00013634,0.00002167,0
9939.29166667,0.00013975,0.00005438,2
9939.56666667,0.00005458,0.00007801,6
9939.58333333,0.00005825,0.00007260,6
9940.00000000,0.00056498,0.00033288,3
9940.54166667,0.00000000,0.00002671,1
9941.02500000,0.00000000,0.00002594,1
9943.10833333,0.00003722,0.00000000,0
9943.19166667,0.00006694,0.00000000,0
9944.20833333,0.00017652,0.00003932,7
9945.00000000,0.00019255,0.00012224,4
9946.56666667,0.00004503,0.00000000,0
9948.23333333,0.00006005,0.00000000,0
9948.40000000,0.00000000,0.00003177,1
9948.87500000,0.00008289,0.00002280,2
9949.65000000,0.00005835,0.00000000,0
9949.76666667,0.00004147,0.00000000,0
9950.00000000,0.00064448,0.00035142,3
9951.17500000,0.00003756,0.00000000,0
9952.55000000,0.00006751,0.00003026,3
9952.68333333,0.00000000,0.00009943,1
9958.75833333,0.00000000,0.00004364,1
9960.00000000,0.00035327,0.00029229,4
9960.94166667,0.00039789,0.00029626,4
9961.44166667,0.00004407,0.00002189,3
9962.11666667,0.00010196,0.00003354,2
9962.14166667,0.00008033,0.00003779,3
9962.22500000,0.00009511,0.00002222,2
9962.40000000,0.00005028,0.00000000,0
9962.50833333,0.00005769,0.00000000,0
9962.95000000,0.00000000,0.00003801,1
9963.23333333,0.00003770,0.00000000,0
9963.91666667,0.00004650,0.00000000,0
9964.78333333,0.00004351,0.00000000,0
9965.00833333,0.00018497,0.00011906,4
9967.75000000,0.00006456,0.00003542,3
9967.77500000,0.00005696,0.00004225,4
9968.55000000,0.00000000,0.00007748,1
9968.72500000,0.00006080,0.00000000,0
9968.81666667,0.00003713,0.00000000,0
9970.00000000,0.00047017,0.00042533,5
9970.87500000,0.00007132,0.00000000,0
9974.80833333,0.00000000,0.00002567,1
9975.00000000,0.00012891,0.00006056,3
9976.82500000,0.00000000,0.00002707,1
9976.93333333,0.00003801,0.00000000,0
9977.87500000,0.00010176,0.00002454,2
9977.97500000,0.00013824,0.00000000,0
9978.20833333,0.00005155,0.00005342,5
9978.87500000,0.00000000,0.00002810,1
9978.99166667,0.00000000,0.00010341,1
9980.00000000,0.00034104,0.00029602,11
9980.18333333,0.00008706,0.00006057,4
9982.62500000,0.00013559,0.00000000,0
9982.68333333,0.00010252,0.00000000,0
9983.55833333,0.00700605,0.00274553,2
9983.57500000,0.00715342,0.00285867,2
9984.39166667,0.00000000,0.00003742,1
9984.76666667,0.00006862,0.00003435,3
9984.78333333,0.00007600,0.00003952,3
9984.85000000,0.00000000,0.00002179,1
9984.90833333,0.00009720,0.00005152,3
9984.95000000,0.00014566,0.00005654,2
9985.02500000,0.00012701,0.00009542,4
9985.05833333,0.00006316,0.00002374,2
9985.10000000,0.00003850,0.00003800,5
9985.15833333,0.00007733,0.00005582,4
9985.18333333,0.00005566,0.00005265,5
9985.43333333,0.17005444,0.20464162,5
9985.64166667,0.00018217,0.00021170,5
9985.76666667,0.00005483,0.00006504,5
9985.77500000,0.00004925,0.00006324,6
9985.85833333,0.00000000,0.00003054,1
9985.88333333,0.00000000,0.00003029,1
9985.96666667,0.00003695,0.00002181,3
9986.00833333,0.00000000,0.00002137,1
9986.05000000,0.00004086,0.00000000,0
9986.27500000,0.00003731,0.00000000,0
9988.74166667,0.00278978,0.00180286,4
9990.00000000,0.00053148,0.00046896,5
9990.88333333,0.00003350,0.00000000,0
9991.35833333,0.00043355,0.00004772,0
9991.86666667,0.00000000,0.00003937,1
9993.75000000,0.00003907,0.00000000,0
9995.61666667,0.00040069,0.00024378,10
9997.60833333,0.00000000,0.00003479,1
10000.00000000,0.00093984,0.00061370,4
10004.16666667,0.00005849,0.00000000,0
10004.75833333,0.00009255,0.00004938,3
10004.77500000,0.00008963,0.00005108,3
10005.00000000,0.00018068,0.00010080,3
10005.32500000,0.00000000,0.00004178,1
10005.46666667,0.00004155,0.00000000,0
10005.55000000,0.00005731,0.00000000,0
10006.97500000,0.00005358,0.00000000,0
10008.87500000,0.00000000,0.00003054,1
10010.00000000,0.00051758,0.00045099,11
10011.50000000,0.00000000,0.00003178,1
10015.00833333,0.00003553,0.00000000,0
10016.60000000,0.00000000,0.00002317,1
10017.28333333,0.00000000,0.00007407,1
10019.23333333,0.00003459,0.00000000,0
10020.00000000,0.00031286,0.00013329,3
10020.16666667,0.00000000,0.00004039,1
10021.53333333,0.00003731,0.00000000,0
10024.80000000,0.00046260,0.00010884,2
10024.90000000,0.00034981,0.00015815,3
10025.01666667,0.00020008,0.00004825,2
10028.39166667,0.00004203,0.00000000,0
10028.68333333,0.00016437,0.00005785,2
10030.00000000,0.00041403,0.00034627,4
10032.20833333,0.00005721,0.00006248,5
10035.30000000,0.00015178,0.00019045,6
10037.08333333,0.00000000,0.00002562,1
10040.00000000,0.00017256,0.00019770,5
10040.99166667,0.00000000,0.00005792,1
10041.76666667,0.00249519,0.00108576,3
10042.61666667,0.00022969,0.00020342,5
10043.72500000,0.00009217,0.00052351,12
10043.98333333,0.00000000,0.00003195,1
10044.12500000,0.00014291,0.00014683,5
10044.14166667,0.00014732,0.00014364,5
10044.45000000,0.00021522,0.00026667,6
10045.01666667,0.00005441,0.00003530,4
10048.28333333,0.00003571,0.00000000,0
10048.82500000,0.00018626,0.00015564,4
10048.84166667,0.00018884,0.00015129,4
10050.00000000,0.00057239,0.00055105,5
10050.50000000,0.00000000,0.00007608,1
10053.97500000,0.00009197,0.00003068,2
10057.30000000,0.00008986,0.00007512,4
10057.36666667,0.00000000,0.00020320,1
10057.60000000,0.00007271,0.00011103,6
10057.70000000,0.00004083,0.00002073,3
10058.09166667,0.00018615,0.00004040,7
10060.00000000,0.00013344,0.00021935,6
10061.90833333,0.00005781,0.00008705,6
10061.94166667,0.00003687,0.00010356,9
10063.25833333,0.00000000,0.00003138,1
10063.40833333,0.00003841,0.00003152,4
10063.44166667,0.00004200,0.00002667,4
10064.20833333,0.00158567,0.00056026,2
10064.71666667,0.00000000,0.00002916,1
10065.00833333,0.00008184,0.00004424,3
10065.46666667,0.00060221,0.00002218,0
10065.49166667,0.00066420,0.00000000,0
10065.67500000,0.00064776,0.00026039,2
10065.78333333,0.00026488,0.00002198,0
10066.80833333,0.00004182,0.00000000,0
10068.18333333,0.00003375,0.00000000,0
10068.75833333,0.00000000,0.00003908,1
10068.77500000,0.00000000,0.00003785,1
10070.00000000,0.00055867,0.00036977,4
10070.61666667,0.00004827,0.00000000,0
10070.67500000,0.00005308,0.00000000,0
10072.54166667,0.00009164,0.00002453,2
10073.51666667,0.00003600,0.00003116,11
10073.72500000,0.00539999,0.01712843,9
10073.77500000,0.00492085,0.01133064,8
10073.92500000,0.00000000,0.00002132,1
10074.62500000,0.00040725,0.00007553,7
10074.63333333,0.00041020,0.00007413,7
10075.00000000,0.00011688,0.00014080,5
10076.10833333,0.00236198,0.00026375,0
10078.13333333,0.00003588,0.00000000,0
10079.42500000,0.00000000,0.00003406,1
10079.76666667,0.00000000,0.00004314,1
10080.00000000,0.00005465,0.00017556,9
10080.85000000,0.00000000,0.00004168,1
10083.40833333,0.00000000,0.00003022,1
10085.00000000,0.00005816,0.00002864,3
10086.82500000,0.00009037,0.00004723,3
10086.85833333,0.00007542,0.00005587,4
10088.36666667,0.00000000,0.00005159,1
10088.38333333,0.00003294,0.00005279,6
10089.65833333,0.00004214,0.00000000,0
10090.00000000,0.00055815,0.00037821,4
10090.65833333,0.00000000,0.00003299,1
10091.22500000,0.00000000,0.00003856,1
10092.78333333,0.00000000,0.00002696,1
10093.44166667,0.00000000,0.00002562,1
10093.60000000,0.00000000,0.00003079,1
10093.71666667,0.00000000,0.00006109,1
10093.80833333,0.00000000,0.00007177,1
10094.08333333,0.04289809,0.23543621,12
10094.28333333,0.00000000,0.00028033,1
10094.42500000,0.00000000,0.00005381,1
10094.49166667,0.00000000,0.00004450,1
10094.55833333,0.00000000,0.00003088,1
10094.58333333,0.00000000,0.00003784,1
10094.66666667,0.00000000,0.00003906,1
10094.75833333,0.00000000,0.00002895,1
10094.95000000,0.00000000,0.00002452,1
10095.37500000,0.00010808,0.00004761,3
10095.56666667,0.00038580,0.00072126,8
10095.57500000,0.00039003,0.00072819,8
10096.23333333,0.00000000,0.00002876,1
10096.35000000,0.00045574,0.00017237,2
10096.47500000,0.00306040,0.00142704,3
10096.65833333,0.00000000,0.00002110,1
10096.71666667,0.00003493,0.00009108,8
10096.90000000,0.00598605,0.02415978,9
10097.09166667,0.00003734,0.00007744,8
10097.15000000,0.00000000,0.00008049,1
10097.32500000,0.00000000,0.00003007,1
10097.34166667,0.00000000,0.00003266,1
10098.11666667,0.00004039,0.00010499,8
10099.21666667,0.00000000,0.00103399,1
10099.34166667,0.00004118,0.00012831,9
10099.69166667,0.00003442,0.00002610,4
10100.00000000,0.00224615,0.00074512,2
10100.60000000,0.00095828,0.00104843,5
10101.06666667,0.00003605,0.00000000,0
10101.20833333,0.00009663,0.00002502,2
10101.24166667,0.00005793,0.00006920,5
10101.41666667,0.02642773,0.01034883,2
10101.61666667,0.00000000,0.00002222,1
10101.67500000,0.00004259,0.00000000,0
10102.16666667,0.00000000,0.00003689,1
10102.17500000,0.00000000,0.00003777,1
10102.78333333,0.00000000,0.00002657,1
10107.22500000,0.00000000,0.00004231,1
10107.46666667,0.00000000,0.00002555,1
10109.01666667,0.00170210,0.00054568,2
10109.79166667,0.00004131,0.00000000,0
10110.00000000,0.00073671,0.00045200,10
10111.57500000,0.00000000,0.00042201,1
10113.38333333,0.00004925,0.00003684,4
10114.20833333,0.00000000,0.00005826,1
10118.82500000,0.00275180,0.00092720,2
10120.00000000,0.00013480,0.00014432,5
10121.42500000,0.00000000,0.00002326,1
10123.39166667,0.00000000,0.00004213,1
10123.45000000,0.00004199,0.00000000,0
10123.55833333,0.00000000,0.00003030,1
10123.79166667,0.00003998,0.00000000,0
10124.05833333,0.00003336,0.00000000,0
10124.47500000,0.00000000,0.00004637,1
10125.00000000,0.00030167,0.00012071,2
10125.77500000,0.00004354,0.00000000,0
10126.57500000,0.00005932,0.00000000,0
10128.10833333,0.00000000,0.00003471,1
10128.15833333,0.00000000,0.00004515,1
10128.19166667,0.00000000,0.00003875,1
10129.09166667,0.00008727,0.00000000,0
10130.00000000,0.00081774,0.00047716,3
10131.21666667,0.00000000,0.00004333,1
10131.84166667,0.00004333,0.00000000,0
10132.15000000,0.00003947,0.00000000,0
10136.85000000,0.00000000,0.00020610,1
10137.01666667,0.00000000,0.00615169,1
10138.51666667,0.00051560,0.00008776,7
10138.53333333,0.00053225,0.00009020,7
10138.90000000,0.00747414,0.00251463,2
10139.17500000,0.00003387,0.00000000,0
10139.73333333,0.00007831,0.00000000,0
10140.00000000,0.00004744,0.00013687,9
10140.20000000,0.00000000,0.00005010,1
10140.26666667,0.00003518,0.00002367,4
10144.31666667,0.00000000,0.00003382,1
10145.88333333,0.00006953,0.00006667,5
10146.12500000,0.00000000,0.00003525,1
10148.74166667,0.00009552,0.00000000,0
10150.00000000,0.00142673,0.00077078,3
10151.86666667,0.00003503,0.00000000,0
10153.35000000,0.00004052,0.00000000,0
10155.15000000,0.00209233,0.00212368,5
10156.25000000,0.00042312,0.00022517,3
10158.75000000,0.00005035,0.00000000,0
10159.31666667,0.00000000,0.00002651,1
10160.00000000,0.00004564,0.00013508,9
10161.66666667,0.00007316,0.00005590,4
10161.67500000,0.00007335,0.00005501,4
10162.88333333,0.00008204,0.00000000,0
10164.08333333,0.00003723,0.00000000,0
10165.83333333,0.00000000,0.00002726,1
10170.00000000,0.00101876,0.00059327,3
10172.00000000,0.00004323,0.00000000,0
10172.75000000,0.00000000,0.00002375,1
10172.95000000,0.00000000,0.00002721,1
10174.23333333,0.00000000,0.00005640,1
10175.00000000,0.00020918,0.00003614,7
10178.20833333,0.00000000,0.00004705,1
10179.31666667,0.00000000,0.00002827,1
10180.00000000,0.00025295,0.00003266,0
10180.73333333,0.00000000,0.00063209,1
10181.73333333,0.00000000,0.00002493,1
10185.01666667,0.00003279,0.00000000,0
10190.00000000,0.00106333,0.00052248,3
10191.82500000,0.00000000,0.00003867,1
10193.01666667,0.00000000,0.00011807,1
10194.65000000,0.00003337,0.00000000,0
10196.22500000,0.00007589,0.00002925,2
10196.25833333,0.00005501,0.00003717,4
10196.98333333,0.00000000,0.00004549,1
10197.05000000,0.00000000,0.00004315,1
10198.17500000,0.00000000,0.00003256,1
10198.30000000,0.00000000,0.00004878,1
10198.96666667,0.00009480,0.00032318,9
10199.06666667,0.00034103,0.00062591,8
10199.10000000,0.00024835,0.00080214,9
10199.15833333,0.00017895,0.00049815,9
10200.00000000,0.00130967,0.00081491,4
10200.37500000,0.00000000,0.00056616,1
10200.59166667,0.00000000,0.00002723,1
10200.76666667,0.00005634,0.00003471,4
10202.27500000,0.00003602,0.00000000,0
10202.38333333,0.00006001,0.00000000,0
10202.72500000,0.00000000,0.00004414,1
10203.54166667,0.00004104,0.00000000,0
10203.62500000,0.00006073,0.00000000,0
10203.86666667,0.00000000,0.00002952,1
10206.71666667,0.00005024,0.00000000,0
10208.60833333,0.00003327,0.00000000,0
10208.79166667,0.00000000,0.00003493,1
10208.85833333,0.00004211,0.00000000,0
10208.89166667,0.00000000,0.00002369,1
10208.99166667,0.00006184,0.00002104,2
10209.28333333,0.10961956,0.08987712,4
10209.49166667,0.00012597,0.00009216,4
10209.56666667,0.00000000,0.00002377,1
10209.62500000,0.00004604,0.00002918,4
10210.00000000,0.00122658,0.00058826,3
10213.79166667,0.00000000,0.00003077,1
10218.35000000,0.00000000,0.00003463,1
10219.12500000,0.00000000,0.00004124,1
10219.13333333,0.00000000,0.00004019,1
10219.71666667,0.00000000,0.00002026,1
10220.00000000,0.00014994,0.00009443,4
10221.41666667,0.00000000,0.00002966,1
10222.95833333,0.00004447,0.00000000,0
10225.00000000,0.00017761,0.00006442,2
10228.61666667,0.00006801,0.00002978,3
10228.64166667,0.00006277,0.00003199,3
10230.00000000,0.00141330,0.00065870,3
10231.42500000,0.00014978,0.00010132,4
10231.47500000,0.00003535,0.00016492,9
10231.53333333,0.00008279,0.00008294,5
10232.82500000,0.00000000,0.00033584,1
10233.25833333,0.00000000,0.00010499,1
10233.35833333,0.00000000,0.00011937,1
10234.36666667,0.00006157,0.00000000,0
10234.38333333,0.00006493,0.00000000,0
10236.62500000,0.00000000,0.00002576,1
10239.30833333,0.00000000,0.00005252,1
10239.98333333,0.00012699,0.00009362,4
10241.46666667,0.00000000,0.00003201,1
10243.05000000,0.00005802,0.00000000,0
10244.99166667,0.00006945,0.00003095,3
10245.89166667,0.00004388,0.00000000,0
10250.00000000,0.00217095,0.00050961,2
10250.92500000,0.00091688,0.00021884,2
10253.99166667,0.00000000,0.00002208,1
10254.52500000,0.00003463,0.00002553,4
10254.53333333,0.00003514,0.00002505,4
10256.29166667,0.00000000,0.00006914,1
10258.35833333,0.00000000,0.00003790,1
10260.00000000,0.00011485,0.00010576,5
10264.99166667,0.00006259,0.00002500,2
10265.17500000,0.00004059,0.00000000,0
10265.95833333,0.00000000,0.00005637,1
10270.00000000,0.00170139,0.00074431,3
10270.62500000,0.00007737,0.00011192,6
10270.63333333,0.00007724,0.00011203,6
10271.46666667,0.00000000,0.00009078,1
10275.00000000,0.00012930,0.00005598,3
10276.83333333,0.00000000,0.00002759,1
10278.05000000,0.00000000,0.00007505,1
10278.21666667,0.00000000,0.00159768,1
10278.74166667,0.00000000,0.00002828,1
10278.98333333,0.00000000,0.00002116,1
10280.00000000,0.00006630,0.00016288,8
10283.96666667,0.00728074,0.00244360,2
10283.97500000,0.00729928,0.00242082,2
10284.99166667,0.00006987,0.00000000,0
10285.23333333,0.00007631,0.00000000,0
10285.33333333,0.00006035,0.00000000,0
10286.03333333,0.00003404,0.00000000,0
10290.00000000,0.00188201,0.00079898,3
10291.46666667,0.00000000,0.00003305,1
10291.95833333,0.00004242,0.00000000,0
10293.91666667,0.00000000,0.00002232,1
10294.05000000,0.00000000,0.00002012,1
10294.54166667,0.00003845,0.00000000,0
10299.30833333,0.00000000,0.00002927,1
10300.00000000,0.00158140,0.00066689,3
10301.28333333,0.00000000,0.00004433,1
10305.00000000,0.00000000,0.00002675,1
10309.07500000,0.00000000,0.00007763,1
10310.00000000,0.00198298,0.00077253,2
10312.26666667,0.00005200,0.00002309,3
10313.00833333,0.00016122,0.00005299,2
10317.95833333,0.00000000,0.00001998,1
10319.29166667,0.00000000,0.00046620,1
10319.66666667,0.00000000,0.00004546,1
10320.00000000,0.00018895,0.00011877,4
10321.23333333,0.00000000,0.00009781,1
10322.82500000,0.00013679,0.00000000,0
10323.76666667,0.00004236,0.00000000,0
10324.44166667,0.00007924,0.00000000,0
10325.00000000,0.00009599,0.00007067,4
10327.15833333,0.00000000,0.00002307,1
10328.20833333,0.00000000,0.00004697,1
10330.00000000,0.00206244,0.00074729,2
10331.79166667,0.00000000,0.00006231,1
10332.58333333,0.00000000,0.00009236,1
10333.80000000,0.00000000,0.00004315,1
10335.27500000,0.00003883,0.00000000,0
10336.17500000,0.00233553,0.00111630,3
10336.45833333,0.00008737,0.00007568,11
10336.48333333,0.00007765,0.00007878,5
10340.00000000,0.00023302,0.00013132,3
10345.00000000,0.00017474,0.00005904,2
10346.79166667,0.00000000,0.00002433,1
10347.23333333,0.00006034,0.00000000,0
10347.35833333,0.00003360,0.00000000,0
10350.00000000,0.00249171,0.00077364,2
10350.13333333,0.00000000,0.00003922,1
10350.40000000,0.00003900,0.00000000,0
10350.77500000,0.00010753,0.00000000,0
10350.90000000,0.00000000,0.00008110,1
10351.56666667,0.00012361,0.00005675,3
10353.26666667,0.00010264,0.00008360,4
10353.30000000,0.00007035,0.00009750,6
10353.39166667,0.00003676,0.00002808,4
10353.60833333,0.00007673,0.00000000,0
10354.96666667,0.00004998,0.00002868,3
10355.00833333,0.00000000,0.00004291,1
10357.99166667,0.00000000,0.00002381,1
10360.00000000,0.00029337,0.00010955,2
10365.00000000,0.00023381,0.00007589,2
10365.78333333,0.00054495,0.00043376,4
10367.25833333,0.00000000,0.00002115,1
10367.40000000,0.00000000,0.00001994,1
10367.52500000,0.00000000,0.00003956,1
10370.00000000,0.00208775,0.00066890,2
10370.26666667,0.00009501,0.00006145,4
10370.29166667,0.00010613,0.00005622,3
10373.51666667,0.00164275,0.00339833,8
10373.55833333,0.00105023,0.00428955,9
10373.58333333,0.00107289,0.00408713,9
10375.00000000,0.00012111,0.00005850,3
10375.60000000,0.00000000,0.00003681,1
10377.20833333,0.00003633,0.00000000,0
10380.00000000,0.00023045,0.00006695,2
10385.00000000,0.00029104,0.00008275,2
10385.32500000,0.00008768,0.00004787,3
10385.33333333,0.00008584,0.00004847,3
10386.33333333,0.00000000,0.00009321,1
10386.37500000,0.00000000,0.00011801,1
10386.44166667,0.00000000,0.00005904,1
10387.10000000,0.00008687,0.00000000,0
10389.35000000,0.00000000,0.00004582,1
10390.00000000,0.00202046,0.00057973,2
10390.62500000,0.00004167,0.00002634,4
10391.32500000,0.00007593,0.00000000,0
10392.72500000,0.00000000,0.00002330,1
10394.00833333,0.00034276,0.00020165,3
10400.00000000,0.00161263,0.00059178,2
10400.39166667,0.00000000,0.00002481,1
10402.03333333,0.00000000,0.00003225,1
10404.73333333,0.00007784,0.00004238,3
10404.77500000,0.00003434,0.00005548,6
10404.85000000,0.00005230,0.00002264,3
10405.00000000,0.00026336,0.00007776,2
10409.42500000,0.00000000,0.00003864,1
10410.00000000,0.00172806,0.00048990,2
10412.52500000,0.00000000,0.00010012,1
10418.25000000,0.00000000,0.00012003,1
10420.00000000,0.00026779,0.00004069,0
10422.40000000,0.00004070,0.00000000,0
10422.44166667,0.00000000,0.00002169,1
10422.54166667,0.00005015,0.00000000,0
10425.00000000,0.00012633,0.00005424,3
10428.67500000,0.00000000,0.00002812,1
10430.00000000,0.00146046,0.00037102,2
10432.51666667,0.00004035,0.00000000,0
10433.85000000,0.00014130,0.00002886,7
10433.87500000,0.00014788,0.00002412,7
10438.22500000,0.00003586,0.00000000,0
10439.44166667,0.00000000,0.00003009,1
10440.00000000,0.00020153,0.00004355,7
10442.62500000,0.00018166,0.00003834,7
10442.63333333,0.00018243,0.00003817,7
10444.99166667,0.00007218,0.00000000,0
10445.11666667,0.00003442,0.00000000,0
10449.20000000,0.00000000,0.00004623,1
10450.00000000,0.00106961,0.00031489,2
10451.19166667,0.00000000,0.00003263,1
10451.25000000,0.00004734,0.00002119,3
10452.22500000,0.00011103,0.00006429,3
10453.41666667,0.00017534,0.00006522,2
10454.15833333,0.00004459,0.00000000,0
10456.77500000,0.00006798,0.00005582,4
10457.92500000,0.00006454,0.00000000,0
10460.00000000,0.00025616,0.00005325,7
10462.68333333,0.00000000,0.00003129,1
10463.61666667,0.00000000,0.00012277,1
10465.00000000,0.00008186,0.00000000,0
10470.00000000,0.00108658,0.00021423,7
10474.87500000,0.00000000,0.00005679,1
10475.00000000,0.00025862,0.00000000,0
10475.09166667,0.00003955,0.00003650,5
10477.27500000,0.00000000,0.00037874,1
10477.42500000,0.00000000,0.00183692,1
10477.43333333,0.00000000,0.00188288,1
10477.50000000,0.00000000,0.00123145,1
10480.00000000,0.00025850,0.00003409,0
10484.51666667,0.00000000,0.00002186,1
10485.00000000,0.00012279,0.00000000,0
10485.20833333,0.00005709,0.00002255,2
10485.23333333,0.00004967,0.00002533,3
10485.30833333,0.00007981,0.00000000,0
10488.78333333,0.00004427,0.00000000,0
10489.47500000,0.00000000,0.00020667,1
10490.00000000,0.00124791,0.00022570,7
10490.39166667,0.00000000,0.00003441,1
10493.40000000,0.00000000,0.00002469,1
10494.40833333,0.00000000,0.00002075,1
10498.28333333,0.00020977,0.00010234,3
10498.74166667,0.00000000,0.00008657,1
10500.00000000,0.00082902,0.00030874,2
10501.16666667,0.00004875,0.00000000,0
10501.34166667,0.01410891,0.00544163,2
10505.00000000,0.00018234,0.00003190,7
10505.42500000,0.00000000,0.00002669,1
10506.12500000,0.00000000,0.00003701,1
10510.00000000,0.00143296,0.00025822,7
10514.15000000,0.00031604,0.00022372,4
10520.00000000,0.00030781,0.00003322,0
10525.00000000,0.00016822,0.00005642,2
10525.35000000,0.00000000,0.00002088,1
10527.82500000,0.00003600,0.00000000,0
10530.00000000,0.00148331,0.00026927,7
10530.51666667,0.00004687,0.00004648,5
10532.36666667,0.00005494,0.00000000,0
10532.50833333,0.00003465,0.00000000,0
10532.53333333,0.00000000,0.00002111,1
10535.00000000,0.00003634,0.00000000,0
10540.00000000,0.00017259,0.00002451,0
10540.92500000,0.00000000,0.00003195,1
10540.94166667,0.00000000,0.00002951,1
10541.00833333,0.00000000,0.00003138,1
10541.25000000,0.00003315,0.00000000,0
10541.99166667,0.00000000,0.00006398,1
10544.01666667,0.00000000,0.00002170,1
10545.00000000,0.00015121,0.00002388,0
10546.87500000,0.00004306,0.00000000,0
10549.29166667,0.00000000,0.00001990,1
10549.51666667,0.00000000,0.00002739,1
10550.00000000,0.00230129,0.00019216,0
10550.43333333,0.00000000,0.00003518,1
10551.21666667,0.00006928,0.00000000,0
10555.36666667,0.00000000,0.00004184,1
10555.80000000,0.00005936,0.00000000,0
10555.98333333,0.00017880,0.00003258,7
10556.20000000,0.00000000,0.00002211,1
10556.93333333,0.00007178,0.00000000,0
10557.55000000,0.00000000,0.00002974,1
10558.65833333,0.00013940,0.00005241,2
10558.67500000,0.00013562,0.00005057,2
10560.00000000,0.00022058,0.00002882,0
10564.99166667,0.00012336,0.00000000,0
10567.31666667,0.00012032,0.00004582,2
10567.33333333,0.00011744,0.00004776,3
10570.00000000,0.00169618,0.00021355,0
10572.52500000,0.00003882,0.00000000,0
10573.45833333,0.00008662,0.00002097,2
10573.48333333,0.00007575,0.00002319,2
10573.55000000,0.00007816,0.00000000,0
10574.54166667,0.00000000,0.00002163,1
10575.98333333,0.00023024,0.00005387,2
10576.52500000,0.00016342,0.00003751,2
10576.55833333,0.00016406,0.00003789,2
10578.54166667,0.00000000,0.00002334,1
10580.00000000,0.00029026,0.00000000,0
10583.42500000,0.00004169,0.00000000,0
10585.00000000,0.00013698,0.00000000,0
10587.74166667,0.00003449,0.00000000,0
10587.81666667,0.00000000,0.00002110,1
10590.00000000,0.00144459,0.00017642,0
10595.45000000,0.00004607,0.00000000,0
10595.70000000,0.00000000,0.00002791,1
10598.33333333,0.00000000,0.00002023,1
10598.45000000,0.00000000,0.00003608,1
10598.71666667,0.00003980,0.00000000,0
10598.85833333,0.00004094,0.00000000,0
10600.00000000,0.00041417,0.00007015,7
10601.70000000,0.00000000,0.00012190,1
10605.00000000,0.00010406,0.00000000,0
10607.72500000,0.00003584,0.00000000,0
10610.00000000,0.00142068,0.00012863,0
10610.97500000,0.00000000,0.00007147,1
10611.15833333,0.00000000,0.00004338,1
10614.60833333,0.00512189,0.00166661,2
10614.79166667,0.00000000,0.00003456,1
10616.23333333,0.00017160,0.00008861,3
10618.18333333,0.00000000,0.00005331,1
10620.00000000,0.00020129,0.00000000,0
10620.11666667,0.00000000,0.00002008,1
10624.41666667,0.00000000,0.00017409,1
10625.00000000,0.00039184,0.00011452,2
10628.09166667,0.00046745,0.00035536,4
10629.71666667,0.00010712,0.00002353,7
10630.00000000,0.00136835,0.00010877,0
10631.02500000,0.00013346,0.00003519,2
10631.22500000,0.00000000,0.00014507,1
10631.30833333,0.00000000,0.00013643,1
10632.01666667,0.00000000,0.00003559,1
10633.91666667,0.00000000,0.00004917,1
10634.64166667,0.00009408,0.00007080,4
10635.62500000,0.00018594,0.00007158,2
10635.64166667,0.00018004,0.00006927,2
10637.18333333,0.00012588,0.00004978,2
10639.68333333,0.00021446,0.00015598,4
10640.00000000,0.00024587,0.00000000,0
10642.49166667,0.00000000,0.00002355,1
10644.45000000,0.00000000,0.00004874,1
10644.64166667,0.01357355,0.00284188,7
10644.99166667,0.00011104,0.00000000,0
10647.47500000,0.00000000,0.00003703,1
10650.00000000,0.00084139,0.00006964,0
10654.98333333,0.00003708,0.00000000,0
10656.93333333,0.00000000,0.00013489,1
10658.00000000,0.00000000,0.00003349,1
10660.00000000,0.00012758,0.00000000,0
10660.26666667,0.00000000,0.00002285,1
10662.05000000,0.00014634,0.00017226,5
10662.56666667,0.00005740,0.00003972,4
10662.60000000,0.00004226,0.00004707,5
10662.75000000,0.00006100,0.00000000,0
10662.91666667,0.00000000,0.00004840,1
10664.99166667,0.00013833,0.00000000,0
10668.56666667,0.00003762,0.00000000,0
10668.69166667,0.00003410,0.00000000,0
10669.70000000,0.00000000,0.00008700,1
10669.80000000,0.00000000,0.00010704,1
10670.00000000,0.00129468,0.00005864,0
10673.70000000,0.00000000,0.00002215,1
10675.00000000,0.00017472,0.00000000,0
10677.66666667,0.00000000,0.00002517,1
10677.70833333,0.00000000,0.00001990,1
10679.25833333,0.00000000,0.00038488,1
10680.00000000,0.00018928,0.00000000,0
10683.95833333,0.00006426,0.00003272,3
10683.99166667,0.00007661,0.00003805,3
10684.03333333,0.00008834,0.00003284,2
10685.00000000,0.00017131,0.00000000,0
10690.00000000,0.00132335,0.00008001,0
10691.35833333,0.00820207,0.01065152,6
10691.70000000,0.00000000,0.00005446,1
10691.78333333,0.00004724,0.00000000,0
10691.95000000,0.00000000,0.00004075,1
10692.41666667,0.00000000,0.00037025,1
10693.35833333,0.00000000,0.00002679,1
10695.74166667,0.00003564,0.00000000,0
10697.29166667,0.00717586,0.00261508,2
10698.08333333,0.00054816,0.00009006,7
10698.62500000,0.00003523,0.00000000,0
10699.90000000,0.00031289,0.00013314,3
10700.00000000,0.00115267,0.00009003,0
10700.95833333,0.00005481,0.00000000,0
10700.98333333,0.00004949,0.00000000,0
10701.48333333,0.00000000,0.00002302,1
10702.99166667,0.00000000,0.00002071,1
10703.07500000,0.00003379,0.00000000,0
10704.52500000,0.00000000,0.00001977,1
10705.00000000,0.00017632,0.00000000,0
10707.70833333,0.00007705,0.00005659,4
10707.90833333,0.00000000,0.00004339,1
10709.25000000,0.00004279,0.00002489,3
10709.27500000,0.00003513,0.00002897,4
10710.00000000,0.00125828,0.00009025,0
10711.86666667,0.00016523,0.00008285,3
10711.88333333,0.00016069,0.00008495,3
10712.16666667,0.00000000,0.00003519,1
10712.90833333,0.00012721,0.00006248,3
10714.69166667,0.00004137,0.00000000,0
10715.23333333,0.00004765,0.00000000,0
10715.70833333,0.00000000,0.00002296,1
10717.19166667,0.00000000,0.00010326,1
10717.67500000,0.00000000,0.00002425,1
10717.82500000,0.00000000,0.00004657,1
10718.98333333,0.00003889,0.00000000,0
10719.03333333,0.00000000,0.00002524,1
10720.00000000,0.00014997,0.00000000,0
10723.79166667,0.00009436,0.00000000,0
10725.00000000,0.00017940,0.00002668,0
10726.96666667,0.00004333,0.00000000,0
10730.00000000,0.00091130,0.00007623,0
10730.68333333,0.00000000,0.00003403,1
10734.72500000,0.00006741,0.00002019,2
10734.74166667,0.00006200,0.00002214,2
10734.83333333,0.00004785,0.00000000,0
10735.46666667,0.00012168,0.00002377,7
10735.48333333,0.00011898,0.00002508,7
10738.20000000,0.00000000,0.00006498,1
10740.00833333,0.00015035,0.00000000,0
10741.90000000,0.00000000,0.00004747,1
10742.19166667,0.00008534,0.00000000,0
10744.37500000,0.00036935,0.00031878,4
10745.00000000,0.00014558,0.00000000,0
10750.00000000,0.00062749,0.00019064,2
10760.00000000,0.00014139,0.00000000,0
10765.00000000,0.00010324,0.00000000,0
10766.70000000,0.00005731,0.00000000,0
10769.25833333,0.00161556,0.00024966,0
10770.00000000,0.00072403,0.00009316,0
10771.60833333,0.00000000,0.00003503,1
10773.35000000,0.00125412,0.00019939,0
10773.55000000,0.01578188,0.00175400,0
10773.72500000,0.00000000,0.00006372,1
10774.37500000,0.00000000,0.00004132,1
10775.00000000,0.00011921,0.00003073,2
10777.14166667,0.00000000,0.00055003,1
10778.27500000,0.00006243,0.00000000,0
10779.83333333,0.00000000,0.00002229,1
10780.00000000,0.00020442,0.00002812,0
10782.50833333,0.00750525,0.00065094,0
10784.40000000,0.00000000,0.00002830,1
10790.00000000,0.00071071,0.00009314,0
10792.39166667,0.00053777,0.00003903,0
10794.66666667,0.00005397,0.00004924,5
10794.67500000,0.00005450,0.00004662,4
10795.50000000,0.00000000,0.00003803,1
10795.64166667,0.00000000,0.00031930,1
10795.80833333,0.00010314,0.00005149,3
10795.83333333,0.00009300,0.00005967,4
10800.00000000,0.00180899,0.00033669,7
10801.71666667,0.00007290,0.00000000,0
10802.90833333,0.00003976,0.00142976,1
10803.95833333,0.00003319,0.00000000,0
10806.96666667,0.00008716,0.00005005,3
10806.98333333,0.00008412,0.00005419,4
10808.40000000,0.00009938,0.00005872,3
10810.00000000,0.00068443,0.00014377,7
10811.20833333,0.00005707,0.00000000,0
10813.15000000,0.00000000,0.00002774,1
10813.18333333,0.00000000,0.00002392,1
10815.63333333,0.00000000,0.00006101,1
10815.74166667,0.00000000,0.00004895,1
10816.37500000,0.00000000,0.00046825,1
10817.49166667,0.00000000,0.00003771,1
10820.00000000,0.00020374,0.00002577,0
10825.00000000,0.00013161,0.00000000,0
10830.00000000,0.00076552,0.00018233,2
10836.82500000,0.00035043,0.00020024,3
10838.04166667,0.00003829,0.00029063,1
10838.52500000,0.00026293,0.00068039,8
10838.54166667,0.00023830,0.00072205,9
10840.00000000,0.00013885,0.00004264,2
10844.99166667,0.00006333,0.00000000,0
10850.00000000,0.00022790,0.00037174,6
10850.21666667,0.00000000,0.00009198,1
10851.36666667,0.00019995,0.00005309,2
10851.37500000,0.00019860,0.00005334,2
10853.60000000,0.00000000,0.00002596,1
10860.00000000,0.00014766,0.00005236,2
10863.50000000,0.00004585,0.00000000,0
10864.42500000,0.00000000,0.00038356,1
10864.43333333,0.00000000,0.00039431,1
10864.50000000,0.00000000,0.00034940,1
10864.58333333,0.00000000,0.00019035,1
10864.66666667,0.00000000,0.00020674,1
10864.90000000,0.00000000,0.00007056,1
10865.00833333,0.00007023,0.00000000,0
10867.95833333,0.00000000,0.00036375,1
10868.00833333,0.00000000,0.00029732,1
10870.00000000,0.00112984,0.00057169,3
10870.08333333,0.00025215,0.00016204,4
10872.55000000,0.00000000,0.00002759,1
10872.72500000,0.00000000,0.00002369,1
10874.84166667,0.00009231,0.00000000,0
10874.99166667,0.00029497,0.00006328,7
10880.00000000,0.00007986,0.00006008,4
10883.70833333,0.00003574,0.00002266,4
10883.73333333,0.00000000,0.00002544,1
10884.15833333,0.00004818,0.00000000,0
10884.60833333,0.00005943,0.00000000,0
10884.63333333,0.00005112,0.00000000,0
10884.99166667,0.00007482,0.00000000,0
10889.61666667,0.00003760,0.00000000,0
10890.00000000,0.00128095,0.00039480,2
10896.27500000,0.00000000,0.00011508,1
10896.42500000,0.00005505,0.00000000,0
10900.00000000,0.00099023,0.00011509,0
10901.60833333,0.00000000,0.00002463,1
10902.08333333,0.00000000,0.00014723,1
10904.52500000,0.00003727,0.00004360,5
10904.92500000,0.00000000,0.00002570,1
10904.95833333,0.00000000,0.00002135,1
10905.00833333,0.00003506,0.00000000,0
10905.42500000,0.00000000,0.00006175,1
10906.53333333,0.00004167,0.00000000,0
10910.00000000,0.00131421,0.00046032,2
10911.20833333,0.00003483,0.00000000,0
10915.30833333,0.00000000,0.00032961,1
10915.35833333,0.00000000,0.00032966,1
10915.53333333,0.00000000,0.00004433,1
10916.42500000,0.00003467,0.00000000,0
10918.20000000,0.00007507,0.00000000,0
10918.26666667,0.00007445,0.00000000,0
10918.52500000,0.00000000,0.00055363,1
10919.30000000,0.00000000,0.00074299,1
10919.34166667,0.00000000,0.00088677,1
10919.39166667,0.00000000,0.00064379,1
10919.52500000,0.00000000,0.00084332,1
10919.60833333,0.00000000,0.00052536,1
10919.99166667,0.00012380,0.00006432,3
10922.51666667,0.00000000,0.00002291,1
10924.80833333,0.00010700,0.00002515,2
10924.83333333,0.00009902,0.00002803,2
10925.00000000,0.00016709,0.00003470,7
10927.00833333,0.00006658,0.00000000,0
10927.10833333,0.00006031,0.00000000,0
10930.00000000,0.00144222,0.00052327,2
10937.50000000,0.00060267,0.00076590,6
10940.00000000,0.00013393,0.00004783,2
10942.23333333,0.00000000,0.00003894,1
10942.57500000,0.00000000,0.00002917,1
10942.82500000,0.00004959,0.00000000,0
10945.00833333,0.00005359,0.00000000,0
10948.06666667,0.00000000,0.00027435,1
10950.00000000,0.00170290,0.00039228,2
10957.30833333,0.00004176,0.00000000,0
10957.71666667,0.00004996,0.00000000,0
10959.63333333,0.00000000,0.00002152,1
10960.00000000,0.00009326,0.00002984,2
10961.46666667,0.00010176,0.00006818,4
10961.49166667,0.00008086,0.00007769,5
10961.56666667,0.00007664,0.00003182,3
10961.96666667,0.00028105,0.00019694,4
10962.00000000,0.00021247,0.00024313,5
10962.07500000,0.00008724,0.00011354,6
10970.00000000,0.00139839,0.00058854,3
10975.00000000,0.00039953,0.00002441,0
10980.00000000,0.00022126,0.00004471,7
10981.40000000,0.00000000,0.00008666,1
10985.00000000,0.00006367,0.00002148,2
10990.00000000,0.00127123,0.00056479,3
10991.55000000,0.00032643,0.00009303,2
10998.08333333,0.00000000,0.00002258,1
11000.00000000,0.00157501,0.00077195,3
11001.18333333,0.00000000,0.00002027,1
11003.43333333,0.00000000,0.00006112,1
11006.23333333,0.00000000,0.00003882,1
11008.32500000,0.00000000,0.00002021,1
11008.51666667,0.00000000,0.00002668,1
11010.00000000,0.00114670,0.00055787,3
11011.27500000,0.00007373,0.00003327,3
11011.36666667,0.00004705,0.00000000,0
11011.82500000,0.00010313,0.00005477,3
11012.85833333,0.00015124,0.00005580,2
11014.09166667,0.00008365,0.00000000,0
11014.17500000,0.00005760,0.00000000,0
11016.45000000,0.00013642,0.00002654,7
11017.55833333,0.00008857,0.00004042,3
11020.00000000,0.00015176,0.00000000,0
11024.24166667,0.00008419,0.00000000,0
11025.00000000,0.00000000,0.00005008,1
11025.53333333,0.00010645,0.00002279,7
11025.90000000,0.00000000,0.00002622,1
11026.73333333,0.00004433,0.00000000,0
11030.00000000,0.00115654,0.00055834,3
11030.87500000,0.00000000,0.00007866,1
11039.99166667,0.00017869,0.00006599,2
11044.99166667,0.00006057,0.00002271,2
11048.87500000,0.00000000,0.00002225,1
11050.00000000,0.00115640,0.00046325,2
11054.33333333,0.00006586,0.00000000,0
11054.45000000,0.00005649,0.00000000,0
11060.00000000,0.00025603,0.00003452,0
11061.15000000,0.00000000,0.00002316,1
11063.40000000,0.00010939,0.00012238,5
11063.46666667,0.00014555,0.00012061,4
11063.55000000,0.00004466,0.00017847,9
11063.81666667,0.00003868,0.00000000,0
11064.90000000,0.00000000,0.00073847,1
11065.00000000,0.00004506,0.00035363,1
11068.93333333,0.00000000,0.00005594,1
11069.04166667,0.00000000,0.00002791,1
11070.00000000,0.00086960,0.00046538,3
11070.37500000,0.00005386,0.00000000,0
11073.15833333,0.00009869,0.00016303,6
11073.19166667,0.00010942,0.00014287,6
11075.00000000,0.00017673,0.00004332,2
11075.84166667,0.00000000,0.00001983,1
11077.63333333,0.00006990,0.00000000,0
11078.53333333,0.00067428,0.00055284,4
11078.99166667,0.00004073,0.00002155,3
11079.16666667,0.01109449,0.00667979,3
11079.95833333,0.00010105,0.00002184,7
11079.99166667,0.00014573,0.00002050,0
11080.34166667,0.01419509,0.00334061,2
11080.57500000,0.00004130,0.00000000,0
11080.96666667,0.00100950,0.00010929,0
11080.97500000,0.00100830,0.00011152,0
11084.99166667,0.00005813,0.00002655,3
11086.14166667,0.00000000,0.00003739,1
11088.22500000,0.00004663,0.00000000,0
11090.00000000,0.00083156,0.00043381,3
11090.28333333,0.00073313,0.00008133,0
11092.49166667,0.00154197,0.00154672,5
11100.00000000,0.00017843,0.00019045,5
11105.00000000,0.00005130,0.00000000,0
11106.00833333,0.00000000,0.00002448,1
11108.28333333,0.00004754,0.00000000,0
11110.00000000,0.00089805,0.00054424,3
11111.21666667,0.00003462,0.00000000,0
11113.76666667,0.00000000,0.00002181,1
11120.00000000,0.00023541,0.00007992,2
11124.44166667,0.00000000,0.00012502,1
11125.00000000,0.00000000,0.00012083,1
11130.00000000,0.00098808,0.00063713,4
11130.20833333,0.00000000,0.00002348,1
11130.62500000,0.00022768,0.00033494,6
11131.06666667,0.00000000,0.00002535,1
11131.10000000,0.00003374,0.00002226,4
11131.33333333,0.00000000,0.00003192,1
11132.80833333,0.00004024,0.00003346,4
11133.04166667,0.00000000,0.00003470,1
11133.09166667,0.00000000,0.00005638,1
11139.90833333,0.00000000,0.00003589,1
11140.00000000,0.00013838,0.00002978,7
11140.54166667,0.00000000,0.00013868,1
11141.35833333,0.00006284,0.00000000,0
11144.05833333,0.00005250,0.00000000,0
11144.12500000,0.00006026,0.00000000,0
11144.99166667,0.00006550,0.00000000,0
11145.05000000,0.00000000,0.00002131,1
11148.31666667,0.00010062,0.00002377,2
11149.21666667,0.00000000,0.00048425,1
11149.40833333,0.00008156,0.00000000,0
11149.65833333,0.00000000,0.00002703,1
11150.00000000,0.00087014,0.00056212,4
11153.88333333,0.00000000,0.00002200,1
11156.03333333,0.00005617,0.00000000,0
11156.15000000,0.00003381,0.00002492,4
11156.25833333,0.00000000,0.00006701,1
11157.14166667,0.00004510,0.00000000,0
11158.36666667,0.00011884,0.00005004,3
11158.37500000,0.00011741,0.00004995,3
11159.05833333,0.00011572,0.00002846,2
11159.07500000,0.00011842,0.00002723,2
11160.00000000,0.00019884,0.00006125,2
11167.65000000,0.00000000,0.00002663,1
11170.00000000,0.00073220,0.00049492,4
11170.48333333,0.00003294,0.00003876,5
11172.02500000,0.00006977,0.00002023,2
11172.45000000,0.00007493,0.00000000,0
11173.81666667,0.00005453,0.00000000,0
11173.92500000,0.00003652,0.00000000,0
11174.03333333,0.00000000,0.00002700,1
11174.99166667,0.00021980,0.00014935,4
11175.11666667,0.00022067,0.00013936,4
11176.70833333,0.00000000,0.00002008,1
11176.90833333,0.00029454,0.00015135,3
11177.70833333,0.00163915,0.00421649,8
11180.00000000,0.00018623,0.00005014,2
11183.63333333,0.00008716,0.00010100,5
11190.00000000,0.00065905,0.00045794,4
11190.11666667,0.00000000,0.00002709,1
11190.95000000,0.00004945,0.00000000,0
11191.01666667,0.00005414,0.00000000,0
11192.75833333,0.00000000,0.00002662,1
11199.37500000,0.00005429,0.00000000,0
11200.00000000,0.00037440,0.00024497,4
11202.57500000,0.00000000,0.00002072,1
11204.65833333,0.00000000,0.00002302,1
11204.94166667,0.00000000,0.00045551,1
11204.99166667,0.00000000,0.00030932,1
11205.20000000,0.00000000,0.00027872,1
11205.29166667,0.00000000,0.00023305,1
11206.39166667,0.00009548,0.00003115,2
11210.00000000,0.00068274,0.00055270,4
11212.75000000,0.00003967,0.00000000,0
11212.95000000,0.00005716,0.00012387,8
11217.00000000,0.00000000,0.00002407,1
11219.32500000,0.00000000,0.00004693,1
11220.00000000,0.00019605,0.00010404,3
11221.27500000,0.00000000,0.00002404,1
11225.00000000,0.00005561,0.00021506,9
11225.04166667,0.00007572,0.00015410,8
11230.00000000,0.00079286,0.00063844,4
11230.35833333,0.00005436,0.00005964,5
11230.55000000,0.00000000,0.00009391,1
11230.65833333,0.00000000,0.00007112,1
11232.65833333,0.00019312,0.00006085,2
11232.76666667,0.00008654,0.00002578,2
11232.77500000,0.00008519,0.00002613,2
11233.65833333,0.00012116,0.00000000,0
11235.32500000,0.00000000,0.00005643,1
11235.35833333,0.00003926,0.00004434,5
11239.36666667,0.00061581,0.00018328,2
11239.37500000,0.00062344,0.00018364,2
11239.47500000,0.00029538,0.00010345,2
11239.70833333,0.00000000,0.00002419,1
11240.00000000,0.00018430,0.00011905,4
11241.06666667,0.00005854,0.00002240,2
11241.07500000,0.00005961,0.00002063,2
11242.88333333,0.00005500,0.00000000,0
11244.15833333,0.00004304,0.00000000,0
11250.00000000,0.00101859,0.00120998,5
11254.64166667,0.00003305,0.00000000,0
11260.00000000,0.00020166,0.00015814,4
11260.39166667,0.00065887,0.00029091,3
11264.93333333,0.00005140,0.00002674,3
11264.97500000,0.00000000,0.00002795,1
11266.08333333,0.00003779,0.00000000,0
11270.00000000,0.00120920,0.00107379,5
11271.00000000,0.00000000,0.00002462,1
11273.43333333,0.00004162,0.00000000,0
11273.54166667,0.00003879,0.00000000,0
11275.00000000,0.00012677,0.00006099,3
11280.00000000,0.00027413,0.00016786,10
11283.00000000,0.00000000,0.00003298,1
11285.00000000,0.00005409,0.00004252,4
11286.87500000,0.00000000,0.00002671,1
11287.16666667,0.00004046,0.00008200,8
11287.20833333,0.00006121,0.00006228,5
11288.17500000,0.00000000,0.00004615,1
11288.53333333,0.00000000,0.00002457,1
11290.00000000,0.00150995,0.00128644,4
11290.11666667,0.00003676,0.00020481,12
11290.20833333,0.00000000,0.00055189,1
11290.30000000,0.00000000,0.00027908,1
11291.61666667,0.00017146,0.00007789,3
11291.64166667,0.00017957,0.00007302,3
11292.23333333,0.00015806,0.00002567,7
11292.36666667,0.00070837,0.00020660,2
11292.39166667,0.00062470,0.00023437,2
11292.48333333,0.00014599,0.00008325,3
11292.56666667,0.00000000,0.00003411,1
11296.32500000,0.00000000,0.00210202,1
11296.45833333,0.00000000,0.00237708,1
11296.54166667,0.00000000,0.00123304,1
11298.85000000,0.00000000,0.00002024,1
11299.01666667,0.00019901,0.00018477,5
11300.00000000,0.00032785,0.00025561,4
11305.00000000,0.00007173,0.00005813,4
11306.37500000,0.00000000,0.00002736,1
11306.95000000,0.00004069,0.00000000,0
11307.03333333,0.00003312,0.00000000,0
11307.20000000,0.00000000,0.00002328,1
11307.34166667,0.00000000,0.00004930,1
11307.49166667,0.00000000,0.00014161,1
11307.72500000,0.00007266,0.00005201,4
11307.73333333,0.00007438,0.00005177,4
11307.94166667,0.00000000,0.00002753,1
11310.00000000,0.00159568,0.00145488,5
11310.20833333,0.00000000,0.00007740,1
11310.30833333,0.00000000,0.00004790,1
11312.70000000,0.00000000,0.00004143,1
11318.77500000,0.00343511,0.00261309,4
11320.00000000,0.00032179,0.00017387,3
11325.00000000,0.00005583,0.00013032,8
11328.12500000,0.00026948,0.00020354,4
11328.15000000,0.00028503,0.00017251,3
11328.25000000,0.00012450,0.00004724,2
11330.00000000,0.00171470,0.00155972,5
11340.00000000,0.00037544,0.00020628,3
11344.48333333,0.00018561,0.00003684,7
11345.00000000,0.00003296,0.00004704,6
11345.21666667,0.00000000,0.00064665,1
11345.39166667,0.00000000,0.00015897,1
11346.36666667,0.00000000,0.00003003,1
11347.08333333,0.00005016,0.00000000,0
11347.14166667,0.00005498,0.00000000,0
11349.70000000,0.00000000,0.00098008,1
11349.85833333,0.00000000,0.00038296,1
11350.00000000,0.00217984,0.00174570,4
11350.26666667,0.00000000,0.00003652,1
11352.55000000,0.00000000,0.00004338,1
11352.90833333,0.00007750,0.00011588,6
11352.99166667,0.00003666,0.00045293,1
11353.52500000,0.00006066,0.00002197,2
11353.55833333,0.00007698,0.00000000,0
11353.95000000,0.00000000,0.00002575,1
11354.22500000,0.00000000,0.00005120,1
11360.00000000,0.00038415,0.00019859,3
11360.89166667,0.00000000,0.00002589,1
11362.76666667,0.00000000,0.00048688,1
11362.85833333,0.00009874,0.00036871,9
11362.95833333,0.00006864,0.00017032,8
11362.98333333,0.00006089,0.00018943,9
11365.00833333,0.00003798,0.00002728,4
11365.75833333,0.00009686,0.00000000,0
11367.00000000,0.00003650,0.00000000,0
11370.00000000,0.00216848,0.00200776,5
11372.78333333,0.00000000,0.00017444,1
11373.66666667,0.00000000,0.00004945,1
11374.28333333,0.00004780,0.00000000,0
11374.35833333,0.00003692,0.00000000,0
11375.00000000,0.00010919,0.00032758,9
11376.72500000,0.00007388,0.00003318,3
11376.73333333,0.00007384,0.00003327,3
11378.85000000,0.00000000,0.00003339,1
11380.00000000,0.00040761,0.00018654,3
11383.38333333,0.00007087,0.00004935,4
11385.01666667,0.00003520,0.00000000,0
11390.00000000,0.00226422,0.00204628,5
11392.97500000,0.00003343,0.00000000,0
11395.67500000,0.00011090,0.00000000,0
11395.80000000,0.00013977,0.00000000,0
11399.12500000,0.00008870,0.00000000,0
11399.21666667,0.00005276,0.00000000,0
11400.00000000,0.00024022,0.00026316,5
11401.37500000,0.00000000,0.00002303,1
11405.00000000,0.00000000,0.00002620,1
11405.26666667,0.00000000,0.00003210,1
11406.25000000,0.00008076,0.00008978,5
11410.00000000,0.00231419,0.00216895,5
11416.37500000,0.00000000,0.00003575,1
11418.70833333,0.00029741,0.00036801,6
11418.78333333,0.00015931,0.00027804,8
11420.00000000,0.00036340,0.00025986,4
11421.91666667,0.00000000,0.00003321,1
11425.00000000,0.00013785,0.00006868,3
11425.77500000,0.00000000,0.00002023,1
11427.75833333,0.00000000,0.00004578,1
11428.75000000,0.00051229,0.00009884,7
11430.00000000,0.00259896,0.00247833,5
11430.30000000,0.00103471,0.00040630,2
11430.36666667,0.00077086,0.00032006,3
11430.86666667,0.00003370,0.00000000,0
11430.97500000,0.00004287,0.00000000,0
11432.40000000,0.00003346,0.00000000,0
11434.69166667,0.00000000,0.00003940,1
11435.52500000,0.00004171,0.00005882,6
11435.55833333,0.00003285,0.00007437,8
11437.45000000,0.00000000,0.00025871,1
11437.63333333,0.00000000,0.00010280,1
11438.10000000,0.00009385,0.00004440,3
11440.00000000,0.00051343,0.00034508,4
11442.10000000,0.00000000,0.00003746,1
11442.22500000,0.00000000,0.00009938,1
11445.52500000,0.00016543,0.00003248,7
11445.53333333,0.00016529,0.00003258,7
11450.00000000,0.00337665,0.00304758,5
11452.45833333,0.01032380,0.00169367,7
11452.58333333,0.00617752,0.00187134,2
11452.73333333,0.00004794,0.00000000,0
11455.25833333,0.00231307,0.00049873,7
11458.16666667,0.00012962,0.00024272,8
11458.19166667,0.00009695,0.00026999,9
11458.27500000,0.00005701,0.00012326,8
11460.00000000,0.00046346,0.00054533,5
11465.00000000,0.00000000,0.00002622,1
11467.90000000,0.00003820,0.00000000,0
11468.24166667,0.00057275,0.00012094,7
11470.00000000,0.00387648,0.00380924,5
11473.55833333,0.00000000,0.00008898,1
11475.00000000,0.00016818,0.00007327,3
11480.00000000,0.00051498,0.00054747,5
11480.97500000,0.00010148,0.00005427,3
11484.37500000,0.00013937,0.00014847,5
11485.00000000,0.00000000,0.00002268,1
11488.94166667,0.00016573,0.00013954,4
11490.00000000,0.00398714,0.00399744,5
11490.68333333,0.00000000,0.00032432,1
11497.35833333,0.00021064,0.00004526,7
11497.38333333,0.00018163,0.00005017,2
11497.46666667,0.00013255,0.00002316,7
11499.12500000,0.00013422,0.00013460,5
11499.13333333,0.00013693,0.00013439,5
11500.00000000,0.00036211,0.00040503,5
11505.00000000,0.00000000,0.00002402,1
11507.52500000,0.00000000,0.00002649,1
11509.26666667,0.00003320,0.00000000,0
11510.00000000,0.00382311,0.00385403,5
11512.08333333,0.00000000,0.00022296,1
11519.15000000,0.00005125,0.00000000,0
11520.00000000,0.00040803,0.00051805,6
11520.77500000,0.00005281,0.00000000,0
11521.39166667,0.00000000,0.00002438,1
11523.44166667,0.00035769,0.00024552,4
11524.98333333,0.00010449,0.00012238,5
11525.06666667,0.00036715,0.00018534,3
11525.10000000,0.00044195,0.00022437,3
11525.53333333,0.00000000,0.00006337,1
11525.63333333,0.00000000,0.00006427,1
11525.75833333,0.00000000,0.00005400,1
11530.00000000,0.00346731,0.00356026,5
11531.57500000,0.00000000,0.00002057,1
11537.60000000,0.00018744,0.00005823,2
11538.08333333,0.00073509,0.00023383,2
11538.82500000,0.00063199,0.00012650,7
11538.83333333,0.00062512,0.00013137,7
11540.00000000,0.00032680,0.00039944,6
11540.16666667,0.00003298,0.00000000,0
11540.50000000,0.00038558,0.00006363,7
11540.55833333,0.00031951,0.00007558,2
11540.59166667,0.00040244,0.00005549,0
11543.25000000,0.00031111,0.00007757,2
11544.91666667,0.00004414,0.00003212,4
11545.06666667,0.00016330,0.00007874,3
11545.07500000,0.00016619,0.00007707,3
11545.19166667,0.00000000,0.00003049,1
11550.00000000,0.00279082,0.00308655,5
11560.00000000,0.00035301,0.00029543,4
11564.22500000,0.00007193,0.00000000,0
11564.23333333,0.00007245,0.00000000,0
11565.41666667,0.00000000,0.00030648,1
11565.44166667,0.00000000,0.00032383,1
11570.00000000,0.00253252,0.00266905,5
11572.11666667,0.00000000,0.00002245,1
11572.26666667,0.00000000,0.00004254,1
11575.00000000,0.00010487,0.00006489,4
11575.04166667,0.00007189,0.00006829,5
11577.01666667,0.00005808,0.00000000,0
11577.21666667,0.00000000,0.00002939,1
11578.40000000,0.00000000,0.00020434,1
11578.57500000,0.00000000,0.00005618,1
11580.00000000,0.00024971,0.00027155,5
11583.67500000,0.00003630,0.00000000,0
11584.99166667,0.00000000,0.00002235,1
11590.00000000,0.00228578,0.00249103,5
11591.03333333,0.00000000,0.00002566,1
11591.21666667,0.00000000,0.00002276,1
11591.58333333,0.00003316,0.00000000,0
11592.25000000,0.00014413,0.00008584,3
11592.28333333,0.00010185,0.00009999,5
11592.37500000,0.00006174,0.00005043,4
11592.53333333,0.00033448,0.00026417,4
11592.57500000,0.00013605,0.00031149,8
11592.64166667,0.00018541,0.00019002,5
11593.42500000,0.00356278,0.00192234,3
11593.45833333,0.00374190,0.00175484,3
11595.90833333,0.00287650,0.00085925,2
11595.95833333,0.00295057,0.00078282,2
11596.75000000,0.00000000,0.00002860,1
11600.00000000,0.00045300,0.00046379,5
11602.65000000,0.00000000,0.00002054,1
11603.99166667,0.00000000,0.00004888,1
11604.36666667,0.00045083,0.00007018,0
11604.37500000,0.00045545,0.00007046,0
11605.00000000,0.00003839,0.00002416,4
11607.59166667,0.00007032,0.00000000,0
11610.00000000,0.00218026,0.00236478,5
11614.42500000,0.00000000,0.00043453,1
11616.77500000,0.00008717,0.00000000,0
11616.88333333,0.00005491,0.00000000,0
11616.99166667,0.00000000,0.00005710,1
11617.10833333,0.00000000,0.00004135,1
11620.00000000,0.00030712,0.00023302,4
11621.09166667,0.00003486,0.00005282,6
11625.00000000,0.00015362,0.00033190,8
11630.00000000,0.00192960,0.00210881,5
11632.66666667,0.00159069,0.00048894,2
11632.68333333,0.00163082,0.00046165,2
11633.04166667,0.00005163,0.00000000,0
11636.32500000,0.00003564,0.00000000,0
11640.00000000,0.00014718,0.00024073,6
11640.62500000,0.00007387,0.00007386,5
11640.63333333,0.00007407,0.00007238,5
11641.65000000,0.00000000,0.00043137,1
11641.74166667,0.00000000,0.00039325,1
11642.04166667,0.00004689,0.00002242,3
11644.42500000,0.00052037,0.00021200,3
11644.43333333,0.00052080,0.00020889,2
11645.00000000,0.00000000,0.00003919,1
11645.43333333,0.00019428,0.00003221,7
11645.47500000,0.00018770,0.00004143,7
11647.41666667,0.00012439,0.00000000,0
11648.66666667,0.00000000,0.00002255,1
11649.28333333,0.00000000,0.00002551,1
11650.00000000,0.00141362,0.00171430,6
11650.54166667,0.00003385,0.00000000,0
11657.97500000,0.00003548,0.00000000,0
11660.00000000,0.00016751,0.00025197,6
11661.83333333,0.00004727,0.00000000,0
11661.93333333,0.00006572,0.00000000,0
11665.00000000,0.00000000,0.00002460,1
11665.72500000,0.00031930,0.00056557,8
11670.00000000,0.00115139,0.00126469,5
11671.15000000,0.00180800,0.00067801,2
11673.00833333,0.00000000,0.00002716,1
11673.99166667,0.00007650,0.00003439,3
11674.51666667,0.00000000,0.00002202,1
11674.84166667,0.00000000,0.00002041,1
11675.00000000,0.00012429,0.00003710,2
11677.62500000,0.00031947,0.00007920,2
11677.63333333,0.00032116,0.00007895,2
11680.00000000,0.00012403,0.00022593,8
11681.10833333,0.00003886,0.00000000,0
11681.14166667,0.00004720,0.00000000,0
11682.58333333,0.00003408,0.00000000,0
11682.91666667,0.00000000,0.00006644,1
11685.01666667,0.00004107,0.00003286,4
11688.42500000,0.00000000,0.00006857,1
11690.00000000,0.00101429,0.00114831,5
11700.00000000,0.00034695,0.00064341,8
11702.61666667,0.00000000,0.00007284,1
11702.78333333,0.00000000,0.00002185,1
11702.92500000,0.00006248,0.00002109,2
11702.93333333,0.00006176,0.00002120,2
11705.00000000,0.00000000,0.00002837,1
11710.00000000,0.00101094,0.00106492,5
11718.75000000,0.00087572,0.00099663,5
11720.00000000,0.00017877,0.00034254,8
11725.00000000,0.00016375,0.00018363,5
11728.40833333,0.00003981,0.00002334,3
11729.10833333,0.00032656,0.00012542,2
11729.76666667,0.00081231,0.00016114,7
11729.77500000,0.00082448,0.00015026,7
11729.85833333,0.00047819,0.00017174,2
11730.00000000,0.00099519,0.00120953,6
11731.70000000,0.00005221,0.00000000,0
11736.10833333,0.00000000,0.00002931,1
11736.60000000,0.00000000,0.00003540,1
11737.99166667,0.00000000,0.00005497,1
11740.00000000,0.00027484,0.00038608,6
11741.16666667,0.00000000,0.00003068,1
11741.18333333,0.00000000,0.00003162,1
11745.00000000,0.00000000,0.00005762,1
11745.84166667,0.00008965,0.00002067,2
11745.87500000,0.00010403,0.00000000,0
11747.33333333,0.00000000,0.00002602,1
11747.61666667,0.00000000,0.00002622,1
11750.00000000,0.00123001,0.00116737,5
11750.38333333,0.00000000,0.00009526,1
11751.61666667,0.00000000,0.00002257,1
11752.98333333,0.00000000,0.00004492,1
11753.44166667,0.00000000,0.00002409,1
11760.00000000,0.00021489,0.00035279,6
11760.28333333,0.00000000,0.00004414,1
11761.31666667,0.00000000,0.00031853,1
11761.56666667,0.00000000,0.00003588,1
11761.68333333,0.00012057,0.00007527,4
11764.99166667,0.00003508,0.00002372,4
11766.67500000,0.00000000,0.00002472,1
11767.50833333,0.00253413,0.00095097,2
11767.53333333,0.00265460,0.00084662,2
11770.00000000,0.00121041,0.00136018,5
11770.22500000,0.00072028,0.00034272,3
11770.23333333,0.00073227,0.00034547,3
11773.44166667,0.00000000,0.00014745,1
11773.56666667,0.00005124,0.00015665,9
11773.57500000,0.00005253,0.00015615,9
11775.00000000,0.00003626,0.00017490,9
11777.35000000,0.00000000,0.00002466,1
11778.10000000,0.00008121,0.00018750,8
11778.50833333,0.00003597,0.00000000,0
11779.62500000,0.00004923,0.00000000,0
11780.00000000,0.00008831,0.00028726,9
11780.91666667,0.00072972,0.00169732,8
11784.99166667,0.00003791,0.00000000,0
11785.22500000,0.00000000,0.00008415,1
11785.32500000,0.00000000,0.00036614,1
11785.40833333,0.00000000,0.00024863,1
11788.10833333,0.00003995,0.00002322,3
11788.14166667,0.00003990,0.00002913,4
11788.26666667,0.00018637,0.00010307,3
11788.27500000,0.00018811,0.00010125,3
11789.39166667,0.00003514,0.00020561,12
11789.49166667,0.00000000,0.00037984,1
11789.58333333,0.00000000,0.00021390,1
11790.00000000,0.00115328,0.00133967,5
11794.15833333,0.00009097,0.00005823,4
11796.87500000,0.00000000,0.00003667,1
11800.00000000,0.00050152,0.00049123,5
11801.28333333,0.00000000,0.00009488,1
11806.08333333,0.00000000,0.00003219,1
11807.29166667,0.00000000,0.00002848,1
11810.00000000,0.00131293,0.00143586,5
11810.25000000,0.00000000,0.00261629,1
11810.64166667,0.00289563,0.00090385,2
11810.72500000,0.00173101,0.00063704,2
11811.58333333,0.00000000,0.00002141,1
11816.40000000,0.00007946,0.00007549,5
11817.63333333,0.00000000,0.00005908,1
11820.00000000,0.00012267,0.00022590,8
11824.47500000,0.00006280,0.00004244,4
11825.00000000,0.00026259,0.00029091,5
11825.65833333,0.00009657,0.00002058,7
11826.16666667,0.00000000,0.00003371,1
11827.05833333,0.00000000,0.00004539,1
11830.00000000,0.00156220,0.00180945,5
11830.14166667,0.00005374,0.00000000,0
11830.86666667,0.00055851,0.00007577,0
11830.87500000,0.00056540,0.00007527,0
11831.16666667,0.00000000,0.00012595,1
11832.19166667,0.00004532,0.00000000,0
11832.45000000,0.00003597,0.00000000,0
11833.55833333,0.00000000,0.00006514,1
11834.07500000,0.00000000,0.00002591,1
11835.23333333,0.00004630,0.00000000,0
11835.60000000,0.00000000,0.00002776,1
11839.12500000,0.00000000,0.00001997,1
11839.70833333,0.00055059,0.00016285,2
11840.00000000,0.00020796,0.00033510,6
11842.78333333,0.00021753,0.00005136,2
11844.49166667,0.00007366,0.00000000,0
11844.80833333,0.00004893,0.00000000,0
11845.00000000,0.00000000,0.00002155,1
11847.30833333,0.00011623,0.00000000,0
11847.33333333,0.00009557,0.00002017,7
11849.50833333,0.00004005,0.00000000,0
11850.00000000,0.00161252,0.00211489,6
11850.08333333,0.00164039,0.00101689,4
11850.20000000,0.00137405,0.00051401,2
11852.95833333,0.00027253,0.00005028,7
11853.09166667,0.00014161,0.00000000,0
11860.00000000,0.00030829,0.00033913,5
11863.81666667,0.00004884,0.00000000,0
11863.83333333,0.00004478,0.00002020,3
11865.25833333,0.00010827,0.00008553,4
11868.60000000,0.00032401,0.00013273,3
11868.63333333,0.00036193,0.00011821,2
11869.52500000,0.00004225,0.00000000,0
11869.77500000,0.00000000,0.00005183,1
11870.00000000,0.00202285,0.00226253,5
11875.00000000,0.00039143,0.00041324,5
11875.32500000,0.00005271,0.00000000,0
11880.00000000,0.00028669,0.00038508,6
11884.98333333,0.00006074,0.00005610,5
11888.54166667,0.00005914,0.00000000,0
11888.65833333,0.00003321,0.00000000,0
11889.56666667,0.00094986,0.00168283,8
11890.00000000,0.00254359,0.00292365,5
11891.42500000,0.00000000,0.00004290,1
11892.21666667,0.00046351,0.00027123,3
11892.36666667,0.00010037,0.00000000,0
11892.41666667,0.00007206,0.00000000,0
11894.45833333,0.00467290,0.00206339,3
11894.48333333,0.00476837,0.00187762,2
11894.81666667,0.00003709,0.00003587,5
11894.83333333,0.00004110,0.00003412,4
11895.27500000,0.00004097,0.00000000,0
11896.79166667,0.00006079,0.00005526,5
11896.95833333,0.00004074,0.00000000,0
11900.00000000,0.00093457,0.00091118,5
11905.00000000,0.00000000,0.00002711,1
11906.95000000,0.00000000,0.00003392,1
11910.00000000,0.00317656,0.00360404,5
11911.10000000,0.00006306,0.00002257,2
11912.55000000,0.00005595,0.00001988,2
11914.06666667,0.00083752,0.00098017,5
11918.70833333,0.00000000,0.00004741,1
11920.00000000,0.00049777,0.00052680,5
11923.62500000,0.00427152,0.00046481,0
11923.82500000,0.00000000,0.00002953,1
11925.00000000,0.00013413,0.00005419,2
11926.71666667,0.00003458,0.00000000,0
11926.92500000,0.00000000,0.00002585,1
11928.59166667,0.00004536,0.00000000,0
11928.70833333,0.00003460,0.00000000,0
11930.00000000,0.00291437,0.00323090,5
11931.92500000,0.00684988,0.00081158,0
11936.90000000,0.00010390,0.00000000,0
11940.00000000,0.00036697,0.00037289,5
11944.50833333,0.00009905,0.00000000,0
11944.55000000,0.00004379,0.00002468,3
11944.62500000,0.00009553,0.00000000,0
11944.99166667,0.00000000,0.00003322,1
11946.67500000,0.00025619,0.00009484,2
11947.51666667,0.00000000,0.00010959,1
11947.61666667,0.00000000,0.00007401,1
11947.90000000,0.00000000,0.00019636,1
11950.00000000,0.00250833,0.00269981,5
11950.19166667,0.00000000,0.00004001,1
11953.11666667,0.00004117,0.00004004,5
11955.44166667,0.00000000,0.00036096,1
11955.91666667,0.00005531,0.00000000,0
11956.03333333,0.00003332,0.00000000,0
11957.72500000,0.00038931,0.00020710,3
11957.75833333,0.00043345,0.00020751,3
11960.00000000,0.00027285,0.00031237,5
11962.89166667,0.00007546,0.00009194,6
11970.00000000,0.00252179,0.00284789,5
11972.65833333,0.00000000,0.00001979,1
11975.02500000,0.00035034,0.00008635,2
11975.13333333,0.00006479,0.00006096,5
11977.00833333,0.00000000,0.00015270,1
11978.40000000,0.00000000,0.00005802,1
11980.00000000,0.00034528,0.00036370,5
11981.65833333,0.00007504,0.00005831,4
11981.69166667,0.00006825,0.00007163,5
11985.00833333,0.00004858,0.00003786,4
11985.23333333,0.00005752,0.00000000,0
11990.00000000,0.00246408,0.00274104,5
11991.84166667,0.00000000,0.00008982,1
11994.03333333,0.00011730,0.00003591,2
11994.15000000,0.00027595,0.00016740,3
11994.24166667,0.00024384,0.00007703,2
11994.37500000,0.00000000,0.00010515,1
11999.85000000,0.00043663,0.00032820,4
12000.00000000,0.13029484,0.09009191,4
12000.22500000,0.00003500,0.00002727,4
12000.35833333,0.00004987,0.00002027,3
12006.24166667,0.00181597,0.00097608,3
12006.33333333,0.00239264,0.00084986,2
12010.00000000,0.00219188,0.00246594,5
12011.72500000,0.00009523,0.00009218,5
12011.99166667,0.00006445,0.00003439,3
12013.16666667,0.00000000,0.00004658,1
12013.17500000,0.00000000,0.00004740,1
12015.00000000,0.00000000,0.00002113,1
12015.45833333,0.00007352,0.00000000,0
12015.57500000,0.00004379,0.00000000,0
12017.94166667,0.00063870,0.00024783,2
12018.05833333,0.00052341,0.00021078,2
12018.58333333,0.00003737,0.00000000,0
12019.01666667,0.00000000,0.00002908,1
12019.89166667,0.00014301,0.00000000,0
12020.00000000,0.00028643,0.00040646,6
12020.12500000,0.00008616,0.00000000,0
12021.49166667,0.00000000,0.00002404,1
12024.16666667,0.00000000,0.00009867,1
12025.00000000,0.00020393,0.00004068,7
12025.60833333,0.00004031,0.00000000,0
12030.00000000,0.00201403,0.00222495,5
12030.43333333,0.00000000,0.00004225,1
12031.25833333,0.00000000,0.00003140,1
12033.72500000,0.00049555,0.00022567,3
12033.74166667,0.00044862,0.00024110,3
12033.83333333,0.00050684,0.00017368,2
12036.21666667,0.00000000,0.00062819,1
12036.32500000,0.00000000,0.00044692,1
12040.00000000,0.00031001,0.00038259,6
12041.30833333,0.00000000,0.00002396,1
12041.34166667,0.00003438,0.00000000,0
12042.43333333,0.00000000,0.00005938,1
12042.47500000,0.00000000,0.00007194,1
12042.54166667,0.00000000,0.00006222,1
12045.00000000,0.00005460,0.00000000,0
12045.38333333,0.00000000,0.00002058,1
12050.00000000,0.00293147,0.00302691,5
12050.19166667,0.00003294,0.00000000,0
12056.75000000,0.00000000,0.00002051,1
12059.39166667,0.00005694,0.00005478,5
12060.00000000,0.00027845,0.00030662,5
12060.53333333,0.00005725,0.00005113,5
12065.00000000,0.00000000,0.00002315,1
12068.61666667,0.00000000,0.00004700,1
12070.00000000,0.00322038,0.00344423,5
12075.00000000,0.00019980,0.00021236,5
12076.06666667,0.00000000,0.00020689,1
12076.10000000,0.00000000,0.00018541,1
12076.25000000,0.00000000,0.00002447,1
12077.75000000,0.00000000,0.00014905,1
12077.86666667,0.00000000,0.00009444,1
12080.00000000,0.00015189,0.00030540,8
12081.79166667,0.00003361,0.00000000,0
12084.99166667,0.00000000,0.00006501,1
12085.36666667,0.00010096,0.00003480,2
12085.37500000,0.00010417,0.00003434,2
12090.00000000,0.00212471,0.00242685,5
12093.06666667,0.00000000,0.00002428,1
12093.32500000,0.00004714,0.00000000,0
12093.40000000,0.00006792,0.00000000,0
12096.79166667,0.00000000,0.00004670,1
12097.48333333,0.00003442,0.00000000,0
12100.00000000,0.00038942,0.00050185,6
12104.79166667,0.00010994,0.00000000,0
12105.01666667,0.00003485,0.00000000,0
12106.82500000,0.00012082,0.00009761,4
12106.85833333,0.00007374,0.00010910,6
12107.01666667,0.00029115,0.00023219,4
12107.05000000,0.00017825,0.00025770,6
12107.12500000,0.00012201,0.00014617,5
12109.37500000,0.00052669,0.00079004,6
12110.00000000,0.00111905,0.00120754,5
12118.63333333,0.00004911,0.00000000,0
12120.00000000,0.00023622,0.00033126,6
12125.00000000,0.00019434,0.00038309,8
12125.66666667,0.00006868,0.00000000,0
12125.80833333,0.00008300,0.00000000,0
12128.69166667,0.00018584,0.00004277,2
12129.37500000,0.00053590,0.00008326,0
12130.00000000,0.00138094,0.00157185,5
12132.76666667,0.00066639,0.00023040,2
12132.77500000,0.00064329,0.00023388,2
12132.86666667,0.00053372,0.00014860,2
12133.44166667,0.00003800,0.00000000,0
12133.80833333,0.00000000,0.00002398,1
12139.75833333,0.00004790,0.00000000,0
12140.00000000,0.00028637,0.00034703,6
12141.68333333,0.00004767,0.00002190,3
12142.59166667,0.00000000,0.00003475,1
12142.72500000,0.00000000,0.00004464,1
12142.75000000,0.00000000,0.00005215,1
12145.01666667,0.00005243,0.00000000,0
12150.00000000,0.00188068,0.00196516,5
12155.11666667,0.00008424,0.00005087,3
12155.14166667,0.00007326,0.00005733,4
12155.50000000,0.00016234,0.00005308,2
12155.61666667,0.00004636,0.00000000,0
12158.20833333,0.00011620,0.00011048,5
12159.47500000,0.00004081,0.00000000,0
12160.00000000,0.00000000,0.00003544,1
12164.39166667,0.00003549,0.00000000,0
12165.00000000,0.00000000,0.00003456,1
12170.00000000,0.00121523,0.00118800,5
12175.00000000,0.00004907,0.00019827,9
12180.00000000,0.00013291,0.00017426,6
12180.30833333,0.00005305,0.00000000,0
12183.93333333,0.00005387,0.00000000,0
12184.00000000,0.00005318,0.00000000,0
12185.67500000,0.00086752,0.00036293,3
12185.79166667,0.00093963,0.00032422,2
12185.89166667,0.00044813,0.00014127,2
12189.66666667,0.00003586,0.00000000,0
12190.00000000,0.00065298,0.00066592,5
12194.82500000,0.00004892,0.00000000,0
12195.25833333,0.00003873,0.00000000,0
12200.00000000,0.00025364,0.00024670,5
12203.60000000,0.00003978,0.00000000,0
12204.05833333,0.00004186,0.00000000,0
12205.00000000,0.00000000,0.00002632,1
12207.03333333,0.00018576,0.00018733,5
12207.22500000,0.00000000,0.00002900,1
12207.30000000,0.00000000,0.00002834,1
12209.77500000,0.00000000,0.00003370,1
12210.00000000,0.00118957,0.00128449,5
12216.37500000,0.00005908,0.00002296,2
12220.00000000,0.00019544,0.00028324,6
12220.25833333,0.00010361,0.00002140,7
12220.27500000,0.00010124,0.00001998,7
12224.12500000,0.00727699,0.00117031,7
12225.00000000,0.00010618,0.00013527,6
12230.00000000,0.00188424,0.00197327,5
12236.60833333,0.00009824,0.00005370,3
12236.65833333,0.00012367,0.00004351,2
12237.03333333,0.00000000,0.00002092,1
12237.50833333,0.00028775,0.00011194,2
12238.95000000,0.00000000,0.00186293,1
12239.12500000,0.00000000,0.00047528,1
12239.57500000,0.00039804,0.00014482,2
12240.00000000,0.00022197,0.00025076,5
12243.45833333,0.00005614,0.00000000,0
12243.55833333,0.00004671,0.00000000,0
12245.00833333,0.00004322,0.00002288,3
12245.25833333,0.00003821,0.00000000,0
12245.45000000,0.00000000,0.00002782,1
12250.00000000,0.00211945,0.00201810,5
12251.87500000,0.00003348,0.00000000,0
12252.80833333,0.00004188,0.00000000,0
12255.85000000,0.00012594,0.00013523,5
12255.95000000,0.00003328,0.00003101,5
12258.44166667,0.00000000,0.00013342,1
12258.55833333,0.00000000,0.00007531,1
12258.91666667,0.00006145,0.00000000,0
12260.00000000,0.00016203,0.00026904,6
12264.16666667,0.00034595,0.00011955,2
12264.18333333,0.00033683,0.00012799,2
12264.42500000,0.00503033,0.00181344,2
12264.63333333,0.00004231,0.00000000,0
12264.80000000,0.00564342,0.00209826,2
12265.04166667,0.00033519,0.00010608,2
12265.59166667,0.00000000,0.00002447,1
12265.86666667,0.00005194,0.00000000,0
12265.96666667,0.00005922,0.00000000,0
12266.66666667,0.00004466,0.00004559,5
12266.67500000,0.00004514,0.00004548,5
12267.01666667,0.00007479,0.00002215,2
12267.04166667,0.00008327,0.00001978,2
12268.18333333,0.00000000,0.00003108,1
12270.00000000,0.00081678,0.00082984,5
12272.14166667,0.00003798,0.00000000,0
12275.00000000,0.00017750,0.00005764,2
12276.15833333,0.00008082,0.00006587,4
12276.17500000,0.00008208,0.00006298,4
12280.00000000,0.00011974,0.00006794,3
12290.00000000,0.00158832,0.00157632,5
12294.04166667,0.00000000,0.00002179,1
12294.14166667,0.00000000,0.00004665,1
12294.17500000,0.00000000,0.00005297,1
12298.75000000,0.00007446,0.00000000,0
12300.00000000,0.00025710,0.00040807,6
12302.90000000,0.00000000,0.00002033,1
12304.68333333,0.00052712,0.00068055,6
12305.00000000,0.00000000,0.00002574,1
12306.60833333,0.00016038,0.00007967,3
12308.15000000,0.00009243,0.00005392,3
12310.00000000,0.00133755,0.00129069,5
12312.13333333,0.00000000,0.00004593,1
12312.46666667,0.00000000,0.00114344,1
12312.63333333,0.00000000,0.00049424,1
12312.78333333,0.00000000,0.00002171,1
12313.01666667,0.00000000,0.00018825,1
12313.03333333,0.00000000,0.00019413,1
12313.23333333,0.00004296,0.00000000,0
12313.34166667,0.00003704,0.00000000,0
12315.55000000,0.00000000,0.00008856,1
12315.80833333,0.00000000,0.00016400,1
12316.15833333,0.00003774,0.00000000,0
12320.00000000,0.00013402,0.00015710,5
12320.53333333,0.00006429,0.00000000,0
12320.63333333,0.00004578,0.00000000,0
12320.95833333,0.00197432,0.00059880,2
12321.05000000,0.00136609,0.00026328,7
12324.50833333,0.00004111,0.00000000,0
12325.00000000,0.00017860,0.00034794,8
12329.10000000,0.00000000,0.00002618,1
12330.00000000,0.00025441,0.00019878,4
12331.10000000,0.00000000,0.00002769,1
12332.10833333,0.00013004,0.00003393,2
12334.15000000,0.00004703,0.00000000,0
12340.00000000,0.00016877,0.00025782,6
12343.76666667,0.00015592,0.00012056,4
12344.99166667,0.00008360,0.00005635,4
12350.00000000,0.00094583,0.00059913,4
12350.82500000,0.00000000,0.00002518,1
12351.35833333,0.00003537,0.00000000,0
12351.78333333,0.00000000,0.00002744,1
12351.90833333,0.00000000,0.00005991,1
12352.71666667,0.00071324,0.00045880,4
12353.49166667,0.00035713,0.00023558,4
12353.60833333,0.00004198,0.00000000,0
12353.65000000,0.00000000,0.00002939,1
12356.35833333,0.00005464,0.00000000,0
12360.00000000,0.00004693,0.00011565,8
12362.80833333,0.00000000,0.00016210,1
12362.83333333,0.00000000,0.00018231,1
12364.72500000,0.00015968,0.00007795,3
12364.75000000,0.00012103,0.00008615,4
12364.83333333,0.00007033,0.00004349,4
12365.00000000,0.00006863,0.00009915,6
12366.72500000,0.00011995,0.00003122,2
12366.76666667,0.00011203,0.00003162,2
12366.77500000,0.00010799,0.00003147,2
12370.00000000,0.00063388,0.00064241,5
12370.74166667,0.00014334,0.00003595,2
12375.00000000,0.00007035,0.00022278,9
12379.73333333,0.00009173,0.00000000,0
12379.78333333,0.00008431,0.00002185,2
12380.00000000,0.00006163,0.00012253,8
12382.79166667,0.00000000,0.00002059,1
12383.25000000,0.00006613,0.00000000,0
12384.80000000,0.00004256,0.00006919,6
12385.00833333,0.00005799,0.00000000,0
12386.08333333,0.00057462,0.00021223,2
12390.00000000,0.00123175,0.00122964,5
12391.35000000,0.00005940,0.00010869,8
12391.38333333,0.00007088,0.00009484,6
12393.14166667,0.00000000,0.00010755,1
12393.22500000,0.00000000,0.00010369,1
12397.98333333,0.00003886,0.00000000,0
12400.00000000,0.00008148,0.00028176,9
12402.33333333,0.00008570,0.00008844,5
12403.20833333,0.00000000,0.00004287,1
12405.00000000,0.00000000,0.00004746,1
12405.31666667,0.00006606,0.00006074,5
12405.39166667,0.00006282,0.00002646,3
12409.53333333,0.00000000,0.00014772,1
12410.00000000,0.00033084,0.00029419,5
12411.60000000,0.00003841,0.00000000,0
12414.36666667,0.00000000,0.00006057,1
12414.76666667,0.00021712,0.00005325,2
12414.78333333,0.00021013,0.00005075,2
12417.26666667,0.00100721,0.00067320,4
12417.27500000,0.00100048,0.00067979,4
12418.49166667,0.00000000,0.00005189,1
12419.23333333,0.00000000,0.00008416,1
12420.00833333,0.00004885,0.00000000,0
12420.30000000,0.00000000,0.00004265,1
12422.02500000,0.00000000,0.00002067,1
12425.00000000,0.00034976,0.00019457,3
12430.00000000,0.00073597,0.00069574,5
12430.73333333,0.00003317,0.00000000,0
12432.35000000,0.00004612,0.00002712,3
12432.45833333,0.00003455,0.00002804,4
12433.33333333,0.00032444,0.00030673,5
12434.39166667,0.00003617,0.00000000,0
12435.00000000,0.00000000,0.00002015,1
12439.99166667,0.00005275,0.00002723,3
12445.00000000,0.00004783,0.00005178,5
12446.04166667,0.00005020,0.00000000,0
12447.52500000,0.00000000,0.00010872,1
12447.55000000,0.00000000,0.00011491,1
12450.00000000,0.00028771,0.00053866,8
12451.16666667,0.00005650,0.00004468,4
12455.00833333,0.00000000,0.00002892,1
12457.16666667,0.00000000,0.00015688,1
12457.17500000,0.00000000,0.00015982,1
12457.27500000,0.00000000,0.00004896,1
12457.71666667,0.00003610,0.00000000,0
12459.99166667,0.00000000,0.00005129,1
12461.37500000,0.00003878,0.00000000,0
12461.86666667,0.00026496,0.00004766,7
12461.90000000,0.00027917,0.00004965,7
12464.99166667,0.00000000,0.00002379,1
12466.67500000,0.00003675,0.00000000,0
12467.77500000,0.00000000,0.00007952,1
12470.00000000,0.00010920,0.00010948,5
12470.38333333,0.00065666,0.00015991,2
12471.30000000,0.00003520,0.00000000,0
12475.00000000,0.00010886,0.00007648,4
12477.18333333,0.00000000,0.00002267,1
12479.74166667,0.00015035,0.00004409,2
12479.85000000,0.00007679,0.00000000,0
12479.99166667,0.00004364,0.00002848,4
12480.37500000,0.00006399,0.00000000,0
12480.66666667,0.09566118,0.04956236,3
12480.68333333,0.09706938,0.04713611,3
12480.87500000,0.00018732,0.00007780,3
12480.96666667,0.00003520,0.00002462,4
12481.00000000,0.00003953,0.00000000,0
12481.07500000,0.00003457,0.00000000,0
12481.30000000,0.00003959,0.00000000,0
12482.42500000,0.00182342,0.00117662,4
12482.44166667,0.00185120,0.00116123,4
12484.64166667,0.00003570,0.00000000,0
12485.00833333,0.00014932,0.00004456,2
12485.09166667,0.00014890,0.00003679,2
12485.52500000,0.00005318,0.00002287,3
12485.54166667,0.00004686,0.00002401,3
12485.62500000,0.00005333,0.00000000,0
12488.14166667,0.00000000,0.00002379,1
12488.32500000,0.00014463,0.00011493,4
12488.33333333,0.00014183,0.00011975,4
12488.40000000,0.00014847,0.00008423,3
12490.00833333,0.00004020,0.00007723,8
12490.46666667,0.00000000,0.00030043,1
12490.47500000,0.00000000,0.00030054,1
12493.66666667,0.00003591,0.00000000,0
12494.20000000,0.00004266,0.00000000,0
12495.01666667,0.00003975,0.00004793,5
12496.42500000,0.00003378,0.00000000,0
12496.56666667,0.00005344,0.00000000,0
12496.84166667,0.00027070,0.00012831,3
12497.21666667,0.00000000,0.00002360,1
12497.67500000,0.00000000,0.00002082,1
12497.96666667,0.00000000,0.00002204,1
12498.06666667,0.00000000,0.00002076,1
12498.21666667,0.00000000,0.00002601,1
12498.31666667,0.00003518,0.00002642,4
12498.37500000,0.00015491,0.00003930,2
12498.45000000,0.00005532,0.00002811,3
12498.50833333,0.00009018,0.00002344,2
12498.56666667,0.00000000,0.00003142,1
12498.61666667,0.00003645,0.00002773,4
12498.66666667,0.00000000,0.00003890,1
12498.72500000,0.00000000,0.00002925,1
12498.76666667,0.00004014,0.00002349,3
12498.81666667,0.00000000,0.00003162,1
12498.86666667,0.00005000,0.00003464,4
12498.91666667,0.00000000,0.00003353,1
12498.96666667,0.00004477,0.00003760,4
12499.01666667,0.00003606,0.00003606,5
12499.06666667,0.00004279,0.00004176,5
12499.11666667,0.00003734,0.00003988,5
12499.15833333,0.00007231,0.00004387,3
12499.21666667,0.00004840,0.00004538,5
12499.25833333,0.00005689,0.00004831,4
12499.30833333,0.00006274,0.00006828,5
12499.35833333,0.00006954,0.00005103,4
12499.40833333,0.00005858,0.00007142,6
12499.45833333,0.00009712,0.00006686,4
12499.50833333,0.00008390,0.00008400,5
12499.55000000,0.00008661,0.00008633,5
12499.60000000,0.00014377,0.00010999,4
12499.65000000,0.00011660,0.00011046,5
12499.69166667,0.00017457,0.00015121,11
12499.73333333,0.00021710,0.00018855,11
12499.80833333,0.00040691,0.00032278,4
12499.84166667,0.00063279,0.00056420,5
12500.00000000,1.38755648,1.15965459,4
12500.15833333,0.00060405,0.00052349,11
12500.19166667,0.00039712,0.00033238,4
12500.26666667,0.00021459,0.00019396,5
12500.30833333,0.00016602,0.00014142,4
12500.35833333,0.00013686,0.00011561,4
12500.40000000,0.00011738,0.00010507,5
12500.45000000,0.00009602,0.00009216,5
12500.49166667,0.00009464,0.00007870,4
12500.54166667,0.00008373,0.00007210,4
12500.59166667,0.00006782,0.00006688,5
12500.64166667,0.00007234,0.00006067,4
12500.69166667,0.00006299,0.00005721,5
12500.74166667,0.00004554,0.00004988,5
12500.79166667,0.00000000,0.00004746,1
12500.83333333,0.00007137,0.00004180,3
12500.88333333,0.00004072,0.00004471,5
12500.93333333,0.00000000,0.00003995,1
12500.98333333,0.00004978,0.00003414,4
12501.03333333,0.00004436,0.00004195,5
12501.08333333,0.00000000,0.00003248,1
12501.13333333,0.00000000,0.00002908,1
12501.18333333,0.00003518,0.00003137,5
12501.23333333,0.00000000,0.00002402,1
12501.28333333,0.00000000,0.00003462,1
12501.33333333,0.00000000,0.00002255,1
12501.38333333,0.00003894,0.00002709,4
12501.43333333,0.00000000,0.00002419,1
12501.48333333,0.00003985,0.00002653,4
12501.53333333,0.00000000,0.00002078,1
12501.58333333,0.00004099,0.00002638,4
12501.67500000,0.00003433,0.00002064,3
12501.73333333,0.00000000,0.00002529,1
12501.93333333,0.00000000,0.00002158,1
12502.27500000,0.00003853,0.00000000,0
12502.53333333,0.00004357,0.00002130,3
12502.78333333,0.00005807,0.00000000,0
12502.84166667,0.00004574,0.00000000,0
12502.88333333,0.00000000,0.00002537,1
12504.99166667,0.00000000,0.00003706,1
12507.19166667,0.00000000,0.00004513,1
12507.24166667,0.00000000,0.00005270,1
12508.15833333,0.00000000,0.00003895,1
12508.25000000,0.00000000,0.00007973,1
12508.36666667,0.00000000,0.00004545,1
12508.48333333,0.00004820,0.00000000,0
12509.52500000,0.00000000,0.00009781,1
12509.53333333,0.00000000,0.00009863,1
12509.75000000,0.00000000,0.00002436,1
12509.77500000,0.00000000,0.00003203,1
12510.00000000,0.00013248,0.00009791,4
12511.47500000,0.00000000,0.00002283,1
12515.30000000,0.00003547,0.00000000,0
12515.42500000,0.00003816,0.00000000,0
12519.31666667,0.00048442,0.00018564,2
12519.33333333,0.00046744,0.00019816,3
12520.00000000,0.00000000,0.00008183,1
12520.97500000,0.00004836,0.00000000,0
12521.10833333,0.00003799,0.00000000,0
12521.23333333,0.00003456,0.00000000,0
12521.82500000,0.00000000,0.00008498,1
12522.45000000,0.00000000,0.00002508,1
12525.00833333,0.00014891,0.00008303,3
12527.48333333,0.00003729,0.00000000,0
12528.69166667,0.00006229,0.00000000,0
12530.00000000,0.00028820,0.00026894,5
12531.21666667,0.00007199,0.00000000,0
12535.00000000,0.00000000,0.00002344,1
12539.06666667,0.00003482,0.00000000,0
12540.00000000,0.00000000,0.00005093,1
12540.91666667,0.00003920,0.00000000,0
12541.21666667,0.00000000,0.00032848,1
12544.73333333,0.00004089,0.00000000,0
12545.00000000,0.00000000,0.00002817,1
12547.16666667,0.00005644,0.00000000,0
12547.27500000,0.00004258,0.00000000,0
12548.61666667,0.00127985,0.00083714,4
12548.82500000,0.00000000,0.00004439,1
12550.00000000,0.00037005,0.00013304,2
12554.65833333,0.00021800,0.00012527,3
12554.67500000,0.00020788,0.00013975,4
12554.74166667,0.00018434,0.00011032,3
12555.00000000,0.00000000,0.00004206,1
12558.60000000,0.00000000,0.00002232,1
12560.00000000,0.00003846,0.00002513,4
12560.80000000,0.00006204,0.00000000,0
12560.84166667,0.00003919,0.00002339,3
12560.90000000,0.00006454,0.00000000,0
12563.43333333,0.00017739,0.00010776,10
12566.66666667,0.00022625,0.00022291,5
12567.84166667,0.00000000,0.00002247,1
12570.00000000,0.00039590,0.00032901,4
12575.00000000,0.00021683,0.00024738,5
12578.52500000,0.00000000,0.00002170,1
12580.00000000,0.00000000,0.00002397,1
12580.16666667,0.00004267,0.00000000,0
12582.66666667,0.00012636,0.00002331,7
12582.68333333,0.00012288,0.00002393,7
12583.92500000,0.00009418,0.00004589,3
12583.95000000,0.00008048,0.00005253,4
12584.06666667,0.00004857,0.00000000,0
12584.52500000,0.00018753,0.00011210,3
12584.55000000,0.00015732,0.00012578,4
12584.64166667,0.00013891,0.00007275,3
12585.22500000,0.00019589,0.00004539,2
12588.15833333,0.00005730,0.00002277,2
12588.19166667,0.00004066,0.00002781,4
12589.28333333,0.00000000,0.00002148,1
12590.00000000,0.00038297,0.00028051,4
12592.53333333,0.00004179,0.00000000,0
12594.52500000,0.00003617,0.00000000,0
12594.66666667,0.00028291,0.00012780,3
12594.67500000,0.00028314,0.00012722,3
12594.99166667,0.00000000,0.00004897,1
12597.65833333,0.00010612,0.00010660,5
12599.99166667,0.00017537,0.00008899,3
12605.00000000,0.00000000,0.00002189,1
12607.42500000,0.00000000,0.00002461,1
12608.62500000,0.00005253,0.00010264,8
12608.63333333,0.00005177,0.00010406,8
12608.95000000,0.00203714,0.00049024,2
12609.01666667,0.00205333,0.00044711,7
12609.15000000,0.00000000,0.00017745,1
12609.50000000,0.00003811,0.00000000,0
12610.00000000,0.00090560,0.00083768,5
12613.44166667,0.00003761,0.00000000,0
12613.53333333,0.00004243,0.00000000,0
12613.61666667,0.00007469,0.00002112,2
12613.73333333,0.00061787,0.00027529,3
12613.91666667,0.12912000,0.05962731,3
12614.12500000,0.00020611,0.00008401,3
12614.20833333,0.00005044,0.00002139,3
12614.23333333,0.00005524,0.00000000,0
12614.30000000,0.00003859,0.00000000,0
12614.38333333,0.00004442,0.00000000,0
12614.47500000,0.00003572,0.00000000,0
12614.93333333,0.00003281,0.00000000,0
12615.00833333,0.00008012,0.00002363,2
12615.19166667,0.00003949,0.00006189,6
12615.57500000,0.00000000,0.00008736,1
12615.89166667,0.00000000,0.00002698,1
12616.74166667,0.00004875,0.00000000,0
12617.15833333,0.00093701,0.00006310,0
12617.18333333,0.00070177,0.00007166,0
12617.26666667,0.00070084,0.00005651,0
12618.48333333,0.00012409,0.00003975,2
12618.60833333,0.00005849,0.00002297,2
12619.96666667,0.00004060,0.00007042,8
12620.00833333,0.00004265,0.00008787,8
12620.05000000,0.00012593,0.00003969,2
12620.20000000,0.01912981,0.00678490,2
12620.28333333,0.01535604,0.00545951,2
12620.45833333,0.00004153,0.00000000,0
12620.53333333,0.00007481,0.00000000,0
12620.64166667,0.00327953,0.00058077,7
12620.67500000,0.00238090,0.00063987,2
12620.75833333,0.00150264,0.00037987,2
12620.87500000,0.00010640,0.00000000,0
12622.37500000,0.00004089,0.00000000,0
12622.89166667,0.00000000,0.00011879,1
12624.62500000,0.00083302,0.00023639,2
12625.00000000,0.00003464,0.00025025,1
12626.69166667,0.00012766,0.00002099,7
12627.16666667,0.00003938,0.00000000,0
12628.63333333,0.00004123,0.00000000,0
12629.23333333,0.02603605,0.01031740,2
12629.30833333,0.02151316,0.00796520,2
12629.48333333,0.00005843,0.00000000,0
12630.00000000,0.00068188,0.00067835,5
12631.15000000,0.00003709,0.00000000,0
12633.22500000,0.00012446,0.00003253,2
12633.23333333,0.00012384,0.00003343,2
12633.35000000,0.00005104,0.00002483,3
12635.00000000,0.00000000,0.00009331,1
12636.04166667,0.00004662,0.00000000,0
12636.74166667,0.00013355,0.00004819,2
12636.85000000,0.00005263,0.00000000,0
12640.00000000,0.00000000,0.00004453,1
12644.99166667,0.00000000,0.00002065,1
12646.22500000,0.00000000,0.00002106,1
12646.43333333,0.00011904,0.00009977,4
12646.52500000,0.00025761,0.00021501,4
12646.53333333,0.00026441,0.00019654,4
12647.38333333,0.00000000,0.00002208,1
12647.46666667,0.00000000,0.00010602,1
12647.55000000,0.00000000,0.00013203,1
12647.65000000,0.00000000,0.00006762,1
12648.59166667,0.00005213,0.00000000,0
12650.00000000,0.00032791,0.00034033,5
12651.80000000,0.00000000,0.00002209,1
12655.00000000,0.00006698,0.00006011,5
12656.05000000,0.00005957,0.00000000,0
12656.13333333,0.00006967,0.00000000,0
12656.25000000,0.00021033,0.00016218,4
12658.12500000,0.00009101,0.00002618,2
12658.13333333,0.00008825,0.00002634,2
12658.20833333,0.00000000,0.00002478,1
12658.73333333,0.00026075,0.00008405,2
12658.84166667,0.00008230,0.00004928,3
12660.00000000,0.00017556,0.00020932,5
12667.90000000,0.00009494,0.00001995,7
12670.00000000,0.00152476,0.00125382,4
12670.90833333,0.00000000,0.00003157,1
12675.00000000,0.00014653,0.00052293,9
12675.18333333,0.00003935,0.00000000,0
12677.69166667,0.00004696,0.00000000,0
12677.80000000,0.00004052,0.00000000,0
12679.45833333,0.00006481,0.00000000,0
12680.00000000,0.00011605,0.00018377,6
12684.19166667,0.00000000,0.00053494,1
12685.54166667,0.00000000,0.00002150,1
12688.07500000,0.00000000,0.00030360,1
12688.16666667,0.00000000,0.00016355,1
12690.00000000,0.00183263,0.00149772,4
12691.31666667,0.00000000,0.00009216,1
12691.40833333,0.00000000,0.00004686,1
12691.91666667,0.00000000,0.00002991,1
12692.80833333,0.00093405,0.00049645,3
12693.92500000,0.00005109,0.00000000,0
12695.00000000,0.00000000,0.00004446,1
12695.31666667,0.00009871,0.00016795,6
12696.62500000,0.00005354,0.00000000,0
12697.10833333,0.00000000,0.00005021,1
12697.42500000,0.00009414,0.00000000,0
12697.50833333,0.00009400,0.00000000,0
12699.11666667,0.00005426,0.00000000,0
12700.00000000,0.00014091,0.00023672,6
12705.78333333,0.00003726,0.00000000,0
12710.00000000,0.00180843,0.00148523,4
12712.60833333,0.00000000,0.00003539,1
12714.96666667,0.00000000,0.00002006,1
12718.10833333,0.00005829,0.00000000,0
12718.18333333,0.00003352,0.00000000,0
12720.00000000,0.00013846,0.00017068,6
12723.81666667,0.00005312,0.00003890,4
12723.85000000,0.00005013,0.00004447,5
12723.88333333,0.00004046,0.00003612,5
12725.00000000,0.00032669,0.00005785,7
12725.40833333,0.00004018,0.00000000,0
12727.65833333,0.00003620,0.00000000,0
12727.78333333,0.00003941,0.00000000,0
12727.85000000,0.00004026,0.00000000,0
12730.00000000,0.00091954,0.00074760,4
12731.07500000,0.00000000,0.00003446,1
12733.30833333,0.00008974,0.00004557,3
12733.33333333,0.00007745,0.00005159,4
12734.38333333,0.00007104,0.00000000,0
12735.00833333,0.00000000,0.00003056,1
12740.00000000,0.00004509,0.00007739,13
12741.08333333,0.00005621,0.00000000,0
12741.82500000,0.00057705,0.00005388,0
12741.85000000,0.00063780,0.00004697,0
12742.01666667,0.00035677,0.00002231,0
12743.06666667,0.00004795,0.00000000,0
12743.32500000,0.00026531,0.00002553,0
12743.33333333,0.00026547,0.00002499,0
12743.50833333,0.00116580,0.00007493,0
12744.15000000,0.00011105,0.00012091,5
12750.00000000,0.00210331,0.00166346,4
12751.15000000,0.00094598,0.00019831,7
12753.90833333,0.00000000,0.00002198,1
12754.55833333,0.00034358,0.00015806,3
12758.89166667,0.00000000,0.00014253,1
12759.50833333,0.00000000,0.00004438,1
12759.82500000,0.00000000,0.00004670,1
12760.01666667,0.00030654,0.00021027,4
12760.10000000,0.00007554,0.00002147,2
12760.23333333,0.00073041,0.00027769,2
12760.40000000,0.09495057,0.04644252,3
12760.43333333,0.10268921,0.04213194,3
12760.62500000,0.00019673,0.00006402,2
12760.72500000,0.00005730,0.00000000,0
12760.79166667,0.00005973,0.00000000,0
12760.87500000,0.00004516,0.00000000,0
12760.97500000,0.00003608,0.00000000,0
12762.48333333,0.00000000,0.00005684,1
12768.55000000,0.00000000,0.00003023,1
12770.00000000,0.00209431,0.00168784,4
12772.54166667,0.00010348,0.00004147,2
12772.65833333,0.00005310,0.00000000,0
12775.00000000,0.00015096,0.00010013,4
12779.74166667,0.00009038,0.00002072,2
12780.00000000,0.00029968,0.00030332,5
12781.83333333,0.00004577,0.00000000,0
12790.00000000,0.00130245,0.00102162,4
12790.71666667,0.00005379,0.00000000,0
12792.96666667,0.00026925,0.00024287,5
12792.97500000,0.00026834,0.00024513,5
12799.48333333,0.00005107,0.00000000,0
12800.00000000,0.00027803,0.00022399,4
12804.22500000,0.00004098,0.00000000,0
12810.00000000,0.00089574,0.00068215,4
12812.75000000,0.00019304,0.00007663,2
12812.77500000,0.00020576,0.00007074,2
12814.22500000,0.00021941,0.00008770,2
12814.30000000,0.00008344,0.00011349,6
12814.33333333,0.00010359,0.00009528,5
12816.98333333,0.00003635,0.00000000,0
12817.37500000,0.00000000,0.00002237,1
12820.00000000,0.00019948,0.00019990,5
12822.26666667,0.00007434,0.00000000,0
12822.28333333,0.00006539,0.00000000,0
12825.00000000,0.00000000,0.00015870,1
12830.00000000,0.00106041,0.00072871,4
12835.58333333,0.00005112,0.00000000,0
12840.00833333,0.00003944,0.00000000,0
12840.53333333,0.00003301,0.00000000,0
12841.28333333,0.00042414,0.00007057,7
12841.79166667,0.00010921,0.00013024,5
12843.09166667,0.00006843,0.00000000,0
12845.57500000,0.00004495,0.00000000,0
12845.65833333,0.00004764,0.00000000,0
12848.36666667,0.00003443,0.00000000,0
12850.00000000,0.00151989,0.00104573,4
12851.95000000,0.00003830,0.00000000,0
12853.88333333,0.00003326,0.00000000,0
12858.67500000,0.00004775,0.00000000,0
12859.99166667,0.00023168,0.00033287,6
12863.79166667,0.00003561,0.00000000,0
12869.12500000,0.00004709,0.00000000,0
12870.00000000,0.00156908,0.00114122,4
12870.61666667,0.00006715,0.00006469,5
12870.64166667,0.00005758,0.00005884,5
12873.50000000,0.00003307,0.00000000,0
12873.59166667,0.00005840,0.00000000,0
12874.30833333,0.00005760,0.00000000,0
12875.00000000,0.00012802,0.00024197,8
12879.83333333,0.00004299,0.00000000,0
12880.00000000,0.00028893,0.00022946,4
12890.00000000,0.00159314,0.00115530,4
12890.62500000,0.00031919,0.00005797,7
12890.65000000,0.00028306,0.00006353,7
12895.00833333,0.00004044,0.00000000,0
12900.00000000,0.00043258,0.00039462,5
12906.94166667,0.00005702,0.00011897,8
12908.02500000,0.00004241,0.00004173,5
12908.07500000,0.00000000,0.00004697,1
12910.00000000,0.00262040,0.00191156,4
12915.00833333,0.00000000,0.00009240,1
12920.00000000,0.00010842,0.00014975,6
12922.13333333,0.00000000,0.00002296,1
12922.25000000,0.00000000,0.00002308,1
12923.38333333,0.00008047,0.00000000,0
12925.00000000,0.00031731,0.00017952,3
12925.75833333,0.00003669,0.00000000,0
12928.31666667,0.00006368,0.00000000,0
12929.34166667,0.00016689,0.00000000,0
12929.45833333,0.00011046,0.00000000,0
12929.69166667,0.00003703,0.00002108,3
12930.00000000,0.00364008,0.00256621,4
12930.95000000,0.00158328,0.00099164,4
12930.98333333,0.00126174,0.00118660,5
12931.05000000,0.00117325,0.00082669,4
12934.83333333,0.00031382,0.00012729,3
12934.93333333,0.00029841,0.00006639,7
12935.42500000,0.00005925,0.00006151,5
12935.43333333,0.00005861,0.00006284,5
12935.53333333,0.00007551,0.00003451,3
12936.34166667,0.00000000,0.00002660,1
12936.78333333,0.00003576,0.00000000,0
12939.44166667,0.00015233,0.00013748,5
12940.00833333,0.00033376,0.00018743,3
12944.66666667,0.00133698,0.00032672,2
12944.68333333,0.00136589,0.00032557,2
12950.00000000,0.00290285,0.00204341,4
12952.42500000,0.00000000,0.00002147,1
12954.61666667,0.00000000,0.00006212,1
12955.00833333,0.00000000,0.00002536,1
12956.60000000,0.00003518,0.00000000,0
12960.00000000,0.00028299,0.00015783,3
12960.86666667,0.00026403,0.00010437,2
12960.88333333,0.00026793,0.00009953,2
12964.29166667,0.00003964,0.00000000,0
12966.17500000,0.00005761,0.00003646,4
12966.25833333,0.00000000,0.00003908,1
12967.78333333,0.00037540,0.00000000,0
12968.10000000,0.00019803,0.00000000,0
12968.76666667,0.00003720,0.00002037,3
12970.00000000,0.00211871,0.00140565,4
12974.40833333,0.00003340,0.00000000,0
12975.00000000,0.00017199,0.00003687,7
12975.83333333,0.00000000,0.00010505,1
12980.00000000,0.00039893,0.00028214,4
12980.46666667,0.00007676,0.00002515,2
12980.47500000,0.00007749,0.00002345,2
12981.95833333,0.00009774,0.00004093,3
12982.04166667,0.00000000,0.00005886,1
12982.08333333,0.00003606,0.00004019,5
12988.02500000,0.00003696,0.00000000,0
12988.26666667,0.00000000,0.00002893,1
12988.30000000,0.00000000,0.00002142,1
12989.15833333,0.00003817,0.00000000,0
12990.00000000,0.00223367,0.00144589,4
12993.66666667,0.00028154,0.00015321,3
12993.72500000,0.00018126,0.00018035,5
12993.75833333,0.00015031,0.00016457,5
13000.00833333,0.00014852,0.00003328,7
13004.86666667,0.00004641,0.00000000,0
13004.97500000,0.00003453,0.00000000,0
13006.26666667,0.00049563,0.00005093,0
13008.03333333,0.00000000,0.00002877,1
13010.00000000,0.00255773,0.00163987,4
13010.29166667,0.00005792,0.00000000,0
13010.40833333,0.00004675,0.00000000,0
13015.00000000,0.00005221,0.00002389,3
13017.25000000,0.00278600,0.00093008,2
13017.28333333,0.00233977,0.00103647,3
13017.34166667,0.00282771,0.00074731,2
13018.30833333,0.00012700,0.00021642,13
13020.00000000,0.00045619,0.00027138,3
13021.10833333,0.00005244,0.00000000,0
13021.60833333,0.00033607,0.00007952,2
13022.54166667,0.00004031,0.00000000,0
13022.66666667,0.00003618,0.00000000,0
13024.50833333,0.00003841,0.00000000,0
13024.60833333,0.00004931,0.00000000,0
13025.00000000,0.00026492,0.00010665,2
13025.52500000,0.00114468,0.00015519,0
13025.53333333,0.00111095,0.00016420,0
13025.62500000,0.00115851,0.00012949,0
13027.33333333,0.00003501,0.00002425,4
13030.00000000,0.00278107,0.00177129,4
13030.20833333,0.00003476,0.00000000,0
13030.33333333,0.00000000,0.00002079,1
13033.09166667,0.00094768,0.00016813,7
13033.20000000,0.00080189,0.00011171,0
13036.42500000,0.00003674,0.00000000,0
13037.06666667,0.00004093,0.00004072,5
13037.08333333,0.00004450,0.00003820,4
13039.75000000,0.00006499,0.00000000,0
13040.00000000,0.00039452,0.00023583,3
13044.86666667,0.00004864,0.00000000,0
13045.01666667,0.00004147,0.00000000,0
13046.85833333,0.00000000,0.00003682,1
13046.87500000,0.00000000,0.00003820,1
13050.00000000,0.00267875,0.00175180,4
13055.00833333,0.00000000,0.00002761,1
13060.00000000,0.00042344,0.00024927,3
13067.85833333,0.00050524,0.00019945,2
13067.88333333,0.00052618,0.00018913,2
13070.00000000,0.00294486,0.00181846,4
13075.00000000,0.00015521,0.00007355,3
13076.16666667,0.00006000,0.00003450,3
13076.17500000,0.00005831,0.00003507,3
13077.01666667,0.00023060,0.00002209,0
13077.06666667,0.00012833,0.00003027,2
13077.13333333,0.00026618,0.00002205,0
13080.00000000,0.00050581,0.00029978,3
13083.70000000,0.00003765,0.00000000,0
13083.80833333,0.00004449,0.00000000,0
13085.93333333,0.00054854,0.00030520,3
13087.11666667,0.00417679,0.00106061,2
13087.13333333,0.00395025,0.00115719,2
13087.20833333,0.00434703,0.00080634,7
13087.40833333,0.00229289,0.00054333,2
13087.43333333,0.00197783,0.00060869,2
13087.50000000,0.00225760,0.00042861,7
13090.00000000,0.00324842,0.00204913,4
13095.00000000,0.00000000,0.00003052,1
13100.00000000,0.00074311,0.00046218,4
13102.87500000,0.00471394,0.00077369,7
13102.96666667,0.00539331,0.00062780,0
13105.17500000,0.00000000,0.00003806,1
13107.60000000,0.00005644,0.00000000,0
13108.55000000,0.00014108,0.00004270,2
13108.57500000,0.00014719,0.00004657,2
13110.00000000,0.00246503,0.00154124,4
13110.43333333,0.00353024,0.00428633,6
13112.24166667,0.00018688,0.00007299,2
13112.28333333,0.00020799,0.00006006,2
13112.95833333,0.00019814,0.00006807,2
13112.99166667,0.00016480,0.00007946,3
13113.05833333,0.00019949,0.00005621,2
13113.23333333,0.00006392,0.00000000,0
13113.75833333,0.00006847,0.00002805,3
13115.00000000,0.00003954,0.00005524,6
13119.96666667,0.00023323,0.00017448,4
13120.00000000,0.00030556,0.00013784,3
13120.06666667,0.00011628,0.00065923,12
13120.15833333,0.00000000,0.00035942,1
13121.12500000,0.00000000,0.00003064,1
13125.00000000,0.00093787,0.00069241,4
13130.00000000,0.00209102,0.00122212,3
13134.75000000,0.00000000,0.00003012,1
13135.00833333,0.00000000,0.00002637,1
13135.03333333,0.00000000,0.00002218,1
13140.00000000,0.00036571,0.00022012,3
13149.81666667,0.00014427,0.00010199,4
13149.85000000,0.00012197,0.00011126,5
13150.00000000,0.00232613,0.00144729,4
13151.75000000,0.00006132,0.00000000,0
13151.85833333,0.00007590,0.00000000,0
13155.00833333,0.00000000,0.00002037,1
13160.00000000,0.00030345,0.00022972,4
13160.29166667,0.00003326,0.00007853,8
13169.13333333,0.00003898,0.00005785,6
13170.00000000,0.00228081,0.00129372,3
13172.75833333,0.00003484,0.00000000,0
13173.84166667,0.00000000,0.00001992,1
13174.05833333,0.00007032,0.00000000,0
13174.17500000,0.00004050,0.00000000,0
13175.00000000,0.00017850,0.00013777,4
13177.04166667,0.00004874,0.00000000,0
13177.15000000,0.00003295,0.00000000,0
13180.00000000,0.00015494,0.00012207,4
13182.36666667,0.00000000,0.00014721,1
13190.00000000,0.00179932,0.00094383,3
13194.91666667,0.00163330,0.00053496,2
13194.93333333,0.00152268,0.00056006,2
13195.00000000,0.00159849,0.00040118,2
13198.71666667,0.00009658,0.00033306,9
13198.79166667,0.00008454,0.00015845,8
13200.00000000,0.00015295,0.00014112,5
13205.84166667,0.00000000,0.00002511,1
13210.00000000,0.00146711,0.00077229,3
13216.19166667,0.00006664,0.00000000,0
13219.08333333,0.00054003,0.00482406,1
13220.00000000,0.00011421,0.00013218,5
13221.45000000,0.00005547,0.00002450,3
13221.47500000,0.00005029,0.00002627,3
13221.90000000,0.00013710,0.00050648,9
13221.93333333,0.00016073,0.00042773,9
13224.24166667,0.00000000,0.00002094,1
13225.00000000,0.00006504,0.00007111,5
13226.41666667,0.00051718,0.00021672,3
13230.00000000,0.00149109,0.00076265,3
13232.40833333,0.00003737,0.00002981,4
13233.32500000,0.00000000,0.00002414,1
13238.40833333,0.00000000,0.00002428,1
13240.00000000,0.00016547,0.00012708,4
13243.82500000,0.00003850,0.00000000,0
13249.55833333,0.00000000,0.00002284,1
13250.00000000,0.00150491,0.00063149,3
13254.11666667,0.00003566,0.00000000,0
13255.00000000,0.00000000,0.00002986,1
13257.30833333,0.00007803,0.00000000,0
13260.00000000,0.00026757,0.00015727,3
13262.01666667,0.00000000,0.00010450,1
13263.90000000,0.00012890,0.00003855,2
13270.00000000,0.00121860,0.00058789,3
13270.91666667,0.00010416,0.00004513,3
13274.01666667,0.00000000,0.00007889,1
13274.09166667,0.00000000,0.00005431,1
13275.00000000,0.00019988,0.00010319,3
13280.00000000,0.00020509,0.00016525,4
13280.15833333,0.00000000,0.00003062,1
13281.25000000,0.00020837,0.00009503,3
13283.03333333,0.00003737,0.00000000,0
13290.00000000,0.00115948,0.00049705,3
13295.00833333,0.00004475,0.00000000,0
13295.88333333,0.00000000,0.00007062,1
13300.00000000,0.00041985,0.00022066,3
13303.31666667,0.00016450,0.00004161,2
13303.34166667,0.00015145,0.00004754,2
13303.40833333,0.00018632,0.00003819,7
13310.00000000,0.00115728,0.00050301,3
13315.00833333,0.00004361,0.00000000,0
13320.00000000,0.00011633,0.00007641,4
13324.07500000,0.00005192,0.00000000,0
13324.17500000,0.00004177,0.00000000,0
13325.00000000,0.00029515,0.00000000,0
13328.65833333,0.00003660,0.00000000,0
13330.00000000,0.00153211,0.00061762,2
13334.28333333,0.00228018,0.00170634,4
13335.00000000,0.00003329,0.00000000,0
13340.00000000,0.00016924,0.00010700,4
13350.00000000,0.00173259,0.00069729,2
13351.30833333,0.00006767,0.00000000,0
13351.40833333,0.00008041,0.00000000,0
13354.99166667,0.00000000,0.00002487,1
13358.25833333,0.00000000,0.00003658,1
13358.35833333,0.00000000,0.00004387,1
13359.37500000,0.00005835,0.00000000,0
13360.00000000,0.00019864,0.00011059,3
13370.00000000,0.00203059,0.00077363,2
13373.01666667,0.00003422,0.00000000,0
13373.85000000,0.00008207,0.00000000,0
13375.00000000,0.00006253,0.00014046,8
13380.00000000,0.00028416,0.00007976,2
13382.78333333,0.00003541,0.00000000,0
13390.00000000,0.00232611,0.00085399,2
13395.62500000,0.00006139,0.00007339,5
13400.00000000,0.00074156,0.00024725,2
13403.21666667,0.00000000,0.00002771,1
13403.25833333,0.00000000,0.00002471,1
13406.50833333,0.00080924,0.00024276,2
13406.53333333,0.00083646,0.00022226,2
13408.96666667,0.00016402,0.00004613,2
13408.97500000,0.00016510,0.00004713,2
13410.00000000,0.00269255,0.00094598,2
13410.38333333,0.00000000,0.00012389,1
13413.85833333,0.00003721,0.00000000,0
13415.06666667,0.00000000,0.00006302,1
13415.15833333,0.00000000,0.00002595,1
13420.00000000,0.00033699,0.00011172,2
13425.02500000,0.00003940,0.00000000,0
13430.00000000,0.00289694,0.00094815,2
13437.99166667,0.00005030,0.00000000,0
13440.00000000,0.00042069,0.00012698,2
13443.76666667,0.00004693,0.00000000,0
13446.09166667,0.00010232,0.00000000,0
13446.42500000,0.00027648,0.00005513,7
13446.44166667,0.00026535,0.00005727,7
13446.53333333,0.00012725,0.00003347,2
13449.32500000,0.00209343,0.00038432,7
13449.45000000,0.00381176,0.00054278,0
13449.47500000,0.00345412,0.00058323,7
13449.57500000,0.00193335,0.00026664,0
13450.00000000,0.00328172,0.00096534,2
13460.00000000,0.00030844,0.00013165,3
13461.15833333,0.00003521,0.00000000,0
13463.05000000,0.00000000,0.00011160,1
13463.15000000,0.00000000,0.00006680,1
13470.00000000,0.00390055,0.00114271,2
13473.48333333,0.00004538,0.00000000,0
13473.58333333,0.00004430,0.00000000,0
13475.00000000,0.00004954,0.00007750,6
13476.55833333,0.00016362,0.00009009,3
13480.00000000,0.00040283,0.00015627,2
13485.56666667,0.00004268,0.00000000,0
13490.00000000,0.00439967,0.00118780,2
13498.57500000,0.00000000,0.00006654,1
13500.00000000,0.00056436,0.00005613,0
13510.00000000,0.00447728,0.00113627,2
13512.36666667,0.00000000,0.00002810,1
13515.63333333,0.00009262,0.00002973,2
13519.00833333,0.00031958,0.00017313,3
13520.00000000,0.00058627,0.00016976,2
13525.00000000,0.00030497,0.00003159,0
13530.00000000,0.00420149,0.00098402,2
13540.00000000,0.00040422,0.00012736,2
13547.54166667,0.00003383,0.00000000,0
13550.00000000,0.00351354,0.00069875,7
13550.30833333,0.00007232,0.00000000,0
13550.39166667,0.00011714,0.00000000,0
13555.00000000,0.00004249,0.00000000,0
13560.00000000,0.00051614,0.00008214,0
13561.84166667,0.00007940,0.00000000,0
13561.88333333,0.00005685,0.00000000,0
13564.44166667,0.00003608,0.00000000,0
13565.19166667,0.00000000,0.00007635,1
13565.29166667,0.00000000,0.00003894,1
13567.60000000,0.00003520,0.00000000,0
13567.71666667,0.00004949,0.00000000,0
13570.00000000,0.00282832,0.00056449,7
13574.06666667,0.00000000,0.00004435,1
13575.00000000,0.00010531,0.00002138,7
13580.00000000,0.00039051,0.00005699,0
13583.63333333,0.00000000,0.00002775,1
13586.20000000,0.00000000,0.00002788,1
13586.29166667,0.00000000,0.00002386,1
13590.00000000,0.00251389,0.00044894,7
13593.75000000,0.00009029,0.00002697,2
13594.70000000,0.00003594,0.00000000,0
13595.00000000,0.00004314,0.00000000,0
13600.00000000,0.00033046,0.00008649,2
13602.43333333,0.00000000,0.00003860,1
13604.19166667,0.00008356,0.00002184,2
13608.13333333,0.00000000,0.00005880,1
13608.23333333,0.00000000,0.00002574,1
13610.00000000,0.00261088,0.00040234,0
13610.20000000,0.00364983,0.00064624,7
13610.24166667,0.00239545,0.00077940,2
13610.30833333,0.00389151,0.00053721,0
13613.26666667,0.00000000,0.00002233,1
13614.16666667,0.00000000,0.00003587,1
13614.18333333,0.00000000,0.00003722,1
13614.99166667,0.00006602,0.00000000,0
13615.62500000,0.00004411,0.00000000,0
13620.00000000,0.00044486,0.00003948,0
13623.28333333,0.00019570,0.00007613,2
13624.40833333,0.00033618,0.00007586,7
13625.00000000,0.00007474,0.00004942,4
13625.55000000,0.00000000,0.00018520,1
13625.65833333,0.00000000,0.00010190,1
13626.35000000,0.00034877,0.00011485,2
13630.00000000,0.00242720,0.00033945,0
13631.99166667,0.00006840,0.00000000,0
13632.09166667,0.00004730,0.00000000,0
13634.32500000,0.00000000,0.00004835,1
13635.00000000,0.00005517,0.00000000,0
13640.00000000,0.00039884,0.00004013,0
13641.46666667,0.00004055,0.00000000,0
13650.00000000,0.00234531,0.00028906,0
13652.77500000,0.00004685,0.00000000,0
13652.83333333,0.00005559,0.00000000,0
13652.87500000,0.00007327,0.00000000,0
13655.52500000,0.00000000,0.00002365,1
13660.00000000,0.00033764,0.00002318,0
13665.91666667,0.00000000,0.00106508,1
13666.00000000,0.00000000,0.00090377,1
13670.00000000,0.00186859,0.00019548,0
13671.86666667,0.00015272,0.00002692,7
13671.87500000,0.00015718,0.00002794,7
13674.99166667,0.00009123,0.00000000,0
13679.63333333,0.00007080,0.00002371,2
13679.73333333,0.00004642,0.00000000,0
13680.00000000,0.00032792,0.00000000,0
13681.90833333,0.00003756,0.00000000,0
13685.07500000,0.00004264,0.00000000,0
13687.29166667,0.00000000,0.00002993,1
13690.00000000,0.00176333,0.00015034,0
13692.26666667,0.00004028,0.00000000,0
13694.79166667,0.00000000,0.00003613,1
13694.82500000,0.00000000,0.00004795,1
13694.90833333,0.00000000,0.00002806,1
13695.00833333,0.00005997,0.00000000,0
13698.45000000,0.00356481,0.00067199,7
13698.49166667,0.00284709,0.00083512,2
13698.55000000,0.00421655,0.00062453,0
13700.00000000,0.00019807,0.00004611,2
13708.37500000,0.00005949,0.00002783,3
13709.73333333,0.00000000,0.00002633,1
13710.00000000,0.00152948,0.00010411,0
13710.41666667,0.00000000,0.00002143,1
13711.75833333,0.00007266,0.00000000,0
13712.48333333,0.00004967,0.00000000,0
13717.14166667,0.00000000,0.00006635,1
13717.25833333,0.00000000,0.00004653,1
13720.00000000,0.00027352,0.00000000,0
13723.75833333,0.00009779,0.00003090,2
13723.81666667,0.00009558,0.00000000,0
13725.00000000,0.00010527,0.00000000,0
13726.89166667,0.00003395,0.00000000,0
13728.95833333,0.00003296,0.00000000,0
13730.00000000,0.00119217,0.00007647,0
13731.28333333,0.00000000,0.00006322,1
13731.39166667,0.00000000,0.00002321,1
13734.99166667,0.00003397,0.00000000,0
13735.46666667,0.00006042,0.00002108,2
13735.53333333,0.00004751,0.00000000,0
13735.57500000,0.00005913,0.00000000,0
13739.60833333,0.00235281,0.00075147,2
13740.00000000,0.00018559,0.00000000,0
13743.18333333,0.00000000,0.00002902,1
13749.80000000,0.00011099,0.00005219,3
13749.82500000,0.00011609,0.00006118,3
13750.00000000,0.00198713,0.00007029,0
13750.54166667,0.00000000,0.00006437,1
13754.99166667,0.00004594,0.00000000,0
13757.36666667,0.00007557,0.00006611,11
13759.80000000,0.00000000,0.00006346,1
13759.91666667,0.00003333,0.00002623,4
13760.00000000,0.00015310,0.00000000,0
13760.62500000,0.00007026,0.00004179,3
13760.91666667,0.00007066,0.00002503,2
13764.68333333,0.00013603,0.00009336,4
13769.44166667,0.00000000,0.00002336,1
13769.65000000,0.00027037,0.00004116,0
13770.00000000,0.00081847,0.00006119,0
13770.15000000,0.00014865,0.00005302,2
13774.04166667,0.00000000,0.00003343,1
13774.14166667,0.00000000,0.00002046,1
13774.99166667,0.00000000,0.00005649,1
13777.69166667,0.00000000,0.00031365,1
13777.80000000,0.00000000,0.00015856,1
13780.00000000,0.00020399,0.00000000,0
13787.05833333,0.00012256,0.00011666,5
13790.00000000,0.00065017,0.00004823,0
13793.25000000,0.00006453,0.00000000,0
13793.37500000,0.00005872,0.00000000,0
13793.58333333,0.00006751,0.00000000,0
13794.70000000,0.00000000,0.00005257,1
13794.80000000,0.00000000,0.00007093,1
13795.01666667,0.00004673,0.00000000,0
13796.59166667,0.00000000,0.00013880,1
13798.83333333,0.00003895,0.00000000,0
13800.00000000,0.00043347,0.00003376,0
13800.15833333,0.00006506,0.00000000,0
13800.96666667,0.00005463,0.00000000,0
13804.21666667,0.00005402,0.00000000,0
13804.35833333,0.00009801,0.00000000,0
13808.96666667,0.00000000,0.00003624,1
13809.03333333,0.00006920,0.00002497,2
13809.15000000,0.00003340,0.00000000,0
13810.00000000,0.00065905,0.00005570,0
13816.35833333,0.00012128,0.00020762,13
13817.77500000,0.00008954,0.00002657,2
13817.99166667,0.00021479,0.00006110,2
13818.09166667,0.00009138,0.00003001,2
13818.52500000,0.00019477,0.00003696,7
13818.54166667,0.00018364,0.00003752,7
13820.00000000,0.00019928,0.00000000,0
13822.29166667,0.00796191,0.00211351,2
13823.08333333,0.00053512,0.00007499,0
13824.88333333,0.00017264,0.00014244,4
13825.00000000,0.00024762,0.00000000,0
13826.90000000,0.00000000,0.00003572,1
13827.94166667,0.00005686,0.00000000,0
13828.08333333,0.00011644,0.00000000,0
13829.51666667,0.00000000,0.00004066,1
13829.53333333,0.00000000,0.00003938,1
13830.00000000,0.00077721,0.00009686,0
13835.00833333,0.00004163,0.00000000,0
13840.00000000,0.00017013,0.00000000,0
13841.60833333,0.00007014,0.00003155,3
13841.64166667,0.00005493,0.00003937,4
13841.80833333,0.00010113,0.00004589,3
13841.91666667,0.00005118,0.00000000,0
13842.84166667,0.00000000,0.00008438,1
13848.55833333,0.00005391,0.00000000,0
13850.00000000,0.00095784,0.00010876,0
13852.56666667,0.00000000,0.00006386,1
13853.55000000,0.00006679,0.00000000,0
13859.70833333,0.00257605,0.00054828,7
13859.72500000,0.00270597,0.00067153,2
13859.83333333,0.00256991,0.00053515,7
13859.99166667,0.00014341,0.00000000,0
13865.75833333,0.00003671,0.00000000,0
13865.90000000,0.00014921,0.00002908,7
13866.90000000,0.00005192,0.00003494,4
13867.18333333,0.00010115,0.00002648,2
13869.37500000,0.00039531,0.00024100,10
13870.00000000,0.00101065,0.00016303,7
13875.00000000,0.00007528,0.00002984,2
13879.99166667,0.00019606,0.00000000,0
13885.05833333,0.00000000,0.00015741,1
13885.17500000,0.00000000,0.00007230,1
13885.65833333,0.00039841,0.00012207,2
13885.69166667,0.00043198,0.00010477,2
13885.85000000,0.00000000,0.00021497,1
13888.15000000,0.00005033,0.00000000,0
13890.00000000,0.00095019,0.00017662,7
13891.70833333,0.00007802,0.00000000,0
13891.72500000,0.00007563,0.00000000,0
13894.29166667,0.00004471,0.00000000,0
13896.83333333,0.00003460,0.00000000,0
13898.55000000,0.00042525,0.00005041,0
13900.00000000,0.00026375,0.00003987,0
13901.65833333,0.00007812,0.00002807,2
13901.70000000,0.00009724,0.00002163,7
13903.24166667,0.00003314,0.00000000,0
13907.50833333,0.00469616,0.00022148,0
13910.00000000,0.00083834,0.00017494,7
13915.00000000,0.00005829,0.00000000,0
13915.08333333,0.00000000,0.00002501,1
13915.20000000,0.00000000,0.00002157,1
13919.64166667,0.00009234,0.00003870,3
13920.00000000,0.00011486,0.00000000,0
13920.81666667,0.00009670,0.00004719,3
13920.82500000,0.00009636,0.00004816,3
13925.00000000,0.00018965,0.00002253,0
13926.81666667,0.00004177,0.00000000,0
13927.05000000,0.00000000,0.00007050,1
13927.15833333,0.00000000,0.00003688,1
13927.91666667,0.00000000,0.00003515,1
13930.00000000,0.00081108,0.00018955,2
13931.33333333,0.00004366,0.00000000,0
13933.20833333,0.00010557,0.00005165,3
13933.30833333,0.00003847,0.00003645,5
13933.32500000,0.00004185,0.00003366,4
13933.49166667,0.00036784,0.00013271,2
13933.60833333,0.00018828,0.00007468,2
13935.00000000,0.00004376,0.00000000,0
13936.23333333,0.00003299,0.00000000,0
13940.00000000,0.00017502,0.00000000,0
13940.34166667,0.00000000,0.00011693,1
13940.38333333,0.00000000,0.00010063,1
13940.50000000,0.00000000,0.00002240,1
13940.63333333,0.00000000,0.00229140,1
13940.74166667,0.00000000,0.00174954,1
13942.46666667,0.00193766,0.00127969,4
13942.49166667,0.00208035,0.00137224,4
13942.65833333,0.00005183,0.00004426,4
13942.75833333,0.00003987,0.00000000,0
13943.79166667,0.00003587,0.00000000,0
13949.88333333,0.00003646,0.00000000,0
13950.00833333,0.00096946,0.00024196,2
13950.99166667,0.00000000,0.00017452,1
13951.10833333,0.00000000,0.00008695,1
13954.68333333,0.00000000,0.00006485,1
13954.75000000,0.00000000,0.00011129,1
13954.79166667,0.00000000,0.00009616,1
13954.99166667,0.00004234,0.00000000,0
13960.00833333,0.00010588,0.00002243,7
13965.56666667,0.00000000,0.00016053,1
13965.66666667,0.00000000,0.00008317,1
13965.67500000,0.00000000,0.00008505,1
13966.76666667,0.00000000,0.00005664,1
13966.85833333,0.00000000,0.00003873,1
13970.00000000,0.00096197,0.00028476,2
13972.20000000,0.00004210,0.00000000,0
13975.00000000,0.00000000,0.00004452,1
13980.00000000,0.00011252,0.00002489,7
13988.46666667,0.00004135,0.00000000,0
13988.47500000,0.00004175,0.00000000,0
13990.00000000,0.00097284,0.00033507,2
14000.00000000,0.00107654,0.00036058,2
14004.75000000,0.00006963,0.00000000,0
14004.86666667,0.00006915,0.00000000,0
14007.02500000,0.00003629,0.00000000,0
14010.00000000,0.00107160,0.00039286,2
14013.25000000,0.00000000,0.00009138,1
14013.27500000,0.00000000,0.00010522,1
14013.35833333,0.00000000,0.00008966,1
14015.01666667,0.00005283,0.00000000,0
14020.00000000,0.00007714,0.00002882,2
14021.40833333,0.00003884,0.00000000,0
14025.00000000,0.00018893,0.00002146,0
14027.54166667,0.00013042,0.00005888,3
14027.58333333,0.00015688,0.00007071,3
14030.00000000,0.00115634,0.00046066,2
14031.95833333,0.00004540,0.00000000,0
14032.90833333,0.00000000,0.00003741,1
14034.99166667,0.00004416,0.00000000,0
14039.96666667,0.00006037,0.00003726,4
14040.00000000,0.00007187,0.00004799,4
14040.24166667,0.00000000,0.00849299,1
14040.27500000,0.00000000,0.01129182,1
14040.35833333,0.00000000,0.01010128,1
14040.53333333,0.00000000,0.00002705,1
14040.92500000,0.00077234,0.00015496,7
14050.00000000,0.00118601,0.00047898,2
14051.99166667,0.00276374,0.00071569,2
14052.10833333,0.00304541,0.00055547,7
14052.49166667,0.00000000,0.00010177,1
14052.60000000,0.00000000,0.00004208,1
14052.67500000,0.00000000,0.00002123,1
14054.99166667,0.00006382,0.00000000,0
14060.00000000,0.00008135,0.00005227,4
14062.22500000,0.00076916,0.00016123,7
14062.31666667,0.00044159,0.00005483,0
14062.34166667,0.00040957,0.00007220,7
14062.50000000,0.00085295,0.00127449,6
14064.68333333,0.00000000,0.00008080,1
14064.84166667,0.00000000,0.00002421,1
14066.10833333,0.00003348,0.00000000,0
14068.26666667,0.00011827,0.00005785,3
14068.28333333,0.00012331,0.00005750,3
14070.00000000,0.00110917,0.00052740,3
14075.00833333,0.00009691,0.00004215,3
14078.44166667,0.00000000,0.00013908,1
14078.54166667,0.00000000,0.00006056,1
14078.65000000,0.00000000,0.00002945,1
14080.00000000,0.00005712,0.00006399,5
14082.66666667,0.00005588,0.00000000,0
14083.90000000,0.00000000,0.00004574,1
14084.01666667,0.00000000,0.00002228,1
14084.64166667,0.00000000,0.00004454,1
14084.72500000,0.00000000,0.00006606,1
14088.80833333,0.00000000,0.00007705,1
14088.83333333,0.00000000,0.00008678,1
14088.92500000,0.00000000,0.00005970,1
14090.00000000,0.00105533,0.00048690,3
14090.83333333,0.00009433,0.00000000,0
14092.30833333,0.00027361,0.00007235,2
14092.34166667,0.00026480,0.00008525,2
14092.39166667,0.00030896,0.00005742,7
14094.99166667,0.00000000,0.00002061,1
14096.85000000,0.00000000,0.00005211,1
14096.88333333,0.00000000,0.00006646,1
14096.96666667,0.00000000,0.00004514,1
14100.00000000,0.00016263,0.00017064,5
14103.59166667,0.00003297,0.00000000,0
14104.77500000,0.00003285,0.00000000,0
14110.00000000,0.00098207,0.00053061,3
14114.99166667,0.00005935,0.00002797,3
14115.23333333,0.00003717,0.00000000,0
14116.33333333,0.00000000,0.00005648,1
14116.42500000,0.00000000,0.00003220,1
14119.58333333,0.00028336,0.00005993,7
14119.68333333,0.00010535,0.00003391,2
14120.00000000,0.00008954,0.00010181,5
14124.00000000,0.00000000,0.00010881,1
14124.09166667,0.00000000,0.00005712,1
14124.99166667,0.00015495,0.00021457,6
14125.07500000,0.00000000,0.00003402,1
14130.00000000,0.00091479,0.00053824,3
14130.26666667,0.00000000,0.00014849,1
14130.38333333,0.00000000,0.00008312,1
14135.00833333,0.00004307,0.00002578,3
14138.65833333,0.00024140,0.00006730,2
14138.70833333,0.00027874,0.00007770,2
14140.00000000,0.00005778,0.00011730,8
14146.90833333,0.00000000,0.00008568,1
14147.01666667,0.00000000,0.00004169,1
14150.00000000,0.00073376,0.00050039,4
14155.14166667,0.00003478,0.00000000,0
14160.00833333,0.00014217,0.00012041,4
14164.96666667,0.00051087,0.00018735,2
14165.01666667,0.00053164,0.00018169,2
14165.03333333,0.00054305,0.00015784,2
14167.05000000,0.00017936,0.00004617,2
14167.07500000,0.00019227,0.00004193,7
14167.90833333,0.00007348,0.00000000,0
14170.00000000,0.00074323,0.00049246,4
14174.00000000,0.00008164,0.00000000,0
14174.99166667,0.00014217,0.00004423,2
14175.61666667,0.00000000,0.00004657,1
14178.01666667,0.00018929,0.00004380,2
14180.00000000,0.00050011,0.00007992,0
14180.05833333,0.00046908,0.00011822,2
14180.08333333,0.00044085,0.00008723,7
14184.35833333,0.00000000,0.00002305,1
14189.21666667,0.00000000,0.00003188,1
14190.00000000,0.00063454,0.00046058,4
14195.84166667,0.00003641,0.00000000,0
14198.16666667,0.00004872,0.00000000,0
14199.50833333,0.00000000,0.00003449,1
14200.00000000,0.00086010,0.00031567,2
14204.15833333,0.00018277,0.00012082,4
14204.17500000,0.00017674,0.00012460,4
14205.35000000,0.00031751,0.00005420,7
14210.00000000,0.00063376,0.00048499,4
14217.49166667,0.00057959,0.00079412,6
14220.00000000,0.00010955,0.00008896,4
14224.06666667,0.00003332,0.00000000,0
14225.00000000,0.00006202,0.00008991,6
14226.44166667,0.00003435,0.00000000,0
14230.00000000,0.00072953,0.00053860,4
14232.06666667,0.00011697,0.00005037,3
14232.08333333,0.00012928,0.00005554,3
14232.19166667,0.00011310,0.00000000,0
14235.00000000,0.00000000,0.00002550,1
14235.64166667,0.00007062,0.00000000,0
14235.73333333,0.00003816,0.00000000,0
14240.00000000,0.00008515,0.00008568,5
14241.83333333,0.00000000,0.00002213,1
14241.94166667,0.00000000,0.00002272,1
14247.04166667,0.00000000,0.00008215,1
14247.16666667,0.00000000,0.00002797,1
14250.00000000,0.00072941,0.00063942,5
14252.27500000,0.00005978,0.00000000,0
14253.20000000,0.00004129,0.00000000,0
14255.00833333,0.00008707,0.00005571,4
14255.61666667,0.00011577,0.00013111,5
14255.62500000,0.00011677,0.00013168,5
14258.10000000,0.00000000,0.00002435,1
14259.99166667,0.00006998,0.00006925,5
14263.44166667,0.00003478,0.00000000,0
14266.66666667,0.00006041,0.00000000,0
14268.87500000,0.00000000,0.00013599,1
14268.96666667,0.00000000,0.00010925,1
14270.00000000,0.00082785,0.00068079,4
14270.95000000,0.00010602,0.00002518,2
14270.99166667,0.00005333,0.00002943,3
14271.05833333,0.00009265,0.00000000,0
14271.63333333,0.00003325,0.00000000,0
14274.74166667,0.00132442,0.00037107,2
14274.85833333,0.00129818,0.00026232,7
14275.00000000,0.00009650,0.00006283,4
14279.68333333,0.00003848,0.00002231,3
14280.00000000,0.00007910,0.00007602,5
14281.02500000,0.00211318,0.00044797,7
14281.03333333,0.00210013,0.00048473,2
14281.14166667,0.00197516,0.00033005,7
14283.38333333,0.00009181,0.00000000,0
14284.83333333,0.00008607,0.00003131,2
14284.94166667,0.00010282,0.00002868,2
14287.65000000,0.00004628,0.00002529,3
14288.54166667,0.00025445,0.00010622,3
14290.00000000,0.00090702,0.00072025,4
14295.00833333,0.00010737,0.00007442,4
14296.99166667,0.00006575,0.00000000,0
14297.03333333,0.00005303,0.00002217,3
14300.00000000,0.00011548,0.00022414,8
14301.91666667,0.00007470,0.00003961,3
14302.70833333,0.00084228,0.00143985,13
14305.16666667,0.00000000,0.00041691,1
14305.27500000,0.00000000,0.00019338,1
14305.90000000,0.00000000,0.00029817,1
14306.00000000,0.00000000,0.00018849,1
14306.64166667,0.00000000,0.00003242,1
14308.23333333,0.00003314,0.00000000,0
14308.62500000,0.00005666,0.00002101,2
14310.00000000,0.00085863,0.00073303,4
14312.76666667,0.00003549,0.00000000,0
14315.00000000,0.00007659,0.00007097,5
14319.05000000,0.00017611,0.00005612,2
14319.14166667,0.00011942,0.00003049,2
14319.74166667,0.00047162,0.00015693,2
14319.85000000,0.00022813,0.00008024,2
14320.00000000,0.00015224,0.00007752,3
14325.00833333,0.00004639,0.00002582,3
14328.15000000,0.00003631,0.00000000,0
14328.67500000,0.00000000,0.00002981,1
14328.78333333,0.00000000,0.00002931,1
14330.00000000,0.00077066,0.00073543,5
14330.20000000,0.00000000,0.00980384,1
14330.29166667,0.00000000,0.00842261,1
14331.04166667,0.00000000,0.00002977,1
14331.37500000,0.00006246,0.00000000,0
14335.02500000,0.00005850,0.00004795,4
14337.92500000,0.00006783,0.00005616,4
14337.95000000,0.00006149,0.00006507,5
14340.00000000,0.00009510,0.00005912,4
14343.30000000,0.00000000,0.00006548,1
14343.45833333,0.00000000,0.00003172,1
14343.68333333,0.00006282,0.00000000,0
14343.83333333,0.00004286,0.00000000,0
14350.00000000,0.00073362,0.00064270,5
14355.00000000,0.00000000,0.00002686,1
14355.40833333,0.00000000,0.00003452,1
14355.55000000,0.00000000,0.00324209,1
14355.65833333,0.00000000,0.00241101,1
14356.50000000,0.00000000,0.00006355,1
14358.96666667,0.00000000,0.00002327,1
14360.00000000,0.00011266,0.00005981,3
14360.32500000,0.00004907,0.00006225,6
14360.41666667,0.00008409,0.00004187,3
14361.11666667,0.00030570,0.00011993,2
14361.21666667,0.00008324,0.00005198,4
14361.22500000,0.00008656,0.00005153,3
14361.33333333,0.00010399,0.00000000,0
14361.45000000,0.00007324,0.00000000,0
14364.37500000,0.02490834,0.00620303,2
14364.45833333,0.01419800,0.00400152,2
14364.77500000,0.00004676,0.00000000,0
14366.65833333,0.00008106,0.00000000,0
14370.00000000,0.00075354,0.00075658,5
14372.54166667,0.00000000,0.00011172,1
14372.65833333,0.00000000,0.00007487,1
14375.00000000,0.00054228,0.00066208,6
14379.88333333,0.00000000,0.00003205,1
14380.00000000,0.00012051,0.00009327,4
14382.76666667,0.00000000,0.00010547,1
14382.85833333,0.00000000,0.00006424,1
14385.39166667,0.00051488,0.00083730,6
14390.00000000,0.00074978,0.00074603,5
14393.12500000,0.00000000,0.00002789,1
14395.00000000,0.00005189,0.00007271,6
14397.31666667,0.00036052,0.00003888,0
14397.33333333,0.00033847,0.00004127,0
14397.43333333,0.00020179,0.00000000,0
14398.41666667,0.00224530,0.00040168,7
14398.44166667,0.00190882,0.00046475,2
14398.52500000,0.00219945,0.00032271,0
14398.53333333,0.00225605,0.00030240,0
14400.00000000,0.00037592,0.00051545,6
14403.14166667,0.00005641,0.00000000,0
14403.25000000,0.00005378,0.00000000,0
14404.30000000,0.00000000,0.00002414,1
14404.99166667,0.00000000,0.00002028,1
14410.00000000,0.00076925,0.00079130,5
14414.99166667,0.00009384,0.00008090,4
14416.61666667,0.00011202,0.00003286,2
14416.62500000,0.00011067,0.00003195,2
14417.21666667,0.00738731,0.00094708,0
14417.23333333,0.00768726,0.00090456,0
14417.31666667,0.00503512,0.00104601,7
14420.00000000,0.00014588,0.00007880,3
14421.32500000,0.00000000,0.00003934,1
14421.46666667,0.00000000,0.00004386,1
14421.55000000,0.00000000,0.00002170,1
14422.15000000,0.00000000,0.00012336,1
14422.25000000,0.00000000,0.00007288,1
14422.34166667,0.00000000,0.00003522,1
14422.70833333,0.00004545,0.00000000,0
14424.01666667,0.00015925,0.00012568,4
14425.00833333,0.00000000,0.00004358,1
14428.70000000,0.00000000,0.00002027,1
14430.00000000,0.00081294,0.00086546,5
14432.69166667,0.00004535,0.00000000,0
14433.31666667,0.00005628,0.00004457,4
14433.60833333,0.00003475,0.00000000,0
14435.00000000,0.00005850,0.00006293,5
14435.20000000,0.00000000,0.00258424,1
14435.31666667,0.00000000,0.00177298,1
14435.32500000,0.00000000,0.00181420,1
14440.00000000,0.00008665,0.00011781,6
14443.77500000,0.00007908,0.00006004,4
14447.83333333,0.00004584,0.00000000,0
14450.00000000,0.00092708,0.00093023,5
14450.15833333,0.00049508,0.00007493,0
14450.17500000,0.00046881,0.00008068,7
14450.28333333,0.00026337,0.00004147,0
14451.51666667,0.00032856,0.00002611,0
14451.54166667,0.00028057,0.00003061,0
14451.60833333,0.00018435,0.00003196,7
14451.64166667,0.00026597,0.00003002,0
14451.75833333,0.00000000,0.00022381,1
14451.85000000,0.00000000,0.00013776,1
14453.12500000,0.00000000,0.00007251,1
14453.50833333,0.00003524,0.00000000,0
14455.00000000,0.00006186,0.00007334,5
14455.27500000,0.00000000,0.00002068,1
14459.17500000,0.00000000,0.00002253,1
14460.00000000,0.00007077,0.00011876,6
14461.65000000,0.00010805,0.00002546,2
14461.75000000,0.00045755,0.00009704,7
14461.85000000,0.00020904,0.00005465,2
14462.79166667,0.00000000,0.00002870,1
14462.91666667,0.00000000,0.00003236,1
14466.65833333,0.00000000,0.00003251,1
14469.48333333,0.00008405,0.00000000,0
14470.00000000,0.00081258,0.00090151,5
14475.00000000,0.00005828,0.00019302,9
14477.92500000,0.00007989,0.00000000,0
14480.00000000,0.00010440,0.00012503,5
14482.35833333,0.00000000,0.00022922,1
14482.46666667,0.00000000,0.00012375,1
14490.00000000,0.00077383,0.00078873,5
14495.00000000,0.00012133,0.00010333,4
14499.30000000,0.00004841,0.00000000,0
14500.00000000,0.00101250,0.00112083,5
14502.26666667,0.00003967,0.00000000,0
14510.00000000,0.00066686,0.00067406,5
14515.00000000,0.00007350,0.00008517,5
14520.00000000,0.00009785,0.00008927,5
14520.67500000,0.00014560,0.00000000,0
14520.82500000,0.00017226,0.00000000,0
14520.87500000,0.00010160,0.00002537,2
14521.00000000,0.00003605,0.00000000,0
14524.76666667,0.00093848,0.00015760,7
14524.78333333,0.00088769,0.00017048,7
14524.89166667,0.00073771,0.00007641,0
14525.01666667,0.00006824,0.00006232,5
14530.00000000,0.00058948,0.00060534,5
14531.81666667,0.00006599,0.00002377,2
14531.86666667,0.00004897,0.00003535,4
14535.00000000,0.00006353,0.00006545,5
14535.25833333,0.00003618,0.00000000,0
14540.00000000,0.00005027,0.00010955,8
14540.10833333,0.00004873,0.00000000,0
14540.12500000,0.00005644,0.00000000,0
14541.00000000,0.00024861,0.00006069,2
14541.07500000,0.00029806,0.00005368,7
14541.38333333,0.00000000,0.00001995,1
14544.75833333,0.00003546,0.00000000,0
14550.00000000,0.00082131,0.00061642,4
14551.02500000,0.00003767,0.00000000,0
14551.25000000,0.00105288,0.00020231,7
14551.36666667,0.00073144,0.00011779,7
14555.00000000,0.00004109,0.00004779,5
14556.46666667,0.00000000,0.00008327,1
14556.58333333,0.00000000,0.00004968,1
14560.00000000,0.00009625,0.00010712,5
14562.49166667,0.00000000,0.00002984,1
14563.11666667,0.00007989,0.00002751,2
14563.13333333,0.00008417,0.00002718,2
14565.30833333,0.00003463,0.00000000,0
14570.00000000,0.00080938,0.00091666,5
14571.50833333,0.00112988,0.00022399,7
14571.53333333,0.00096261,0.00025647,2
14571.63333333,0.00100926,0.00013566,0
14575.00000000,0.00010212,0.00014358,6
14576.35000000,0.00000000,0.00002144,1
14576.45000000,0.00000000,0.00002398,1
14577.46666667,0.00021757,0.00002377,0
14577.56666667,0.00010344,0.00003518,2
14577.58333333,0.00011255,0.00003230,2
14580.00000000,0.00008868,0.00010558,5
14580.25833333,0.00005713,0.00000000,0
14590.00000000,0.00094810,0.00108368,5
14595.00000000,0.00014991,0.00014983,5
14600.00000000,0.00109599,0.00122415,5
14601.95000000,0.00003735,0.00000000,0
14602.60833333,0.00004125,0.00000000,0
14602.73333333,0.00003507,0.00000000,0
14603.46666667,0.00088682,0.00014384,7
14603.50000000,0.00096779,0.00011625,0
14603.60833333,0.00054592,0.00003509,0
14605.99166667,0.00007818,0.00004790,10
14608.60000000,0.00000000,0.00002517,1
14609.36666667,0.00000000,0.00003768,1
14609.37500000,0.00003457,0.00003735,5
14610.00000000,0.00104639,0.00120930,5
14612.25000000,0.00003644,0.00000000,0
14615.00000000,0.00014925,0.00017761,5
14620.00000000,0.00009806,0.00019663,8
14625.00000000,0.00010872,0.00006570,3
14626.60833333,0.00000000,0.00002246,1
14630.00000000,0.00107441,0.00132922,6
14634.17500000,0.00186195,0.00041086,7
14634.25833333,0.00264421,0.00063517,2
14634.27500000,0.00249909,0.00058463,2
14635.00000000,0.00011837,0.00013448,5
14639.01666667,0.00004982,0.00000000,0
14639.12500000,0.00004061,0.00000000,0
14640.00000000,0.00012264,0.00021266,8
14645.20000000,0.00006576,0.00002337,2
14645.30000000,0.00003567,0.00000000,0
14645.53333333,0.00000000,0.00002144,1
14645.76666667,0.00004953,0.00000000,0
14645.81666667,0.00004800,0.00000000,0
14646.23333333,0.00000000,0.00003498,1
14648.44166667,0.00022691,0.00021282,5
14650.00000000,0.00112892,0.00143419,6
14655.00000000,0.00007012,0.00008984,6
14656.56666667,0.00003977,0.00000000,0
14657.42500000,0.00003502,0.00000000,0
14660.00000000,0.00009789,0.00023871,8
14662.34166667,0.00004014,0.00000000,0
14669.92500000,0.00244658,0.00114394,3
14670.00000000,0.00219076,0.00184442,4
14670.05833333,0.00648127,0.00311913,3
14670.08333333,0.00697898,0.00281096,2
14670.19166667,0.00191531,0.00119030,4
14675.00000000,0.00003996,0.00011763,9
14675.57500000,0.00003724,0.00000000,0
14676.73333333,0.00004032,0.00000000,0
14678.39166667,0.00003357,0.00000000,0
14680.00000000,0.00007327,0.00024576,9
14683.57500000,0.00014739,0.00002985,7
14683.64166667,0.00014867,0.00004292,2
14683.67500000,0.00019725,0.00003720,7
14690.00000000,0.00095438,0.00124839,6
14695.00000000,0.00000000,0.00003877,1
14695.38333333,0.00003324,0.00000000,0
14700.00000000,0.00039128,0.00050600,6
14708.88333333,0.00005944,0.00000000,0
14710.00000000,0.00091698,0.00117240,6
14711.15833333,0.00004699,0.00000000,0
14714.70833333,0.00005265,0.00000000,0
14714.80000000,0.00006229,0.00000000,0
14715.31666667,0.00000000,0.00009042,1
14718.37500000,0.00004494,0.00002041,3
14718.45000000,0.00004744,0.00003218,4
14718.47500000,0.00005243,0.00002811,3
14720.00000000,0.00004611,0.00022722,12
14720.98333333,0.00003713,0.00000000,0
14725.00833333,0.00005700,0.00004845,4
14727.45833333,0.00000000,0.00007929,1
14729.36666667,0.00033167,0.00004978,0
14730.00000000,0.00083139,0.00110162,6
14732.72500000,0.00004532,0.00000000,0
14735.00000000,0.00005990,0.00003303,3
14740.00000000,0.00007909,0.00019691,8
14740.30833333,0.00000000,0.00008798,1
14740.40000000,0.00000000,0.00007572,1
14741.85833333,0.00000000,0.00003002,1
14741.99166667,0.00000000,0.00203663,1
14742.10000000,0.00000000,0.00144559,1
14742.82500000,0.00000000,0.00005036,1
14742.94166667,0.00000000,0.00002057,1
14746.07500000,0.00000000,0.00002128,1
14747.69166667,0.00028188,0.00008583,2
14747.76666667,0.00032612,0.00007576,2
14750.00000000,0.00098124,0.00084518,4
14754.12500000,0.00004510,0.00000000,0
14754.17500000,0.00005688,0.00000000,0
14754.99166667,0.00000000,0.00004376,1
14756.61666667,0.00013750,0.00005330,2
14756.63333333,0.00014263,0.00005190,2
14757.71666667,0.00003885,0.00000000,0
14760.00000000,0.00006703,0.00020832,9
14760.67500000,0.00003353,0.00000000,0
14761.45000000,0.00004979,0.00000000,0
14763.41666667,0.00010996,0.00005691,3
14763.43333333,0.00011379,0.00005333,3
14765.61666667,0.00004085,0.00004314,5
14765.62500000,0.00003980,0.00004363,5
14766.48333333,0.00010358,0.00005972,3
14766.65000000,0.00000000,0.01214308,1
14766.74166667,0.00000000,0.01170647,1
14766.90833333,0.00000000,0.00002867,1
14770.00000000,0.00075941,0.00100178,6
14771.36666667,0.00004619,0.00000000,0
14771.39166667,0.00003901,0.00000000,0
14772.41666667,0.00441165,0.00062025,0
14772.46666667,0.00388610,0.00054737,0
14775.00000000,0.00005982,0.00003292,3
14777.49166667,0.00005102,0.00000000,0
14780.00000000,0.00008787,0.00019172,8
14781.53333333,0.00000000,0.00015567,1
14781.66666667,0.00000000,0.00007192,1
14790.00000000,0.00061501,0.00092387,6
14790.71666667,0.00024886,0.00023221,5
14796.14166667,0.00003649,0.00000000,0
14796.34166667,0.00000000,0.00012983,1
14796.42500000,0.00004577,0.00000000,0
14796.45833333,0.00003925,0.00003298,4
14797.60000000,0.00000000,0.00002342,1
14800.00000000,0.00044061,0.00073861,6
14807.30833333,0.00003993,0.00000000,0
14810.00000000,0.00053830,0.00079074,6
14820.00000000,0.00007088,0.00016534,8
14821.65000000,0.00052142,0.00022925,3
14821.67500000,0.00046168,0.00025493,3
14821.75833333,0.00073015,0.00019463,2
14822.55000000,0.00003315,0.00000000,0
14824.57500000,0.00005937,0.00000000,0
14824.69166667,0.00005119,0.00000000,0
14825.00000000,0.00011792,0.00011344,5
14826.65833333,0.00141870,0.00031727,7
14826.67500000,0.00132273,0.00033923,2
14826.77500000,0.00147978,0.00021755,0
14827.92500000,0.00007123,0.00003394,3
14827.95833333,0.00008507,0.00002055,2
14830.00000000,0.00049542,0.00067804,6
14834.39166667,0.00035707,0.00006574,7
14834.44166667,0.00034174,0.00008395,2
14834.49166667,0.00047271,0.00007039,0
14836.75833333,0.00000000,0.00005883,1
14836.87500000,0.00000000,0.00003110,1
14840.00000000,0.00000000,0.00016666,1
14841.90000000,0.00003823,0.00000000,0
14843.75000000,0.00030641,0.00040034,6
14850.00000000,0.00026042,0.00051179,8
14850.38333333,0.00000000,0.00002594,1
14851.22500000,0.00023595,0.00008565,2
14851.59166667,0.00003564,0.00000000,0
14854.11666667,0.00013538,0.00003566,2
14855.11666667,0.00000000,0.00014682,1
14855.23333333,0.00000000,0.00009547,1
14857.67500000,0.00006000,0.00000000,0
14860.00000000,0.00000000,0.00015254,1
14861.19166667,0.00006364,0.00000000,0
14861.27500000,0.00007525,0.00000000,0
14867.30000000,0.00003738,0.00000000,0
14870.00000000,0.00039975,0.00051013,6
14870.88333333,0.00011331,0.00000000,0
14874.99166667,0.00003356,0.00006253,8
14880.00000000,0.00005323,0.00017537,9
14881.13333333,0.00005190,0.00000000,0
14886.56666667,0.00005201,0.00003795,4
14886.60833333,0.00005825,0.00003200,3
14890.00000000,0.00039229,0.00047017,5
14892.52500000,0.00008324,0.00000000,0
14893.89166667,0.00003867,0.00000000,0
14898.59166667,0.00000000,0.00005352,1
14899.06666667,0.00050206,0.00022375,3
14899.09166667,0.00041613,0.00023957,3
14899.17500000,0.00061658,0.00019427,2
14900.00000000,0.00050487,0.00060818,5
14900.65000000,0.00007520,0.00002095,2
14900.67500000,0.00008294,0.00000000,0
14903.10833333,0.00006251,0.00006187,5
14904.61666667,0.00009823,0.00002729,2
14904.63333333,0.00009239,0.00002911,2
14905.91666667,0.00053458,0.00061000,5
14907.50000000,0.00024031,0.00002003,0
14910.00000000,0.00027793,0.00042603,6
14913.15000000,0.00013065,0.00008275,4
14919.16666667,0.00005851,0.00003067,3
14920.00000000,0.00008008,0.00019190,8
14922.42500000,0.00003524,0.00000000,0
14925.00000000,0.00000000,0.00011473,1
14926.28333333,0.00000000,0.00004988,1
14929.77500000,0.00000000,0.00002585,1
14930.00000000,0.00024496,0.00035331,6
14934.99166667,0.00005172,0.00004733,5
14935.24166667,0.00000000,0.00004000,1
14935.65000000,0.00006484,0.00000000,0
14936.56666667,0.00005869,0.00003506,3
14936.59166667,0.00006753,0.00003099,3
14940.00000000,0.00011345,0.00022589,8
14940.92500000,0.00005607,0.00002241,2
14940.93333333,0.00005661,0.00002181,2
14941.04166667,0.00004135,0.00000000,0
14942.63333333,0.00003967,0.00004456,5
14948.71666667,0.00004000,0.00000000,0
14950.00000000,0.00038552,0.00036578,5
14951.16666667,0.00000000,0.00001975,1
14951.56666667,0.00000000,0.00004217,1
14952.37500000,0.00003485,0.00000000,0
14954.99166667,0.00000000,0.00003229,1
14955.86666667,0.00043234,0.00004034,0
14955.87500000,0.00044252,0.00004096,0
14960.00000000,0.00011736,0.00025299,8
14963.40000000,0.00006111,0.00000000,0
14964.70833333,0.00035173,0.00010064,2
14966.64166667,0.00000000,0.00002100,1
14967.80000000,0.00012415,0.00002333,7
14968.18333333,0.00004093,0.00000000,0
14969.45833333,0.00005337,0.00000000,0
14970.00000000,0.00023611,0.00040033,6
14973.74166667,0.00067872,0.00022055,2
14973.77500000,0.00054173,0.00024642,3
14973.85833333,0.00069814,0.00019303,2
14974.75000000,0.00004648,0.00000000,0
14974.86666667,0.00005099,0.00000000,0
14974.91666667,0.00010952,0.00002168,7
14974.95833333,0.00044999,0.00011193,2
14975.10000000,0.05841319,0.02118876,2
14975.20000000,0.05806475,0.01771815,2
14975.37500000,0.00017976,0.00004325,2
14975.45833333,0.00006432,0.00000000,0
14975.56666667,0.00003876,0.00000000,0
14975.68333333,0.00003818,0.00000000,0
14980.00000000,0.00016911,0.00022891,6
14982.17500000,0.00003929,0.00000000,0
14983.37500000,0.00003789,0.00000000,0
14984.73333333,0.00030634,0.00007154,2
14984.81666667,0.00020603,0.00007475,2
14984.85000000,0.00031445,0.00006598,7
14986.51666667,0.00005280,0.00000000,0
14988.57500000,0.00008312,0.00006516,4
14988.69166667,0.00004371,0.00002697,4
14989.23333333,0.00000000,0.00002267,1
14990.00000000,0.00023361,0.00043691,8
14990.25000000,0.00003796,0.00000000,0
14990.74166667,0.00003316,0.00000000,0
14994.49166667,0.00005628,0.00000000,0
14995.00000000,0.00008050,0.00008224,5
14995.21666667,0.00006582,0.00004306,4
14995.22500000,0.00006435,0.00004307,4
14995.80833333,0.00007134,0.00002062,2
14995.82500000,0.00007861,0.00002209,2
14998.04166667,0.00004627,0.00000000,0
14998.14166667,0.00003524,0.00000000,0
14999.63333333,0.00020628,0.00007409,2
14999.75000000,0.00014592,0.00006254,3
15000.00000000,0.00003792,0.00153881,1
15000.08333333,0.00007810,0.00031556,9
15000.21666667,0.00013082,0.00000000,0
15000.33333333,0.00010534,0.00000000,0
15002.02500000,0.00003923,0.00000000,0
15002.79166667,0.00004240,0.00000000,0
15010.00000000,0.00026230,0.00041288,6
15014.55833333,0.00062188,0.00038188,10
15015.00000000,0.00006903,0.00009679,6
15017.30833333,0.00008864,0.00000000,0
15017.36666667,0.00014196,0.00002126,0
15017.40833333,0.00012008,0.00000000,0
15019.46666667,0.00008248,0.00003175,2
15019.50000000,0.00009795,0.00002534,2
15019.81666667,0.00006550,0.00004381,4
15019.83333333,0.00006834,0.00004129,3
15020.00000000,0.00019553,0.00029130,6
15021.72500000,0.00004448,0.00004004,5
15021.79166667,0.00005197,0.00007586,6
15021.82500000,0.00006137,0.00006401,5
15025.00000000,0.00006802,0.00008581,6
15026.69166667,0.00003409,0.00000000,0
15029.08333333,0.00004302,0.00000000,0
15030.00000000,0.00014736,0.00035817,8
15032.46666667,0.00003586,0.00000000,0
15033.86666667,0.00007044,0.00000000,0
15035.00000000,0.00008956,0.00012586,6
15039.05833333,0.00039887,0.00051695,6
15040.00000000,0.00023292,0.00026905,5
15042.35833333,0.00113188,0.00026119,2
15042.38333333,0.00087890,0.00028796,2
15042.47500000,0.00125125,0.00018674,0
15045.00000000,0.00000000,0.00002237,1
15046.05000000,0.00006231,0.00000000,0
15048.52500000,0.00005250,0.00000000,0
15048.68333333,0.00003823,0.00000000,0
15050.00000000,0.00021478,0.00076886,9
15050.30833333,0.00003507,0.00000000,0
15050.40000000,0.00003845,0.00003835,5
15050.44166667,0.00000000,0.00006989,1
15050.55833333,0.00000000,0.00002059,1
15051.13333333,0.00008510,0.00001996,2
15051.75000000,0.00005651,0.00002053,2
15051.77500000,0.00005396,0.00002389,3
15053.02500000,0.00075761,0.00034012,3
15053.03333333,0.00074726,0.00035770,3
15053.12500000,0.00086371,0.00031337,2
15055.00000000,0.00009602,0.00011427,5
15055.78333333,0.00000000,0.00006255,1
15055.90000000,0.00000000,0.00004144,1
15056.91666667,0.00011259,0.00000000,0
15057.87500000,0.00005821,0.00000000,0
15060.00000000,0.00021678,0.00029620,6
15060.38333333,0.00004543,0.00000000,0
15061.71666667,0.00003842,0.00000000,0
15061.90833333,0.00013038,0.00000000,0
15064.30833333,0.00028472,0.00007164,2
15064.32500000,0.00029736,0.00008150,2
15064.41666667,0.00026957,0.00007078,2
15064.43333333,0.00030506,0.00006735,7
15066.13333333,0.00008825,0.00000000,0
15069.80000000,0.00000000,0.00002932,1
15070.00000000,0.00019088,0.00036207,8
15072.97500000,0.00000000,0.00005143,1
15073.09166667,0.00000000,0.00002571,1
15074.99166667,0.00006774,0.00005301,4
15075.78333333,0.00017100,0.00006150,2
15075.87500000,0.00009495,0.00005705,3
15078.92500000,0.00003626,0.00000000,0
15079.61666667,0.00014700,0.00005597,2
15079.63333333,0.00016635,0.00006724,2
15079.75000000,0.00016520,0.00005444,2
15080.00000000,0.00020018,0.00027776,6
15080.24166667,0.00004518,0.00000000,0
15080.78333333,0.00006290,0.00000000,0
15080.91666667,0.00229748,0.00033695,0
15080.94166667,0.00197376,0.00037327,7
15081.04166667,0.00197004,0.00026738,0
15085.37500000,0.00000000,0.00003051,1
15085.48333333,0.00000000,0.00002334,1
15087.90000000,0.00004227,0.00002801,4
15090.00000000,0.00018108,0.00037143,8
15093.69166667,0.00000000,0.00003916,1
15094.98333333,0.00006452,0.00004902,4
15099.92500000,0.00136777,0.00092840,4
15099.93333333,0.00135692,0.00099139,4
15100.00000000,0.00517500,0.00190192,2
15100.04166667,0.00778521,0.00374621,3
15100.10833333,0.00326960,0.00188079,3
15100.14166667,0.00314643,0.00249420,4
15101.52500000,0.00003648,0.00000000,0
15104.45833333,0.00005371,0.00002739,3
15109.15000000,0.00005199,0.00000000,0
15110.00000000,0.00015185,0.00041883,9
15112.00000000,0.00004528,0.00000000,0
15112.31666667,0.00000000,0.00002538,1
15115.00000000,0.00006802,0.00008270,6
15116.06666667,0.00005182,0.00000000,0
15116.19166667,0.00029587,0.00007026,2
15116.28333333,0.00009723,0.00002636,2
15117.62500000,0.00003571,0.00000000,0
15120.00000000,0.00027006,0.00029011,5
15125.00000000,0.00272338,0.00200456,4
15128.46666667,0.00009146,0.00003971,3
15128.47500000,0.00009063,0.00003973,3
15129.09166667,0.00007958,0.00000000,0
15129.20000000,0.00005045,0.00000000,0
15130.00000000,0.00019841,0.00034535,8
15130.45000000,0.00004444,0.00000000,0
15130.54166667,0.00004182,0.00000000,0
15130.64166667,0.00004654,0.00000000,0
15130.78333333,0.00005574,0.00000000,0
15130.87500000,0.00006184,0.00000000,0
15130.97500000,0.00006916,0.00000000,0
15131.23333333,0.07854460,0.03222926,3
15131.33333333,0.10433960,0.03150401,2
15131.50833333,0.00027015,0.00006783,2
15131.60000000,0.00007842,0.00000000,0
15131.66666667,0.00008065,0.00000000,0
15131.75000000,0.00005179,0.00000000,0
15132.17500000,0.00004306,0.00000000,0
15132.44166667,0.00051491,0.00012513,2
15132.54166667,0.00031692,0.00007035,7
15135.00000000,0.00005147,0.00009897,8
15135.50833333,0.00077270,0.00005218,0
15135.62500000,0.00051857,0.00003066,0
15136.14166667,0.00023134,0.00005293,2
15136.25833333,0.00016425,0.00003915,2
15136.73333333,0.00000000,0.00003635,1
15136.99166667,0.00010957,0.00005552,3
15140.00000000,0.00024739,0.00028806,5
15140.45833333,0.00329241,0.00033593,0
15140.57500000,0.00201705,0.00020673,0
15142.51666667,0.00000000,0.00003057,1
15142.94166667,0.02812415,0.00861216,2
15143.05833333,0.02433330,0.00776881,2
15143.21666667,0.00007567,0.00002729,2
15143.23333333,0.00008799,0.00002033,2
15144.60000000,0.00005453,0.00000000,0
15144.88333333,0.00575600,0.00083290,0
15145.00000000,0.00206903,0.00027266,0
15145.11666667,0.00438764,0.00038383,0
15145.25833333,0.00005215,0.00000000,0
15147.80833333,0.00064095,0.00022400,2
15147.85000000,0.00044906,0.00026258,3
15147.91666667,0.00071743,0.00023149,2
15149.16666667,0.00000000,0.00004060,1
15150.00000000,0.00050678,0.00009183,7
15150.54166667,0.00019604,0.00003218,7
15150.66666667,0.00021267,0.00002020,0
15151.41666667,0.00041198,0.00004766,0
15151.53333333,0.00019148,0.00002173,0
15151.80833333,0.00012654,0.00000000,0
15152.06666667,0.00004448,0.00000000,0
15154.50833333,0.00003513,0.00000000,0
15154.63333333,0.00003923,0.00000000,0
15155.00000000,0.00007845,0.00008942,5
15156.25000000,0.00000000,0.00003746,1
15158.59166667,0.00017058,0.00007035,3
15158.72500000,0.02127599,0.00794072,2
15158.80833333,0.01648192,0.00666922,2
15158.84166667,0.02151163,0.00585872,2
15159.00000000,0.00005392,0.00000000,0
15160.00000000,0.00025696,0.00031034,5
15161.03333333,0.00003434,0.00000000,0
15161.07500000,0.00003426,0.00000000,0
15164.30000000,0.00003957,0.00000000,0
15165.00000000,0.00004656,0.00005724,6
15166.30000000,0.00005081,0.00003387,4
15166.34166667,0.00000000,0.00004100,1
15168.11666667,0.00014564,0.00000000,0
15168.24166667,0.00005102,0.00000000,0
15170.00000000,0.00004362,0.00024331,12
15173.54166667,0.00007341,0.00000000,0
15175.00000000,0.00012198,0.00006292,3
15177.16666667,0.00000000,0.00002854,1
15180.00000000,0.00018339,0.00028872,6
15180.30833333,0.00121016,0.00028923,2
15180.32500000,0.00111597,0.00031148,2
15180.42500000,0.00063177,0.00013123,7
15180.43333333,0.00063475,0.00011732,7
15185.00000000,0.00000000,0.00005694,1
15185.56666667,0.00003847,0.00002373,4
15187.31666667,0.00008311,0.00000000,0
15187.34166667,0.00007689,0.00000000,0
15187.42500000,0.00004828,0.00002162,3
15190.00000000,0.00011817,0.00022001,8
15193.61666667,0.00003659,0.00000000,0
15195.00000000,0.00017413,0.00018259,5
15196.73333333,0.00004907,0.00000000,0
15196.83333333,0.00006406,0.00000000,0
15198.03333333,0.00003435,0.00000000,0
15200.00000000,0.00059495,0.00093799,6
15202.75000000,0.00000000,0.00510939,1
15202.86666667,0.00000000,0.00329537,1
15205.00000000,0.00003303,0.00004146,6
15208.86666667,0.00003511,0.00000000,0
15210.00000000,0.00016404,0.00017550,5
15213.94166667,0.00005635,0.00000000,0
15215.00000000,0.00010711,0.00012915,5
15216.50000000,0.00003861,0.00000000,0
15216.58333333,0.00003820,0.00000000,0
15220.00000000,0.00017599,0.00019274,5
15224.30000000,0.00000000,0.00012143,1
15224.40833333,0.00000000,0.00007469,1
15225.00000000,0.00000000,0.00005105,1
15229.55833333,0.00039453,0.00012685,2
15229.58333333,0.00034858,0.00014650,3
15229.67500000,0.00038984,0.00011321,2
15229.87500000,0.00004304,0.00000000,0
15230.00000000,0.00012928,0.00024661,8
15230.63333333,0.00000000,0.00004033,1
15230.75000000,0.00000000,0.00002122,1
15234.37500000,0.00014372,0.00004411,2
15235.00000000,0.00000000,0.00004902,1
15237.07500000,0.00009058,0.00004445,3
15237.15000000,0.00009114,0.00003874,3
15240.00000000,0.00015564,0.00014677,5
15245.11666667,0.00003395,0.00000000,0
15245.21666667,0.00004441,0.00000000,0
15250.00000000,0.00037084,0.00023129,4
15250.22500000,0.00004357,0.00000000,0
15250.75833333,0.00006506,0.00000000,0
15253.69166667,0.00902225,0.00156049,7
15254.37500000,0.00036580,0.00004083,0
15254.99166667,0.00003497,0.00003265,5
15258.79166667,0.00000000,0.00002649,1
15260.00000000,0.00021161,0.00008857,3
15264.43333333,0.00003615,0.00000000,0
15264.60833333,0.00003871,0.00000000,0
15266.40000000,0.00007464,0.00000000,0
15266.45833333,0.00006190,0.00002520,3
15266.49166667,0.00006735,0.00000000,0
15270.00000000,0.00030329,0.00038197,6
15270.52500000,0.00015031,0.00006341,3
15270.64166667,0.00006550,0.00002264,2
15272.34166667,0.00229236,0.00040754,7
15272.45833333,0.00205741,0.00030373,0
15274.95833333,0.00009941,0.00011184,5
15274.99166667,0.00010710,0.00014964,6
15279.62500000,0.00000000,0.00005225,1
15280.00000000,0.00014929,0.00005705,2
15283.21666667,0.00000000,0.00002147,1
15284.46666667,0.00003877,0.00000000,0
15289.45000000,0.00004116,0.00000000,0
15290.00000000,0.00030748,0.00043476,6
15293.50000000,0.00000000,0.00005066,1
15293.61666667,0.00000000,0.00002347,1
15295.00000000,0.00012969,0.00011733,5
15299.24166667,0.00003302,0.00000000,0
15300.00000000,0.00111507,0.00139306,6
15310.00000000,0.00022154,0.00050423,8
15310.34166667,0.00003315,0.00000000,0
15310.45000000,0.00004346,0.00000000,0
15310.65833333,0.03756140,0.01075164,2
15310.67500000,0.04008251,0.01297551,2
15310.79166667,0.04167093,0.01187047,2
15310.95000000,0.00014749,0.00004219,2
15311.04166667,0.00003328,0.00000000,0
15314.96666667,0.00004457,0.00006548,6
15315.00000000,0.00003717,0.00008142,8
15320.00000000,0.00013316,0.00007214,3
15325.00833333,0.00003315,0.00011423,9
15325.06666667,0.00009680,0.00006401,4
15325.18333333,0.00007237,0.00000000,0
15327.18333333,0.00007782,0.00000000,0
15327.51666667,0.00007501,0.00005057,4
15327.53333333,0.00007053,0.00005194,4
15327.61666667,0.00006457,0.00002320,2
15330.00000000,0.00048256,0.00050884,5
15330.79166667,0.00004235,0.00000000,0
15335.00000000,0.00006624,0.00009036,6
15340.00000000,0.00000000,0.00006620,1
15341.79166667,0.00000000,0.00002114,1
15345.00833333,0.00000000,0.00003759,1
15349.05833333,0.00010729,0.00002057,7
15349.10000000,0.00010597,0.00002690,2
15349.13333333,0.00011583,0.00002170,7
15350.00000000,0.00068795,0.00061939,5
15355.00000000,0.00009087,0.00010355,5
15358.20833333,0.00000000,0.00003062,1
15358.22500000,0.00000000,0.00003190,1
15360.00000000,0.00013592,0.00006681,3
15362.50000000,0.00013927,0.00004177,2
15363.89166667,0.00000000,0.00004614,1
15364.03333333,0.00000000,0.00011395,1
15364.16666667,0.00016863,0.00003161,7
15364.24166667,0.00011919,0.00002302,7
15364.56666667,0.00030337,0.00021083,4
15364.60000000,0.00026081,0.00023719,5
15366.25833333,0.00000000,0.00010297,1
15366.30000000,0.00000000,0.00012816,1
15366.36666667,0.00000000,0.00011407,1
15368.22500000,0.00003406,0.00000000,0
15369.81666667,0.00004061,0.00000000,0
15370.00000000,0.00040782,0.00049585,6
15370.39166667,0.00006182,0.00000000,0
15371.25000000,0.00017963,0.00002903,7
15371.31666667,0.00013082,0.00003267,2
15371.35000000,0.00018117,0.00002889,0
15375.00000000,0.00014419,0.00031390,8
15376.75000000,0.00004481,0.00000000,0
15380.00000000,0.00016131,0.00009693,3
15383.92500000,0.00003440,0.00000000,0
15385.00000000,0.00003608,0.00005886,6
15388.90833333,0.00004117,0.00000000,0
15389.38333333,0.00009636,0.00002995,2
15389.79166667,0.00009964,0.00002646,2
15390.00000000,0.00056448,0.00046571,4
15390.63333333,0.00000000,0.00002259,1
15391.69166667,0.00003635,0.00000000,0
15393.36666667,0.00004387,0.00000000,0
15395.00000000,0.00011909,0.00014781,6
15399.29166667,0.00000000,0.00003733,1
15399.38333333,0.00000000,0.00002019,1
15400.00000000,0.00116818,0.00107064,5
15405.00000000,0.00007866,0.00007115,5
15405.28333333,0.00000000,0.00002175,1
15410.00000000,0.00042959,0.00044046,5
15411.05000000,0.00003466,0.00000000,0
15414.41666667,0.00040815,0.00003549,0
15414.46666667,0.00031611,0.00005092,7
15414.47500000,0.00030376,0.00005004,7
15414.64166667,0.00016379,0.00000000,0
15415.00000000,0.00007086,0.00008501,5
15420.00833333,0.00014234,0.00013973,5
15425.00000000,0.00007740,0.00006552,4
15429.68333333,0.00027411,0.00040902,6
15430.00000000,0.00039407,0.00032644,4
15435.00000000,0.00011792,0.00014496,6
15439.06666667,0.00000000,0.00008223,1
15439.11666667,0.00000000,0.00008003,1
15439.15000000,0.00000000,0.00007235,1
15439.45000000,0.00000000,0.00002322,1
15439.88333333,0.00022021,0.00007816,2
15439.95000000,0.00021228,0.00018223,4
15439.97500000,0.00018522,0.00019882,5
15440.80833333,0.00000000,0.00003450,1
15442.02500000,0.00000000,0.00007168,1
15442.15000000,0.00000000,0.00003630,1
15444.20000000,0.00000000,0.00003053,1
15444.30833333,0.00000000,0.00002666,1
15450.00000000,0.00075701,0.00041932,3
15450.43333333,0.00000000,0.00002313,1
15454.10833333,0.00000000,0.00002113,1
15454.66666667,0.00000000,0.00002113,1
15454.99166667,0.00008967,0.00007241,4
15457.12500000,0.00004123,0.00000000,0
15458.79166667,0.00007806,0.00000000,0
15458.91666667,0.00005374,0.00000000,0
15460.00000000,0.00006983,0.00015531,8
15460.19166667,0.00087351,0.00022056,2
15460.30833333,0.00057964,0.00014720,2
15462.59166667,0.00124594,0.00020014,0
15462.71666667,0.00107151,0.00015240,0
15463.99166667,0.00005980,0.00000000,0
15464.10000000,0.00003445,0.00000000,0
15468.76666667,0.00000000,0.00003177,1
15470.00000000,0.00018779,0.00020898,5
15475.00000000,0.00010180,0.00003712,2
15475.84166667,0.00000000,0.00002279,1
15478.50000000,0.00000000,0.00001999,1
15478.60833333,0.00003622,0.00000000,0
15480.00000000,0.00017135,0.00015466,5
15481.47500000,0.00000000,0.00007055,1
15481.60000000,0.00000000,0.00002469,1
15485.47500000,0.00000000,0.00011672,1
15485.59166667,0.00000000,0.00004175,1
15490.00000000,0.00033593,0.00020055,3
15495.00833333,0.00006154,0.00004558,4
15495.70000000,0.00012154,0.00004600,2
15495.75833333,0.00008189,0.00006419,4
15500.00000000,0.00027424,0.00019349,4
15504.70833333,0.00004248,0.00002482,3
15504.75833333,0.00005330,0.00004006,4
15504.80833333,0.00004208,0.00003321,4
15509.32500000,0.00000000,0.00004060,1
15509.81666667,0.00000000,0.00002768,1
15510.00000000,0.00036276,0.00021389,3
15510.47500000,0.00003279,0.00000000,0
15510.62500000,0.00003554,0.00000000,0
15511.09166667,0.00036449,0.00037393,5
15520.00000000,0.00017023,0.00008696,3
15524.35000000,0.00007639,0.00003939,3
15524.38333333,0.00009337,0.00003775,2
15525.00000000,0.00009313,0.00016847,8
15530.00000000,0.00029696,0.00019072,4
15530.32500000,0.00004253,0.00000000,0
15533.97500000,0.00003778,0.00000000,0
15535.44166667,0.00004451,0.00000000,0
15540.00000000,0.00025710,0.00006390,2
15544.17500000,0.00018336,0.00000000,0
15545.30833333,0.00000000,0.00002004,1
15550.00000000,0.00048226,0.00020572,3
15554.14166667,0.00000000,0.00003129,1
15555.00833333,0.00000000,0.00002570,1
15556.15833333,0.00016962,0.00004283,2
15556.17500000,0.00015630,0.00004465,2
15556.25833333,0.00014738,0.00002696,7
15556.95000000,0.00000000,0.00003629,1
15557.35000000,0.00332052,0.00132779,2
15557.45000000,0.00193139,0.00113384,3
15557.55000000,0.00035074,0.00019924,3
15560.00000000,0.00024849,0.00005439,7
15568.02500000,0.00007925,0.00002477,2
15568.03333333,0.00007898,0.00002522,2
15568.11666667,0.00010499,0.00002586,2
15570.00000000,0.00034230,0.00014748,3
15570.85000000,0.00000000,0.00007122,1
15570.96666667,0.00000000,0.00003998,1
15571.81666667,0.00043944,0.00014874,2
15571.82500000,0.00044213,0.00014182,2
15575.00000000,0.00006409,0.00009986,6
15575.66666667,0.00004281,0.00000000,0
15580.00000000,0.00023339,0.00011277,3
15581.66666667,0.00100781,0.00043723,3
15581.70000000,0.00111446,0.00039420,2
15590.00000000,0.00027199,0.00014307,3
15590.45833333,0.00003427,0.00000000,0
15600.00000000,0.00060728,0.00017380,2
15604.56666667,0.00000000,0.00002342,1
15605.66666667,0.00197850,0.00095092,3
15605.68333333,0.00203132,0.00090476,3
15607.45000000,0.00000000,0.00002468,1
15610.00000000,0.00025492,0.00011396,3
15615.33333333,0.00000000,0.00006551,1
15615.46666667,0.00000000,0.00012063,1
15615.48333333,0.00000000,0.00012935,1
15616.06666667,0.00003395,0.00000000,0
15617.78333333,0.00005522,0.00000000,0
15617.89166667,0.00006809,0.00000000,0
15620.00000000,0.00036706,0.00023461,4
15624.69166667,0.00000000,0.00002181,1
15624.81666667,0.00000000,0.00004257,1
15625.00000000,0.07890702,0.11204829,6
15625.15833333,0.00003914,0.00009359,8
15625.19166667,0.00000000,0.00002081,1
15627.58333333,0.00004284,0.00000000,0
15627.70000000,0.00004586,0.00000000,0
15629.62500000,0.00011408,0.00002446,7
15629.68333333,0.00007926,0.00004538,3
15629.74166667,0.00017752,0.00002847,0
15630.00000000,0.00024124,0.00008956,2
15633.49166667,0.00229541,0.00050676,7
15637.26666667,0.00004111,0.00000000,0
15640.00000000,0.00034005,0.00027716,4
15644.30833333,0.00033827,0.00028019,4
15644.34166667,0.00029864,0.00031681,5
15650.00000000,0.00023707,0.00008176,2
15660.00000000,0.00031796,0.00026349,4
15669.99166667,0.00012204,0.00011138,5
15672.35833333,0.00000000,0.00003205,1
15672.37500000,0.00000000,0.00003548,1
15672.47500000,0.00000000,0.00002406,1
15673.35833333,0.00000000,0.00003713,1
15673.56666667,0.00004510,0.00000000,0
15675.00000000,0.00011074,0.00002505,7
15679.85833333,0.00015428,0.00000000,0
15680.00000000,0.00025751,0.00027802,5
15680.44166667,0.00013344,0.00004868,2
15680.55000000,0.00006352,0.00000000,0
15688.77500000,0.00000000,0.00009005,1
15688.89166667,0.00000000,0.00004049,1
15690.00000000,0.00004165,0.00012899,9
15692.70000000,0.00005369,0.00002640,3
15692.73333333,0.00004698,0.00003418,4
15697.64166667,0.00000000,0.00004672,1
15700.00000000,0.00012443,0.00049970,9
15710.00000000,0.00009540,0.00011184,5
15710.14166667,0.00005117,0.00000000,0
15710.20833333,0.00000000,0.00002791,1
15710.25000000,0.00004200,0.00000000,0
15710.64166667,0.00003936,0.00000000,0
15719.65833333,0.00018739,0.00006529,2
15719.67500000,0.00018217,0.00006749,2
15720.00000000,0.00028748,0.00024918,11
15722.95833333,0.00003344,0.00000000,0
15724.08333333,0.00000000,0.00003115,1
15725.00000000,0.00000000,0.00007252,1
15729.75833333,0.00007824,0.00002615,2
15729.77500000,0.00007467,0.00002904,2
15729.89166667,0.00006011,0.00000000,0
15730.00000000,0.00000000,0.00009285,1
15731.13333333,0.00145939,0.00032021,7
15731.25000000,0.00134807,0.00020376,0
15733.65000000,0.00000000,0.00005177,1
15733.93333333,0.00004240,0.00000000,0
15738.92500000,0.00279938,0.00111881,2
15740.00000000,0.00029571,0.00030816,5
15741.35000000,0.00000000,0.00005451,1
15741.46666667,0.00000000,0.00003203,1
15742.19166667,0.00005197,0.00003817,4
15744.09166667,0.00014156,0.00002821,7
15745.20000000,0.00040888,0.00013201,2
15745.22500000,0.00035605,0.00014699,3
15745.28333333,0.00031310,0.00010673,2
15745.63333333,0.00006873,0.00000000,0
15750.00000000,0.00009171,0.00021431,8
15754.23333333,0.00055033,0.00020911,2
15754.31666667,0.00049248,0.00013742,2
15755.00833333,0.00000000,0.00002210,1
15760.00000000,0.00031561,0.00032964,5
15769.99166667,0.00013045,0.00011075,4
15770.10000000,0.00005349,0.00002507,3
15771.45833333,0.00003593,0.00000000,0
15775.00000000,0.00014529,0.00007860,3
15775.24166667,0.00010490,0.00002406,2
15776.00000000,0.00004777,0.00000000,0
15777.95000000,0.00007535,0.00002428,2
15778.00000000,0.00005881,0.00004299,4
15778.05833333,0.00009660,0.00004313,3
15778.90000000,0.00000000,0.00004044,1
15780.00000000,0.00039144,0.00030406,4
15781.25000000,0.00000000,0.00001996,1
15782.30000000,0.00000000,0.00010175,1
15782.41666667,0.00000000,0.00004731,1
15785.00833333,0.00000000,0.00002570,1
15790.00000000,0.00007658,0.00011721,6
15793.21666667,0.00006283,0.00000000,0
15794.26666667,0.00000000,0.00003965,1
15794.27500000,0.00000000,0.00004004,1
15794.38333333,0.00000000,0.00002206,1
15795.00000000,0.00011155,0.00009615,4
15797.55000000,0.00003712,0.00000000,0
15799.06666667,0.00005712,0.00000000,0
15799.17500000,0.00007282,0.00000000,0
15800.00000000,0.00065284,0.00066109,5
15808.13333333,0.00000000,0.00002331,1
15809.19166667,0.00000000,0.00021052,1
15810.00000000,0.00015976,0.00011749,4
15815.00000000,0.00017649,0.00014275,4
15816.49166667,0.00003590,0.00000000,0
15816.67500000,0.00000000,0.00002262,1
15818.92500000,0.00227513,0.00040196,7
15818.93333333,0.00228573,0.00042384,7
15819.05833333,0.00159134,0.00023986,0
15820.00000000,0.00059759,0.00052569,5
15820.31666667,0.00000000,0.00005172,1
15822.11666667,0.00000000,0.00002563,1
15825.00000000,0.00044073,0.00062416,6
15827.38333333,0.00011091,0.00000000,0
15827.49166667,0.00007859,0.00000000,0
15827.70000000,0.00000000,0.00002234,1
15828.95000000,0.00003743,0.00000000,0
15830.00000000,0.00018786,0.00012640,4
15835.00000000,0.00015916,0.00013519,4
15840.00000000,0.00062831,0.00053618,4
15845.00000000,0.00007092,0.00007412,5
15847.13333333,0.00004207,0.00000000,0
15850.00000000,0.00037683,0.00025866,4
15854.99166667,0.00005292,0.00003684,4
15858.29166667,0.00005943,0.00000000,0
15860.00000000,0.00066401,0.00050364,4
15865.00000000,0.00005176,0.00005276,5
15867.98333333,0.00003887,0.00000000,0
15870.00000000,0.00021830,0.00014659,4
15874.65000000,0.00000000,0.00009775,1
15874.76666667,0.00000000,0.00004002,1
15874.95833333,0.00010800,0.00012005,5
15875.00000000,0.00015731,0.00017133,5
15875.36666667,0.00000000,0.00002855,1
15875.57500000,0.00018144,0.00000000,0
15875.77500000,0.00006039,0.00000000,0
15875.89166667,0.00008017,0.00000000,0
15879.55833333,0.00023477,0.00008631,2
15880.00000000,0.00067327,0.00051177,4
15885.40833333,0.00196212,0.00082884,3
15885.43333333,0.00209214,0.00075825,2
15887.10833333,0.00006828,0.00000000,0
15887.15833333,0.00005113,0.00002481,3
15887.20833333,0.00007911,0.00000000,0
15887.48333333,0.00000000,0.00003532,1
15889.25833333,0.00006982,0.00000000,0
15890.00000000,0.00023438,0.00012486,3
15893.93333333,0.00009420,0.00004745,3
15894.02500000,0.00008172,0.00004823,3
15894.05000000,0.00009924,0.00003779,2
15895.00000000,0.00026523,0.00018934,4
15900.00000000,0.00054584,0.00079593,6
15900.75833333,0.00000000,0.00002633,1
15900.88333333,0.00000000,0.00002754,1
15905.00000000,0.00000000,0.00002713,1
15910.00000000,0.00017960,0.00010880,3
15910.80833333,0.00003564,0.00000000,0
15913.07500000,0.00008066,0.00002577,2
15913.48333333,0.00000000,0.00012858,1
15913.60000000,0.00000000,0.00008257,1
15915.00000000,0.00014812,0.00013607,5
15917.96666667,0.00000000,0.00002105,1
15920.00000000,0.00060160,0.00041000,4
15925.00000000,0.00010313,0.00005581,3
15930.00000000,0.00023311,0.00005844,2
15935.00000000,0.00010265,0.00007862,4
15939.21666667,0.00022825,0.00007800,2
15939.25000000,0.00016843,0.00008905,3
15939.33333333,0.00012472,0.00006355,3
15940.00000000,0.00051008,0.00036011,4
15945.65000000,0.00028190,0.00004918,7
15945.76666667,0.00016436,0.00000000,0
15949.45000000,0.00003414,0.00000000,0
15950.00000000,0.00026335,0.00024694,5
15951.16666667,0.00028103,0.00003325,0
15951.17500000,0.00027773,0.00003376,0
15951.29166667,0.00017012,0.00000000,0
15953.36666667,0.00003304,0.00000000,0
15955.00000000,0.00005526,0.00004980,5
15958.62500000,0.00003638,0.00000000,0
15960.00000000,0.00045521,0.00034653,4
15970.00000000,0.00019406,0.00009188,3
15975.01666667,0.00008214,0.00012504,6
15980.00000000,0.00051940,0.00035615,4
15982.83333333,0.00056201,0.00011644,7
15982.93333333,0.00051909,0.00005663,0
15989.60833333,0.00000000,0.00005490,1
15989.71666667,0.00000000,0.00002816,1
15990.00000000,0.00028324,0.00012169,3
15994.09166667,0.00000000,0.00009449,1
15994.20833333,0.00000000,0.00003818,1
15995.00000000,0.00008966,0.00005552,4
15995.62500000,0.00005441,0.00000000,0
16000.00000000,0.00097827,0.00031008,2
16004.80000000,0.00006361,0.00000000,0
16008.80833333,0.00000000,0.00006458,1
16008.93333333,0.00000000,0.00003737,1
16010.00000000,0.00029889,0.00014073,3
16015.00833333,0.00008136,0.00005036,4
16015.61666667,0.00016383,0.00012114,4
16015.62500000,0.00016216,0.00012249,4
16020.00000000,0.00044649,0.00029478,4
16020.19166667,0.00004841,0.00000000,0
16025.00000000,0.00004624,0.00003480,4
16030.00000000,0.00024458,0.00019611,4
16030.34166667,0.00000000,0.00002702,1
16031.95000000,0.00000000,0.00004887,1
16032.24166667,0.00048611,0.00006975,0
16032.36666667,0.00033677,0.00003156,0
16032.90000000,0.00072743,0.00011378,0
16033.02500000,0.00059557,0.00006312,0
16035.00833333,0.00005581,0.00004447,4
16040.00000000,0.00039278,0.00033686,4
16042.54166667,0.00005074,0.00000000,0
16042.66666667,0.00004957,0.00000000,0
16047.03333333,0.00005488,0.00000000,0
16047.13333333,0.00000000,0.00002777,1
16047.25000000,0.00000000,0.00003012,1
16047.80833333,0.00010387,0.00002685,2
16047.82500000,0.00010857,0.00002515,2
16050.00000000,0.00058770,0.00031595,3
16055.00000000,0.00008640,0.00006368,4
16056.05000000,0.00003376,0.00000000,0
16060.00000000,0.00025500,0.00023567,5
16064.45000000,0.00000000,0.00002324,1
16069.75833333,0.00007894,0.00002277,2
16070.00000000,0.00026690,0.00021491,4
16075.00000000,0.00014791,0.00009478,4
16079.60833333,0.00000000,0.00002863,1
16080.00000000,0.00022117,0.00019796,5
16081.25000000,0.00000000,0.00008341,1
16081.36666667,0.00000000,0.00003753,1
16083.68333333,0.00004034,0.00002456,10
16090.00000000,0.00028321,0.00022642,4
16091.15833333,0.00011656,0.00004314,2
16091.17500000,0.00012275,0.00004625,2
16091.25833333,0.00003942,0.00005935,6
16091.29166667,0.00006130,0.00004791,4
16091.54166667,0.00012405,0.00006185,3
16091.65833333,0.00006429,0.00002819,3
16092.25833333,0.00011518,0.00000000,0
16095.00000000,0.00004749,0.00003922,4
16100.00000000,0.00052271,0.00059182,5
16100.83333333,0.00000000,0.00006603,1
16102.85833333,0.00003287,0.00000000,0
16106.95000000,0.00027754,0.00006756,2
16107.06666667,0.00013006,0.00006542,3
16108.91666667,0.00060426,0.00011489,7
16109.04166667,0.00051320,0.00007439,0
16110.00000000,0.00024489,0.00020327,4
16113.00833333,0.00000000,0.00002118,1
16113.25833333,0.00000000,0.00002131,1
16115.00833333,0.00004835,0.00002474,3
16118.66666667,0.00070643,0.00022254,2
16118.72500000,0.00044980,0.00025433,3
16120.00000000,0.00005498,0.00011360,8
16121.50000000,0.00005624,0.00003638,4
16125.00000000,0.00026688,0.00020707,4
16130.00000000,0.00036257,0.00021840,3
16135.00000000,0.00007217,0.00004042,3
16137.69166667,0.00000000,0.00002054,1
16140.00000000,0.00000000,0.00010799,1
16142.26666667,0.00004924,0.00000000,0
16143.30833333,0.00005563,0.00010882,8
16145.51666667,0.00000000,0.00002875,1
16146.60000000,0.00018765,0.00002725,0
16150.00000000,0.00018853,0.00018394,5
16150.94166667,0.00003675,0.00000000,0
16154.31666667,0.00000000,0.00006201,1
16155.00000000,0.00006395,0.00003037,3
16155.33333333,0.00075710,0.00087979,5
16160.00000000,0.00005695,0.00012282,8
16170.00000000,0.00034628,0.00017752,3
16175.00000000,0.00003838,0.00000000,0
16180.00000000,0.00011622,0.00014319,6
16188.11666667,0.00006565,0.00000000,0
16190.00000000,0.00044433,0.00020744,3
16195.00000000,0.00005279,0.00003012,3
16198.24166667,0.00004085,0.00002157,3
16200.00000000,0.00073201,0.00030609,3
16206.37500000,0.00000000,0.00002636,1
16210.00000000,0.00037494,0.00020373,3
16210.94166667,0.00047216,0.00020864,3
16212.11666667,0.00006132,0.00000000,0
16212.21666667,0.00005617,0.00000000,0
16212.40833333,0.00004056,0.00000000,0
16215.00833333,0.00008084,0.00003289,3
16215.64166667,0.00000000,0.00004132,1
16220.00000000,0.00034889,0.00026069,4
16224.99166667,0.00004335,0.00002331,3
16227.86666667,0.00007745,0.00000000,0
16227.96666667,0.00007025,0.00000000,0
16228.20000000,0.00000000,0.00005563,1
16230.00000000,0.00027257,0.00019652,4
16230.15833333,0.00000000,0.00002395,1
16230.19166667,0.00004013,0.00002083,3
16233.56666667,0.00008502,0.00002301,2
16233.59166667,0.00008070,0.00002543,2
16235.00000000,0.00000000,0.00002898,1
16235.43333333,0.00198258,0.00235963,5
16240.00000000,0.00031390,0.00027968,5
16248.79166667,0.00005570,0.00000000,0
16248.90833333,0.00003934,0.00000000,0
16250.00000000,0.00075241,0.00045995,10
16253.24166667,0.00079746,0.00011409,0
16253.36666667,0.00067496,0.00008499,0
16254.18333333,0.00000000,0.00002142,1
16254.74166667,0.00004333,0.00000000,0
16255.00000000,0.00005400,0.00002471,3
16260.00000000,0.00038520,0.00029067,4
16270.00000000,0.00021306,0.00017927,4
16273.70833333,0.00000000,0.00004524,1
16273.82500000,0.00000000,0.00002687,1
16274.80000000,0.00025750,0.00010694,3
16274.91666667,0.00015463,0.00012658,4
16275.01666667,0.00000000,0.00006116,1
16279.48333333,0.00004845,0.00005200,5
16279.57500000,0.00000000,0.00003081,1
16280.00000000,0.00040890,0.00027680,4
16283.00833333,0.00062474,0.00008571,0
16283.13333333,0.00046891,0.00004858,0
16285.30000000,0.00003357,0.00000000,0
16290.00000000,0.00017938,0.00016086,5
16293.53333333,0.00007364,0.00000000,0
16295.00833333,0.00008463,0.00005244,4
16297.45833333,0.00003751,0.00000000,0
16300.00000000,0.00050866,0.00026352,3
16303.20000000,0.00000000,0.00034226,1
16303.31666667,0.00000000,0.00022172,1
16307.36666667,0.00000000,0.00007831,1
16310.00000000,0.00018894,0.00017009,5
16313.42500000,0.00000000,0.00002145,1
16320.00000000,0.00034095,0.00020747,10
16323.71666667,0.00004775,0.00015331,9
16325.00000000,0.00014916,0.00000000,0
16327.67500000,0.00003287,0.00000000,0
16329.35000000,0.00000000,0.00002722,1
16329.50000000,0.00063590,0.00011384,7
16329.61666667,0.00031781,0.00007028,7
16329.62500000,0.00032709,0.00006798,7
16330.00000000,0.00014961,0.00015383,5
16335.00000000,0.00003924,0.00000000,0
16336.85000000,0.00000000,0.00002882,1
16340.00000000,0.00034064,0.00019723,3
16344.06666667,0.00012773,0.00226546,1
16344.08333333,0.00012037,0.00239307,1
16345.35833333,0.00000000,0.00002145,1
16346.90000000,0.00011894,0.00024970,8
16350.00000000,0.00044026,0.00027161,4
16351.41666667,0.00031754,0.00012669,2
16355.00000000,0.00004284,0.00002357,3
16360.00000000,0.00033818,0.00017587,3
16363.40000000,0.00003282,0.00002064,4
16363.44166667,0.00000000,0.00002755,1
16370.00000000,0.00007435,0.00013855,8
16370.95000000,0.00003541,0.00000000,0
16371.42500000,0.00004597,0.00003014,4
16371.46666667,0.00000000,0.00003481,1
16371.51666667,0.00004349,0.00002600,3
16375.00833333,0.00004342,0.00003989,5
16379.14166667,0.00003454,0.00000000,0
16380.00000000,0.00030962,0.00018275,3
16387.01666667,0.00000000,0.00007243,1
16388.88333333,0.00012235,0.00002858,2
16390.00000000,0.00014948,0.00010307,4
16400.00000000,0.00028529,0.00024826,11
16405.15833333,0.00000000,0.00002371,1
16406.25000000,0.00021833,0.00008776,2
16408.61666667,0.00008875,0.00003717,3
16410.00000000,0.00008348,0.00008779,5
16420.00000000,0.00040867,0.00018878,3
16425.00000000,0.00015621,0.00005836,2
16430.00000000,0.00007384,0.00009609,6
16440.00000000,0.00037228,0.00021246,3
16449.38333333,0.00037123,0.00007784,7
16449.49166667,0.00022398,0.00004649,7
16450.00000000,0.00007053,0.00007044,5
16453.62500000,0.00003395,0.00000000,0
16459.28333333,0.00127301,0.00089189,4
16460.00000000,0.00050203,0.00021736,3
16463.31666667,0.00000000,0.00009312,1
16463.43333333,0.00000000,0.00003957,1
16470.00000000,0.00012696,0.00006248,3
16475.00000000,0.00003634,0.00000000,0
16477.11666667,0.00000000,0.00002993,1
16480.00000000,0.00056333,0.00022477,2
16483.25833333,0.00000000,0.00012670,1
16483.35000000,0.00000000,0.00014045,1
16484.37500000,0.00003812,0.00000000,0
16490.00833333,0.00009502,0.00006252,4
16495.80000000,0.00000000,0.00004746,1
16495.84166667,0.00000000,0.00002878,1
16495.92500000,0.00000000,0.00002161,1
16500.00000000,0.00072017,0.00020664,2
16500.22500000,0.00006512,0.00000000,0
16510.00000000,0.00010256,0.00003964,2
16520.00000000,0.00066869,0.00022874,2
16528.66666667,0.00039689,0.00006610,7
16528.79166667,0.00027709,0.00003454,0
16530.00833333,0.00009469,0.00003947,3
16533.97500000,0.00007056,0.00000000,0
16535.00833333,0.00004331,0.00000000,0
16538.85000000,0.00004706,0.00000000,0
16540.00000000,0.00075997,0.00023417,2
16550.00000000,0.00071392,0.00024817,2
16555.00000000,0.00003669,0.00000000,0
16560.00000000,0.00076524,0.00025149,2
16562.99166667,0.00004753,0.00000000,0
16570.00000000,0.00009959,0.00004245,3
16574.44166667,0.00005087,0.00000000,0
16574.99166667,0.00004899,0.00000000,0
16579.32500000,0.00005057,0.00002609,3
16579.35833333,0.00005746,0.00000000,0
16580.00000000,0.00089766,0.00025774,2
16586.19166667,0.00003386,0.00002974,5
16588.05833333,0.00006866,0.00000000,0
16590.00000000,0.00011045,0.00003393,2
16593.45833333,0.00004129,0.00000000,0
16594.46666667,0.00000000,0.00002898,1
16594.98333333,0.00008094,0.00000000,0
16600.00000000,0.00105143,0.00029314,2
16601.55833333,0.00019361,0.00006729,2
16610.00000000,0.00009029,0.00002918,2
16615.00000000,0.00010380,0.00002790,2
16620.00000000,0.00098498,0.00024214,2
16623.56666667,0.00000000,0.00005583,1
16625.00000000,0.00012877,0.00002003,0
16629.99166667,0.00005833,0.00002618,3
16635.00000000,0.00009163,0.00001977,7
16640.00000000,0.00098065,0.00021780,7
16640.61666667,0.00005801,0.00000000,0
16644.00833333,0.00016441,0.00008277,3
16644.76666667,0.00030654,0.00005658,7
16644.77500000,0.00030634,0.00005734,7
16644.89166667,0.00024877,0.00000000,0
16645.66666667,0.00033276,0.00005614,7
16645.67500000,0.00032823,0.00005690,7
16645.79166667,0.00017253,0.00000000,0
16650.00000000,0.00083490,0.00012392,0
16655.00833333,0.00009140,0.00000000,0
16660.00000000,0.00093082,0.00020061,7
16669.11666667,0.00000000,0.00004659,1
16669.24166667,0.00000000,0.00002032,1
16670.00000000,0.00011950,0.00002964,2
16675.00000000,0.00012407,0.00004405,2
16680.00000000,0.00087958,0.00017403,7
16686.67500000,0.00000000,0.00002751,1
16690.00000000,0.00009046,0.00000000,0
16695.00000000,0.00009780,0.00000000,0
16700.00000000,0.00065028,0.00014813,7
16700.50833333,0.00003857,0.00000000,0
16709.99166667,0.00007523,0.00000000,0
16715.00000000,0.00006585,0.00000000,0
16720.00000000,0.00066230,0.00009551,0
16729.20833333,0.00003828,0.00000000,0
16730.00000000,0.00008635,0.00000000,0
16735.00000000,0.00004519,0.00000000,0
16735.19166667,0.00005704,0.00000000,0
16735.30833333,0.00006936,0.00000000,0
16740.00000000,0.00056769,0.00007331,0
16748.26666667,0.00006935,0.00002622,2
16748.27500000,0.00006967,0.00002653,2
16750.00000000,0.00029394,0.00003483,0
16751.34166667,0.00017651,0.00004661,2
16760.00000000,0.00051257,0.00006031,0
16770.00000000,0.00012402,0.00000000,0
16775.00833333,0.00006982,0.00000000,0
16777.89166667,0.00003416,0.00000000,0
16780.00000000,0.00057398,0.00006148,0
16790.00000000,0.00011944,0.00000000,0
16790.90000000,0.00000000,0.00002054,1
16795.00000000,0.00005954,0.00000000,0
16796.86666667,0.00004706,0.00000000,0
16800.00000000,0.00084773,0.00004904,0
16804.87500000,0.00007018,0.00000000,0
16810.00000000,0.00010294,0.00000000,0
16814.77500000,0.00000000,0.00002058,1
16815.00000000,0.00005793,0.00000000,0
16820.00000000,0.00081630,0.00005910,0
16823.44166667,0.00007456,0.00000000,0
16823.55000000,0.00011639,0.00000000,0
16825.98333333,0.00005474,0.00002569,3
16830.00000000,0.00018264,0.00000000,0
16840.00000000,0.00082385,0.00006157,0
16841.91666667,0.00039622,0.00005220,0
16841.92500000,0.00038543,0.00005330,0
16842.04166667,0.00032296,0.00002401,0
16844.47500000,0.00003622,0.00000000,0
16844.62500000,0.00003359,0.00000000,0
16846.85833333,0.00003621,0.00000000,0
16848.75000000,0.00007232,0.00000000,0
16850.00000000,0.00035060,0.00000000,0
16860.00000000,0.00078657,0.00005108,0
16864.60833333,0.00455121,0.00113324,2
16868.10000000,0.00003456,0.00000000,0
16868.19166667,0.00003571,0.00005311,6
16870.00000000,0.00015418,0.00000000,0
16870.11666667,0.00000000,0.00002332,1
16875.00000000,0.00060619,0.00005205,0
16880.00000000,0.00087121,0.00005922,0
16882.02500000,0.00000000,0.00002765,1
16889.67500000,0.00016421,0.00010131,4
16890.00000000,0.00014946,0.00000000,0
16894.61666667,0.00020857,0.00003866,7
16894.64166667,0.00022656,0.00003538,0
16900.00000000,0.00078526,0.00011140,0
16906.19166667,0.00003868,0.00000000,0
16910.00000000,0.00016433,0.00000000,0
16911.93333333,0.00000000,0.00004655,1
16912.05833333,0.00013558,0.00005663,3
16915.00000000,0.00005175,0.00000000,0
16918.51666667,0.00013434,0.00000000,0
16918.94166667,0.00000000,0.00002228,1
16919.69166667,0.00000000,0.00004484,1
16919.80000000,0.00000000,0.00005779,1
16920.00000000,0.00078504,0.00007746,0
16930.00000000,0.00017052,0.00000000,0
16933.95000000,0.00006079,0.00000000,0
16934.04166667,0.00005530,0.00000000,0
16935.00000000,0.00005903,0.00000000,0
16940.00000000,0.00086623,0.00008995,0
16941.35833333,0.00012766,0.00019315,6
16943.35833333,0.00000000,0.00002378,1
16947.29166667,0.00377571,0.00093358,2
16948.09166667,0.00023645,0.00003302,0
16949.86666667,0.00004701,0.00004400,5
16950.00000000,0.00079443,0.00016046,7
16954.99166667,0.00006570,0.00000000,0
16960.00000000,0.00081361,0.00010438,0
16965.03333333,0.00008480,0.00002917,2
16965.07500000,0.00007623,0.00004049,3
16965.12500000,0.00008635,0.00003261,2
16970.00000000,0.00014813,0.00000000,0
16975.00833333,0.00007915,0.00002959,2
16980.00000000,0.00063375,0.00009135,0
16984.72500000,0.00006018,0.00000000,0
16984.81666667,0.00004695,0.00000000,0
16990.00000000,0.00010541,0.00000000,0
16992.20000000,0.00003590,0.00000000,0
16994.37500000,0.00015361,0.00006617,3
16995.00000000,0.00012185,0.00002131,7
17000.00000000,0.00068690,0.00006809,0
17003.60000000,0.00042817,0.00006046,0
17003.71666667,0.00018784,0.00003069,7
17003.72500000,0.00019050,0.00002943,0
17010.00000000,0.00014821,0.00000000,0
17013.20833333,0.00004919,0.00000000,0
17015.00000000,0.00012221,0.00000000,0
17016.60000000,0.00004101,0.00000000,0
17016.71666667,0.00024133,0.00003414,0
17016.72500000,0.00024332,0.00003371,0
17016.85000000,0.00013783,0.00000000,0
17020.00000000,0.00040472,0.00007022,7
17023.55000000,0.00016929,0.00000000,0
17030.00000000,0.00013515,0.00000000,0
17032.50833333,0.00370306,0.00009506,0
17035.00833333,0.00008282,0.00000000,0
17036.67500000,0.00004178,0.00000000,0
17040.00000000,0.00032256,0.00006444,7
17044.65833333,0.00000000,0.00002708,1
17045.80833333,0.00004904,0.00003521,4
17045.83333333,0.00004207,0.00003990,5
17050.00000000,0.00012929,0.00007047,3
17060.00000000,0.00029921,0.00006617,7
17061.21666667,0.00005467,0.00000000,0
17065.63333333,0.00000000,0.00003562,1
17065.74166667,0.00000000,0.00003582,1
17066.35000000,0.00004003,0.00000000,0
17067.50833333,0.00004006,0.00000000,0
17070.00000000,0.00010266,0.00000000,0
17075.00833333,0.00005306,0.00000000,0
17080.00000000,0.00025933,0.00006376,2
17082.06666667,0.00003652,0.00000000,0
17090.00000000,0.00010932,0.00000000,0
17100.00000000,0.00016050,0.00013492,4
17110.00000000,0.00003647,0.00000000,0
17118.23333333,0.00000000,0.00003645,1
17120.00000000,0.00027822,0.00009431,2
17122.57500000,0.00059971,0.00005588,0
17122.66666667,0.00040911,0.00004951,0
17125.00000000,0.00018009,0.00013710,4
17130.00000000,0.00009191,0.00000000,0
17140.00000000,0.00028658,0.00011427,2
17150.00000000,0.00024254,0.00005139,7
17160.00000000,0.00033797,0.00014856,3
17165.25833333,0.00000000,0.00023424,1
17165.28333333,0.00000000,0.00025507,1
17165.36666667,0.00000000,0.00022849,1
17167.26666667,0.00003722,0.00000000,0
17170.00000000,0.00000000,0.00002231,1
17175.00000000,0.00000000,0.00003396,1
17176.99166667,0.00004500,0.00000000,0
17177.10833333,0.00007688,0.00000000,0
17180.00000000,0.00035050,0.00017287,3
17187.50000000,0.00047025,0.00057807,6
17190.00000000,0.00006908,0.00003010,3
17200.00000000,0.00042761,0.00017550,3
17207.67500000,0.00003689,0.00000000,0
17209.64166667,0.00000000,0.00005160,1
17209.72500000,0.00000000,0.00004789,1
17209.75000000,0.00000000,0.00003920,1
17210.00000000,0.00004328,0.00004455,5
17220.00000000,0.00044846,0.00024069,3
17225.00000000,0.00015815,0.00000000,0
17228.55833333,0.00004657,0.00000000,0
17230.00000000,0.00000000,0.00004052,1
17240.00000000,0.00050119,0.00030511,10
17250.00000000,0.00041776,0.00042584,5
17260.00000000,0.00053617,0.00034555,4
17268.53333333,0.00006080,0.00000000,0
17270.00000000,0.00000000,0.00004105,1
17275.00000000,0.00000000,0.00002687,1
17280.00000000,0.00056470,0.00038792,4
17289.77500000,0.00008522,0.00000000,0
17289.90833333,0.00006124,0.00000000,0
17289.99166667,0.00000000,0.00003569,1
17300.00000000,0.00058888,0.00045314,4
17310.00833333,0.00006342,0.00003119,3
17313.78333333,0.00004849,0.00000000,0
17320.00000000,0.00063915,0.00050525,4
17323.12500000,0.00005633,0.00000000,0
17323.13333333,0.00005603,0.00000000,0
17323.19166667,0.00005197,0.00000000,0
17325.00000000,0.00007995,0.00003115,2
17329.15000000,0.00010684,0.00006078,3
17329.99166667,0.00008705,0.00002459,2
17330.35000000,0.00015225,0.00002253,0
17340.00000000,0.00067890,0.00053786,4
17342.49166667,0.00099034,0.00056151,3
17350.00000000,0.00007622,0.00005498,4
17360.00000000,0.00065745,0.00057688,5
17361.83333333,0.00003726,0.00000000,0
17365.35000000,0.00004062,0.00000000,0
17366.37500000,0.00005491,0.00000000,0
17370.00000000,0.00008882,0.00003855,3
17373.46666667,0.00029730,0.00003471,0
17373.48333333,0.00031128,0.00003774,0
17373.60000000,0.00021331,0.00000000,0
17375.00000000,0.00003798,0.00006050,6
17380.00000000,0.00068775,0.00060191,11
17380.16666667,0.00005041,0.00002004,2
17380.62500000,0.00011216,0.00007495,4
17381.10833333,0.00004097,0.00000000,0
17382.80833333,0.00005984,0.00009293,6
17388.26666667,0.00003386,0.00000000,0
17390.00833333,0.00009094,0.00005813,4
17396.48333333,0.00005583,0.00000000,0
17400.00000000,0.00065206,0.00059166,5
17406.03333333,0.00003489,0.00000000,0
17406.15000000,0.00004002,0.00000000,0
17408.35833333,0.00009054,0.00000000,0
17408.38333333,0.00008496,0.00000000,0
17410.00000000,0.00011675,0.00008162,4
17420.00000000,0.00056250,0.00057533,5
17420.48333333,0.00000000,0.00002355,1
17421.99166667,0.00003280,0.00000000,0
17422.05833333,0.00003545,0.00000000,0
17425.01666667,0.00016568,0.00007836,3
17425.10000000,0.00008575,0.00005208,10
17426.90833333,0.00008523,0.00005151,3
17427.70833333,0.00115447,0.00138756,5
17430.00000000,0.00011547,0.00008084,4
17433.61666667,0.00004705,0.00003831,4
17433.63333333,0.00004517,0.00004134,5
17435.00833333,0.00000000,0.00001989,1
17440.00000000,0.00050445,0.00054990,5
17441.03333333,0.00000000,0.00002186,1
17450.00000000,0.00019009,0.00020974,5
17454.19166667,0.00006909,0.00000000,0
17455.00833333,0.00000000,0.00002124,1
17455.20000000,0.00000000,0.00019171,1
17455.29166667,0.00000000,0.00016258,1
17456.40000000,0.00009871,0.00000000,0
17456.84166667,0.00016479,0.00000000,0
17456.95000000,0.00010934,0.00000000,0
17459.25833333,0.00004602,0.00000000,0
17460.00000000,0.00046512,0.00050108,5
17462.33333333,0.00003283,0.00000000,0
17462.94166667,0.00010487,0.00009699,5
17467.00000000,0.00000000,0.00002794,1
17468.69166667,0.00421206,0.00089795,7
17468.81666667,0.00336566,0.00076049,7
17470.00833333,0.00007954,0.00006897,11
17472.66666667,0.00003326,0.00000000,0
17474.40000000,0.00009284,0.00000000,0
17474.52500000,0.00008524,0.00000000,0
17474.99166667,0.00003526,0.00007195,8
17475.04166667,0.00005772,0.00004122,4
17480.00000000,0.00037655,0.00043834,5
17480.55000000,0.00000000,0.00004684,1
17480.65833333,0.00000000,0.00004589,1
17485.32500000,0.00015369,0.00011843,4
17489.36666667,0.00039583,0.00009438,2
17489.38333333,0.00040434,0.00009358,2
17489.74166667,0.00003568,0.00000000,0
17490.00000000,0.00006948,0.00007803,5
17491.05000000,0.00005845,0.00000000,0
17494.70833333,0.00010392,0.00000000,0
17494.83333333,0.00008415,0.00000000,0
17500.00000000,0.00070427,0.00067079,5
17506.82500000,0.00000000,0.00002703,1
17509.99166667,0.00006612,0.00005457,4
17510.39166667,0.00108404,0.00121518,5
17520.00000000,0.00033246,0.00044609,6
17525.00000000,0.00006961,0.00003175,3
17529.72500000,0.00003499,0.00000000,0
17530.00000000,0.00008966,0.00006664,4
17538.85000000,0.00004400,0.00000000,0
17540.00000000,0.00042346,0.00052130,6
17541.60833333,0.00014269,0.00003343,2
17541.63333333,0.00015404,0.00003005,7
17542.22500000,0.00011207,0.00000000,0
17544.43333333,0.00004893,0.00000000,0
17549.01666667,0.00006477,0.00007028,5
17549.76666667,0.00003374,0.00000000,0
17550.00000000,0.00013004,0.00021266,6
17557.71666667,0.00003689,0.00002771,4
17557.73333333,0.00003480,0.00002862,4
17560.00000000,0.00045129,0.00058945,6
17560.20833333,0.00000000,0.00003942,1
17560.32500000,0.00000000,0.00002579,1
17568.75000000,0.00004955,0.00002347,3
17568.80000000,0.00004535,0.00003594,4
17568.84166667,0.00005194,0.00002371,3
17570.00000000,0.00005780,0.00005342,5
17575.00000000,0.00003751,0.00000000,0
17578.12500000,0.00007486,0.00008920,5
17580.00000000,0.00041660,0.00058061,6
17590.00000000,0.00008769,0.00011126,6
17594.46666667,0.00009608,0.00000000,0
17594.48333333,0.00010015,0.00000000,0
17597.48333333,0.00000000,0.00006189,1
17597.60833333,0.00000000,0.00004991,1
17600.00000000,0.00052077,0.00070191,6
17602.90833333,0.00006873,0.00000000,0
17606.45000000,0.00004046,0.00000000,0
17610.00000000,0.00009991,0.00012116,6
17620.00000000,0.00067578,0.00092042,6
17623.66666667,0.00000000,0.00003680,1
17624.31666667,0.00007089,0.00000000,0
17625.00000000,0.00000000,0.00006756,1
17630.00000000,0.00009399,0.00010159,5
17640.00000000,0.00068242,0.00096438,6
17645.67500000,0.00648082,0.00054578,0
17645.80833333,0.00637081,0.00055675,0
17650.00000000,0.00012152,0.00002542,7
17650.66666667,0.00003514,0.00000000,0
17656.25000000,0.00000000,0.00004620,1
17657.74166667,0.00011822,0.00000000,0
17660.00000000,0.00065583,0.00091892,6
17663.68333333,0.00037290,0.00000000,0
17663.78333333,0.00029347,0.00000000,0
17664.99166667,0.00245689,0.00031770,0
17665.11666667,0.00213909,0.00024278,0
17666.38333333,0.00000000,0.00003424,1
17669.17500000,0.00049884,0.00004533,0
17669.29166667,0.00034570,0.00000000,0
17669.46666667,0.00060500,0.00004780,0
17669.56666667,0.00053710,0.00002627,0
17669.57500000,0.00054362,0.00002857,0
17670.00000000,0.00009076,0.00010673,5
17670.12500000,0.00004441,0.00000000,0
17670.25000000,0.00003947,0.00000000,0
17675.00000000,0.00000000,0.00004053,1
17680.00000000,0.00058780,0.00089483,6
17688.12500000,0.00011546,0.00002988,2
17688.13333333,0.00011484,0.00003003,2
17690.00000000,0.00009473,0.00009525,5
17690.19166667,0.00099775,0.00018789,7
17690.31666667,0.00087077,0.00013091,0
17695.00000000,0.00000000,0.00002510,1
17700.00000000,0.00073707,0.00097034,6
17702.46666667,0.00014018,0.00000000,0
17702.58333333,0.00008212,0.00001982,2
17710.00000000,0.00007675,0.00013884,8
17715.00000000,0.00000000,0.00003017,1
17720.00000000,0.00080234,0.00115782,6
17725.00000000,0.00014547,0.00011396,4
17726.58333333,0.00006641,0.00000000,0
17726.68333333,0.00004166,0.00000000,0
17730.00000000,0.00011286,0.00023012,8
17730.97500000,0.00003785,0.00000000,0
17734.37500000,0.00000000,0.00005129,1
17734.99166667,0.00000000,0.00002329,1
17740.00000000,0.00072595,0.00109576,6
17750.00000000,0.00006437,0.00022359,9
17755.00000000,0.00000000,0.00002967,1
17759.19166667,0.00005943,0.00000000,0
17760.00000000,0.00060094,0.00089275,6
17770.00000000,0.00000000,0.00006740,1
17770.82500000,0.00005923,0.00000000,0
17773.44166667,0.00000000,0.00006916,1
17775.00000000,0.00004101,0.00006108,6
17780.00000000,0.00056509,0.00088611,6
17781.57500000,0.00003391,0.00000000,0
17790.00000000,0.00008309,0.00014453,8
17794.93333333,0.00004166,0.00002243,3
17794.97500000,0.00000000,0.00003097,1
17795.04166667,0.00012611,0.00007302,3
17795.08333333,0.00017120,0.00005772,2
17795.19166667,0.00004450,0.00003108,4
17800.00000000,0.00049051,0.00114873,8
17801.95833333,0.00004215,0.00000000,0
17810.00000000,0.00008126,0.00010568,6
17815.00000000,0.00000000,0.00002841,1
17820.00000000,0.00055190,0.00082328,6
17825.00000000,0.00007838,0.00007547,5
17829.03333333,0.00004170,0.00000000,0
17829.36666667,0.00006172,0.00000000,0
17829.50000000,0.00003925,0.00000000,0
17830.00833333,0.00003364,0.00004744,6
17835.00000000,0.00000000,0.00002372,1
17840.00000000,0.00043454,0.00063906,6
17850.00000000,0.00017242,0.00033031,8
17854.37500000,0.00029003,0.00004111,0
17860.00833333,0.00267893,0.00070185,2
17860.14166667,0.00198814,0.00021441,0
17866.99166667,0.00000000,0.00002224,1
17870.00000000,0.00010250,0.00009730,5
17875.00000000,0.00005253,0.00009420,8
17879.14166667,0.00004026,0.00000000,0
17880.00000000,0.00042059,0.00062803,6
17890.00000000,0.00009647,0.00011616,5
17890.62500000,0.00000000,0.00003769,1
17891.65000000,0.00000000,0.00016897,1
17891.74166667,0.00000000,0.00016718,1
17897.41666667,0.00005845,0.00000000,0
17900.00000000,0.00035169,0.00061582,8
17906.19166667,0.00004337,0.00000000,0
17910.00000000,0.00003441,0.00009103,9
17915.72500000,0.00012686,0.00033504,9
17920.00000000,0.00019378,0.00030399,6
17921.43333333,0.00005174,0.00000000,0
17925.00000000,0.00009749,0.00012795,6
17930.00000000,0.00005736,0.00009947,8
17940.00000000,0.00013033,0.00017534,6
17948.56666667,0.00003305,0.00000000,0
17950.00000000,0.00023916,0.00031352,6
17960.00000000,0.00009084,0.00011773,6
17968.75000000,0.00050872,0.00085549,6
17970.00000000,0.00009741,0.00024961,8
17975.00000000,0.00006639,0.00008251,6
17979.10833333,0.00018538,0.00004592,2
17980.00000000,0.00012004,0.00019905,6
17987.97500000,0.00000000,0.00002144,1
17990.00000000,0.00011864,0.00019013,6
17994.99166667,0.00000000,0.00002938,1
