freq,int_h2o,int_d2o,cluster
6000.64166667,0.00004320,0.00002035,4
6000.67500000,0.00003840,0.00002403,7
6005.85000000,0.00025284,0.00015668,7
6010.00000000,0.00045816,0.00034144,8
6015.00000000,0.00005429,0.00002611,4
6015.61666667,0.00024553,0.00033186,27
6020.00000000,0.00211818,0.00175943,10
6025.00000000,0.00027739,0.00047144,19
6025.40000000,0.00009191,0.00007702,10
6026.15833333,0.00005043,0.00008373,19
6030.00000000,0.00036224,0.00023357,7
6040.00000000,0.00375757,0.00283083,8
6044.93333333,0.00010177,0.00006566,7
6050.00000000,0.00150452,0.00082717,6
6052.04166667,0.00010300,0.00002850,1
6054.68333333,0.00052181,0.00063176,13
6060.00000000,0.00446240,0.00341102,8
6064.44166667,0.00027593,0.00027222,11
6070.00000000,0.00020281,0.00018960,11
6074.21666667,0.00006843,0.00009055,13
6075.00000000,0.00014410,0.00023461,19
6079.09166667,0.00004055,0.00003398,10
6080.00000000,0.00326863,0.00262377,10
6082.10000000,0.00012126,0.00004920,2
6090.00000000,0.00028929,0.00025089,10
6093.75000000,0.00030705,0.00020144,7
6100.00000000,0.00101469,0.00045210,4
6103.51666667,0.00040663,0.00026591,7
6110.00000000,0.00017651,0.00018434,14
6113.26666667,0.00015266,0.00014755,11
6113.27500000,0.00015244,0.00014946,11
6115.00000000,0.00007381,0.00004573,7
6116.74166667,0.00006428,0.00004828,8
6120.00000000,0.00123065,0.00099520,10
6120.71666667,0.00016286,0.00006709,20
6120.74166667,0.00016152,0.00007638,4
6123.04166667,0.00006312,0.00010272,19
6125.00000000,0.00065422,0.00033331,6
6129.75833333,0.00012816,0.00005273,20
6129.77500000,0.00012486,0.00005986,4
6130.00000000,0.00008589,0.00010809,13
6132.80000000,0.00008713,0.00003919,4
6135.00000000,0.00007046,0.00004188,7
6136.09166667,0.00079382,0.00071014,11
6140.00000000,0.00197943,0.00134342,8
6141.35000000,0.00003723,0.00007733,21
6141.38333333,0.00004928,0.00006778,17
6142.59166667,0.00005852,0.00004076,8
6150.00000000,0.00094399,0.00098355,14
6150.13333333,0.00003360,0.00002465,8
6152.35000000,0.00010223,0.00009083,11
6155.32500000,0.00014478,0.00002909,0
6155.33333333,0.00014517,0.00002886,12
6160.00000000,0.00027525,0.00030314,14
6162.10833333,0.00005249,0.00004715,11
6164.77500000,0.00026044,0.00018839,8
6167.31666667,0.00016168,0.00008071,6
6170.00000000,0.00014645,0.00009160,7
6175.00000000,0.00050356,0.00041619,10
6180.00000000,0.00036712,0.00026115,8
6183.32500000,0.00005271,0.00004956,11
6183.33333333,0.00005221,0.00004992,11
6187.40833333,0.00003470,0.00002404,8
6187.56666667,0.00003404,0.00002406,8
6190.00833333,0.00003663,0.00004559,13
6191.40000000,0.00005332,0.00003451,7
6200.00000000,0.00298742,0.00086289,1
6201.17500000,0.00011284,0.00007553,15
6210.95833333,0.00004082,0.00002619,7
6220.00000000,0.00067503,0.00019439,1
6225.00000000,0.00018380,0.00016129,-1
6226.08333333,0.00004240,0.00002905,8
6230.00000000,0.00023809,0.00015131,7
6230.65833333,0.00128667,0.00036995,1
6230.67500000,0.00130894,0.00035819,1
6240.00000000,0.00014159,0.00005049,2
6240.22500000,0.00007394,0.00003786,6
6240.24166667,0.00007922,0.00003682,4
6245.00833333,0.00005510,0.00004050,8
6249.64166667,0.00005753,0.00003880,15
6249.73333333,0.00005372,0.00006771,13
6249.80833333,0.00008265,0.00010836,13
6249.84166667,0.00022304,0.00021170,11
6250.00000000,0.41467517,0.42579040,24
6250.19166667,0.00009623,0.00011932,13
6250.26666667,0.00006340,0.00008528,27
6250.31666667,0.00005935,0.00003638,7
6250.40000000,0.00003716,0.00003931,14
6250.45000000,0.00003482,0.00002415,8
6250.79166667,0.00003843,0.00003045,10
6250.94166667,0.00003403,0.00001374,2
6259.76666667,0.00006199,0.00004986,10
6259.77500000,0.00006364,0.00004907,28
6260.00000000,0.00029159,0.00006064,0
6269.32500000,0.00092689,0.00048782,6
6269.33333333,0.00091660,0.00049046,6
6270.00000000,0.00006182,0.00013424,21
6275.00000000,0.00013570,0.00005540,20
6280.00000000,0.00033048,0.00027342,10
6285.00000000,0.00004916,0.00002681,6
6289.06666667,0.00006276,0.00004508,8
6289.07500000,0.00006295,0.00004447,8
6290.00000000,0.00013716,0.00004245,1
6298.82500000,0.00012411,0.00008859,8
6298.83333333,0.00012299,0.00008962,8
6300.00000000,0.00260269,0.00296682,14
6305.00000000,0.00003500,0.00003323,11
6308.60833333,0.00005191,0.00005079,11
6310.00000000,0.00013934,0.00010083,8
6315.41666667,0.00101615,0.00038736,2
6320.00000000,0.00064331,0.00034949,6
6325.00000000,0.00068080,0.00052396,28
6328.12500000,0.00004115,0.00005235,13
6330.00000000,0.00015230,0.00013856,11
6332.68333333,0.00014087,0.00008305,7
6335.22500000,0.00014143,0.00013422,11
6337.90000000,0.00007262,0.00005377,8
6340.00000000,0.00009308,0.00010082,14
6344.66666667,0.00036675,0.00010587,1
6345.00000000,0.00005806,0.00004602,10
6347.66666667,0.00011581,0.00008044,8
6347.67500000,0.00011725,0.00007912,15
6349.83333333,0.00006932,0.00005137,8
6350.00000000,0.00306343,0.00276020,11
6350.61666667,0.00003394,0.00002185,7
6356.74166667,0.00018290,0.00004402,0
6357.42500000,0.00004182,0.00004282,24
6357.43333333,0.00004262,0.00004224,11
6360.00000000,0.00028535,0.00005309,3
6363.90833333,0.00183980,0.00052213,1
6365.00000000,0.00011213,0.00002586,0
6367.20833333,0.00685684,0.00434212,7
6370.00000000,0.00008423,0.00012880,17
6370.20000000,0.00028703,0.00002916,5
6375.00000000,0.00079030,0.00072932,11
6376.96666667,0.00006050,0.00004030,15
6379.23333333,0.00036306,0.00008733,0
6380.00000000,0.00093302,0.00060867,7
6383.24166667,0.00006178,0.00002736,4
6385.00000000,0.00008568,0.00010425,13
6386.72500000,0.00011689,0.00008433,8
6390.00000000,0.00008379,0.00010937,13
6394.64166667,0.00024886,0.00002186,5
6396.35000000,0.00003281,0.00001849,6
6396.48333333,0.00032889,0.00025339,28
6399.46666667,0.00039072,0.00004146,5
6400.00000000,0.00148965,0.00024209,3
6403.50833333,0.00189368,0.00027600,3
6405.00000000,0.00008860,0.00006771,8
6406.25833333,0.00013176,0.00008864,15
6410.00000000,0.00022334,0.00019024,10
6417.90000000,0.00012022,0.00004216,2
6420.00000000,0.00089246,0.00082741,11
6425.00000000,0.00032561,0.00046339,17
6430.00000000,0.00018079,0.00018788,14
6430.57500000,0.00004275,0.00001670,2
6435.55833333,0.00016063,0.00010455,7
6437.93333333,0.00006001,0.00001698,1
6440.00000000,0.00387929,0.00262340,15
6441.71666667,0.00020604,0.00004467,0
6445.31666667,0.00073849,0.00042963,7
6450.00000000,0.00249896,0.00173282,8
6451.02500000,0.00026138,0.00001901,5
6451.03333333,0.00026486,0.00001868,5
6457.30833333,0.00011437,0.00001202,5
6460.00000000,0.00323075,0.00234641,8
6470.00000000,0.00023867,0.00019922,10
6470.58333333,0.00017815,0.00009486,6
6475.00000000,0.00030408,0.00021257,8
6477.10000000,0.00013769,0.00001796,3
6480.00000000,0.00168487,0.00121471,8
6480.49166667,0.00005225,0.00003222,7
6483.33333333,0.00003401,0.00002433,8
6484.37500000,0.00014203,0.00005685,2
6485.00000000,0.00004265,0.00005882,17
6490.00000000,0.00082424,0.00062423,8
6493.97500000,0.00039852,0.00006196,3
6494.14166667,0.00011580,0.00010585,11
6494.59166667,0.00041238,0.00008366,0
6497.42500000,0.00008182,0.00002554,1
6497.79166667,0.00008888,0.00002443,1
6500.00000000,0.00178704,0.00130551,8
6504.55833333,0.00029488,0.00009537,1
6506.22500000,0.00006030,0.00002269,2
6506.26666667,0.00006982,0.00002562,2
6506.30833333,0.00008153,0.00002376,1
6506.91666667,0.00041787,0.00005690,3
6510.00000000,0.00057246,0.00036567,7
6510.42500000,0.00111669,0.00044338,2
6510.85000000,0.00025914,0.00004140,3
6512.50000000,0.00005654,0.00003803,15
6520.00000000,0.00306298,0.00222187,8
6524.01666667,0.00013109,0.00005250,2
6525.00000000,0.00059511,0.00012427,0
6528.04166667,0.00037146,0.00004842,3
6529.71666667,0.00004420,0.00002886,7
6529.76666667,0.00007429,0.00003239,4
6530.00000000,0.00020842,0.00009876,4
6533.19166667,0.00003348,0.00002178,7
6540.00000000,0.00230792,0.00158495,8
6542.96666667,0.00021715,0.00018105,10
6542.97500000,0.00021858,0.00017890,10
6544.95000000,0.00003749,0.00002695,8
6547.87500000,0.00049778,0.00017800,2
6550.00000000,0.00152822,0.00051733,2
6552.72500000,0.00003891,0.00001963,6
6552.73333333,0.00003890,0.00001932,6
6555.91666667,0.00018742,0.00002766,3
6560.00000000,0.00123990,0.00095299,8
6564.21666667,0.00025805,0.00005473,0
6564.30000000,0.00012706,0.00005498,4
6564.33333333,0.00015372,0.00005159,16
6565.00833333,0.00005330,0.00001220,0
6570.00000000,0.00057022,0.00023139,2
6571.51666667,0.00007896,0.00004835,7
6575.00000000,0.00021518,0.00017188,10
6580.00000000,0.00264509,0.00177333,15
6582.02500000,0.00004920,0.00002451,6
6582.03333333,0.00004772,0.00002457,6
6585.00000000,0.00005285,0.00003256,7
6590.00000000,0.00031874,0.00012895,2
6591.79166667,0.00014904,0.00011955,10
6600.00000000,0.00371626,0.00220590,7
6604.97500000,0.00012028,0.00003741,1
6610.00000000,0.00039007,0.00032674,10
6614.99166667,0.00004719,0.00001457,1
6620.00000000,0.00241772,0.00161849,15
6620.61666667,0.00016305,0.00005674,2
6620.62500000,0.00016280,0.00005644,2
6621.30000000,0.00006250,0.00001409,0
6625.00000000,0.00034566,0.00025137,8
6630.00000000,0.00043689,0.00027224,7
6630.83333333,0.00003589,0.00007415,21
6640.00000000,0.00213011,0.00153859,8
6640.62500000,0.00051400,0.00030557,7
6645.00000000,0.00012481,0.00004872,2
6650.00000000,0.00052000,0.00113151,21
6655.33333333,0.00004397,0.00001273,1
6660.00000000,0.00275955,0.00183822,15
6665.00833333,0.00006914,0.00002788,2
6668.35000000,0.00005164,0.00002213,4
6670.00000000,0.00067902,0.00021953,1
6675.00000000,0.00177616,0.00116698,7
6679.66666667,0.00006749,0.00003342,6
6679.68333333,0.00007075,0.00003071,4
6680.00000000,0.00412017,0.00241442,7
6689.45000000,0.00013255,0.00011289,10
6690.00000000,0.00035864,0.00052475,17
6700.00000000,0.00389841,0.00279282,8
6705.00000000,0.00011327,0.00004501,2
6710.00000000,0.00093779,0.00049324,6
6716.16666667,0.00009917,0.00001445,3
6716.17500000,0.00010072,0.00001439,3
6716.27500000,0.00003376,0.00001710,6
6718.75000000,0.00006438,0.00003776,7
6720.00000000,0.00212431,0.00137185,7
6725.00000000,0.00060872,0.00015857,0
6726.16666667,0.00008586,0.00001384,3
6730.00000000,0.00014846,0.00015880,14
6731.95833333,0.00015361,0.00002242,3
6732.04166667,0.00008385,0.00002783,16
6735.00833333,0.00028555,0.00001874,5
6735.86666667,0.00012296,0.00002484,0
6738.27500000,0.00016913,0.00014074,10
6738.74166667,0.00034632,0.00006790,12
6739.47500000,0.00043041,0.00008744,0
6740.00000000,0.00217631,0.00144056,15
6743.66666667,0.00048350,0.00009606,12
6743.67500000,0.00049044,0.00009595,12
6743.73333333,0.00034854,0.00008264,0
6746.49166667,0.00005636,0.00001722,1
6746.53333333,0.00005052,0.00002722,6
6748.03333333,0.00003571,0.00003423,11
6748.87500000,0.00066876,0.00027568,4
6749.72500000,0.00005847,0.00001663,1
6749.99166667,0.00153320,0.00097769,7
6760.00000000,0.00280377,0.00206030,8
6765.00000000,0.00004257,0.00007572,19
6767.25000000,0.00005367,0.00001182,0
6767.28333333,0.00004647,0.00001380,1
6768.30833333,0.00013549,0.00005101,2
6770.00000000,0.00032896,0.00026456,10
6771.60833333,0.00028819,0.00002267,5
6775.00000000,0.00045355,0.00020865,4
6780.00000000,0.00266405,0.00176124,15
6783.21666667,0.00016504,0.00003426,0
6783.25833333,0.00014970,0.00004063,1
6787.10833333,0.00017588,0.00013914,10
6790.00000000,0.00025292,0.00014732,7
6792.07500000,0.00005570,0.00001705,1
6793.34166667,0.00010839,0.00001176,5
6796.87500000,0.00005989,0.00006345,14
6798.08333333,0.00019326,0.00003330,3
6800.00000000,0.00134501,0.00092944,8
6809.75000000,0.00018188,0.00004473,0
6810.00000000,0.00017479,0.00012092,8
6820.00000000,0.00115001,0.00065444,18
6823.63333333,0.00067453,0.00012474,3
6825.00000000,0.00032901,0.00003148,5
6830.00000000,0.00020203,0.00014765,8
6835.71666667,0.00007856,0.00004560,7
6835.72500000,0.00007804,0.00004667,7
6835.93333333,0.00191050,0.00147411,28
6840.00000000,0.00056289,0.00045743,10
6841.26666667,0.00030136,0.00002630,5
6842.91666667,0.00020702,0.00002902,3
6850.00000000,0.00033623,0.00070433,21
6853.20000000,0.00004949,0.00006518,13
6854.94166667,0.00062235,0.00042474,8
6857.61666667,0.00004265,0.00001158,1
6858.57500000,0.00013892,0.00002298,3
6858.64166667,0.00007885,0.00003409,4
6860.00000000,0.00078997,0.00046426,7
6860.43333333,0.00453176,0.00188888,4
6862.34166667,0.00072039,0.00008238,5
6863.75000000,0.00004201,0.00001616,2
6865.00000000,0.00013324,0.00005719,4
6870.00000000,0.00020642,0.00012514,7
6870.66666667,0.00007473,0.00003624,22
6870.67500000,0.00007483,0.00003540,4
6872.89166667,0.00004305,0.00007462,19
6875.00000000,0.00103922,0.00022570,0
6879.77500000,0.00003352,0.00001403,4
6880.00000000,0.00141592,0.00099212,8
6884.76666667,0.00010209,0.00008485,10
6884.77500000,0.00010471,0.00008454,10
6884.98333333,0.00003287,0.00001659,6
6890.00000000,0.00025454,0.00016539,7
6893.01666667,0.00004353,0.00003036,8
6893.03333333,0.00004017,0.00003125,10
6898.75000000,0.00008001,0.00001483,3
6899.03333333,0.00013433,0.00005860,4
6899.73333333,0.00006174,0.00005573,11
6899.81666667,0.00024829,0.00007133,1
6899.86666667,0.00018748,0.00005249,1
6900.00000000,0.00172158,0.00240932,17
6907.20833333,0.00004611,0.00001515,1
6908.86666667,0.00005185,0.00001254,0
6909.78333333,0.00027066,0.00010220,2
6910.00000000,0.00016432,0.00014939,11
6910.29166667,0.00014552,0.00004737,1
6919.11666667,0.00009312,0.00004849,6
6919.12500000,0.00009203,0.00004922,6
6919.24166667,0.00005958,0.00001686,1
6920.00000000,0.00230990,0.00167131,8
6923.83333333,0.00003997,0.00002231,6
6925.00000000,0.00017474,0.00033430,21
6930.00000000,0.00005573,0.00003936,8
6932.36666667,0.00478556,0.00853352,19
6933.60000000,0.00013107,0.00011903,11
6938.32500000,0.00007688,0.00003880,6
6938.35000000,0.00006769,0.00004143,7
6940.00000000,0.00154788,0.00101580,7
6943.25833333,0.00020152,0.00003186,3
6945.02500000,0.00004476,0.00002234,6
6946.17500000,0.00090985,0.00008466,5
6947.35833333,0.00034469,0.00002691,5
6949.21666667,0.00012392,0.00052528,26
6949.25000000,0.00009579,0.00067333,25
6950.00000000,0.00407354,0.00372874,11
6953.12500000,0.00009846,0.00004183,4
6957.55833333,0.00034093,0.00001350,9
6960.00000000,0.00147220,0.00094555,7
6965.00000000,0.00007133,0.00003028,4
6969.08333333,0.00132484,0.00146623,14
6969.61666667,0.00043801,0.00022787,6
6970.35833333,0.00006081,0.00001836,1
6970.39166667,0.00007530,0.00001560,0
6971.46666667,0.00006118,0.00001343,0
6971.48333333,0.00005894,0.00001192,0
6971.90000000,0.00011551,0.00014253,13
6972.65833333,0.00004250,0.00001264,1
6975.00000000,0.00013174,0.00016783,13
6976.11666667,0.00050252,0.00004318,5
6976.12500000,0.00050181,0.00004230,5
6976.41666667,0.00064134,0.00002007,9
6977.45833333,0.00004645,0.00001179,0
6980.00000000,0.00100197,0.00083409,10
6982.42500000,0.00006229,0.00009511,17
6990.00833333,0.00020972,0.00008099,2
6997.05000000,0.00016080,0.00022695,17
7000.00000000,0.00153493,0.00073972,4
7005.00000000,0.00003391,0.00003407,24
7010.00000000,0.00017287,0.00010733,7
7011.15000000,0.00015788,0.00001359,5
7011.41666667,0.00036087,0.00007175,12
7012.20000000,0.00018702,0.00013211,8
7013.90833333,0.00021640,0.00001447,5
7014.62500000,0.00030815,0.00011003,2
7020.00833333,0.00069944,0.00027320,2
7020.89166667,0.00019821,0.00005060,0
7021.49166667,0.00003284,0.00002655,10
7025.00000000,0.00030642,0.00024117,10
7025.13333333,0.00007077,0.00002840,2
7030.00000000,0.00033900,0.00032889,11
7031.25000000,0.00164443,0.00112012,8
7040.00000000,0.00024282,0.00009625,2
7045.66666667,0.00022662,0.00005447,0
7045.67500000,0.00022649,0.00005482,0
7050.00000000,0.00079494,0.00105264,13
7060.00000000,0.00051159,0.00029711,7
7065.00000000,0.00004244,0.00002276,6
7070.00000000,0.00016680,0.00012267,8
7073.77500000,0.00021722,0.00003751,3
7075.00000000,0.00020785,0.00018746,11
7080.00000000,0.00057795,0.00044186,8
7084.27500000,0.00200374,0.00107881,6
7090.00000000,0.00018020,0.00015310,10
7090.86666667,0.00015473,0.00003580,0
7091.61666667,0.00008709,0.00001208,3
7094.99166667,0.00008063,0.00007208,11
7095.61666667,0.00058180,0.00006978,5
7095.62500000,0.00058596,0.00007025,5
7097.30000000,0.00106023,0.00027309,0
7100.00000000,0.00172125,0.00100712,7
7105.38333333,0.00037857,0.00002194,9
7109.37500000,0.00023361,0.00019682,10
7110.00000000,0.00026504,0.00018575,8
7120.00000000,0.00125709,0.00078879,7
7122.57500000,0.00046354,0.00008290,3
7124.99166667,0.00073971,0.00097545,13
7125.16666667,0.00007657,0.00001942,0
7125.17500000,0.00007585,0.00002014,1
7126.32500000,0.00016304,0.00006072,2
7126.34166667,0.00015851,0.00005824,2
7127.25000000,0.00010792,0.00038594,26
7130.00000000,0.00024612,0.00020674,10
7134.08333333,0.00032182,0.00046080,17
7135.00833333,0.00008164,0.00001380,3
7135.03333333,0.00006895,0.00001489,0
7140.00000000,0.00127619,0.00089430,8
7142.25833333,0.00010322,0.00003976,2
7145.00000000,0.00003388,0.00004013,13
7145.63333333,0.00010983,0.00005539,6
7150.00000000,0.00052749,0.00144299,23
7156.74166667,0.00003472,0.00002565,8
7159.01666667,0.00019563,0.00003421,3
7160.00000000,0.00153189,0.00100419,7
7160.16666667,0.00006890,0.00004225,7
7160.17500000,0.00006881,0.00004033,7
7163.29166667,0.00021676,0.00002130,5
7165.00000000,0.00006017,0.00004405,8
7165.03333333,0.00004341,0.00003331,8
7169.51666667,0.00010333,0.00003195,1
7170.00000000,0.00012055,0.00015154,13
7175.00000000,0.00044946,0.00018243,2
7177.72500000,0.00004630,0.00003060,15
7180.00000000,0.00221058,0.00144724,7
7180.82500000,0.00010197,0.00002115,0
7185.00000000,0.00003392,0.00004653,17
7187.26666667,0.00005993,0.00004445,8
7187.31666667,0.00007183,0.00002573,2
7188.00833333,0.00796586,0.00259173,1
7188.84166667,0.00005602,0.00001279,0
7190.00000000,0.00027235,0.00013990,6
7191.49166667,0.00005577,0.00001213,0
7198.78333333,0.00214653,0.00045239,0
7200.00000000,0.00241449,0.00233394,11
7205.00833333,0.00008333,0.00007795,11
7210.00000000,0.00024258,0.00026118,14
7210.28333333,0.00175262,0.00025981,3
7211.85000000,0.00014878,0.00003854,0
7220.00000000,0.00233339,0.00164268,8
7221.02500000,0.00013753,0.00001929,3
7221.03333333,0.00013684,0.00001961,3
7225.00000000,0.00041314,0.00004489,5
7226.55833333,0.00032181,0.00029152,11
7230.00000000,0.00012507,0.00015626,13
7231.00833333,0.00010076,0.00013024,13
7231.33333333,0.00009606,0.00012735,13
7233.10833333,0.00004309,0.00003818,11
7233.14166667,0.00003410,0.00004744,17
7240.00000000,0.00229738,0.00170110,8
7245.00833333,0.00006305,0.00004928,10
7250.00000000,0.00069729,0.00105144,17
7255.00000000,0.00008449,0.00002190,0
7260.00000000,0.00267965,0.00177945,15
7265.00833333,0.00005675,0.00004343,8
7265.62500000,0.00011750,0.00009803,10
7269.00833333,0.01388031,0.00665609,4
7270.00000000,0.00033020,0.00015978,4
7275.00000000,0.00078472,0.00023700,1
7280.00000000,0.00290647,0.00211420,8
7285.00000000,0.00004253,0.00004810,14
7290.00000000,0.00030487,0.00034472,14
7294.95833333,0.00004999,0.00002006,2
7295.00000000,0.00003620,0.00003214,11
7297.52500000,0.00024981,0.00001790,5
7297.53333333,0.00025314,0.00001985,5
7297.84166667,0.00034841,0.00002105,9
7299.79166667,0.00003961,0.00002472,7
7300.00000000,0.00266900,0.00117377,4
7305.00000000,0.00008385,0.00004068,22
7310.00000000,0.00037733,0.00017137,4
7311.85833333,0.00015371,0.00002618,3
7311.88333333,0.00014010,0.00003008,0
7317.59166667,0.00004141,0.00003247,10
7317.68333333,0.00004297,0.00002193,6
7319.13333333,0.00003626,0.00001556,4
7319.70833333,0.00008752,0.00002162,0
7319.72500000,0.00009026,0.00001946,0
7320.00000000,0.00213548,0.00167398,10
7320.35000000,0.00012243,0.00002109,3
7320.76666667,0.00011690,0.00001569,3
7321.98333333,0.00007237,0.00010063,17
7324.19166667,0.00003381,0.00003125,11
7325.00000000,0.00011185,0.00013411,13
7328.92500000,0.00045717,0.00008606,3
7330.00000000,0.00034722,0.00032092,11
7340.00000000,0.00245808,0.00185711,8
7342.40833333,0.00034573,0.00027292,10
7343.75833333,0.00005158,0.00002544,6
7349.55833333,0.00010284,0.00005368,6
7350.00000000,0.00032380,0.00087138,23
7353.26666667,0.00004558,0.00001590,2
7353.28333333,0.00004786,0.00001508,1
7360.00000000,0.00262581,0.00178081,8
7361.75833333,0.00132514,0.00067710,6
7365.02500000,0.00007553,0.00001946,0
7370.00000000,0.00039914,0.00024446,7
7372.19166667,0.00041056,0.00014718,2
7373.27500000,0.01028415,0.00475303,4
7375.00000000,0.00144672,0.00016985,5
7376.34166667,0.00033343,0.00003060,5
7379.00833333,0.00026152,0.00001663,9
7380.00000000,0.00219415,0.00162871,8
7380.12500000,0.00010222,0.00004791,4
7380.88333333,0.00004327,0.00001460,16
7381.35833333,0.00004107,0.00001390,2
7390.00000000,0.00032193,0.00026697,10
7400.00000000,0.00242238,0.00115501,4
7402.82500000,0.00004469,0.00005379,13
7402.87500000,0.00006320,0.00004780,8
7402.94166667,0.00006096,0.00004230,8
7405.00833333,0.00004405,0.00003335,8
7405.52500000,0.00008067,0.00003011,2
7406.90833333,0.00008644,0.00001279,3
7408.74166667,0.00003824,0.00001979,6
7410.00000000,0.00039372,0.00026544,15
7412.79166667,0.00082627,0.00011807,3
7420.00000000,0.00153317,0.00133796,10
7421.87500000,0.00034582,0.00031456,11
7422.14166667,0.00033025,0.00023853,8
7422.18333333,0.00038009,0.00019874,6
7425.00000000,0.00026994,0.00009025,16
7425.33333333,0.00008976,0.00005970,15
7429.90833333,0.00006056,0.00002544,4
7430.00000000,0.00024435,0.00018666,8
7431.19166667,0.00013149,0.00001400,5
7432.55833333,0.00180186,0.00126770,8
7434.30833333,0.00003305,0.00002227,15
7440.00000000,0.00145679,0.00106684,8
7446.30833333,0.00003502,0.00001711,6
7450.00000000,0.00026402,0.00071992,23
7450.98333333,0.00029947,0.00007862,0
7451.55000000,0.00061578,0.00119783,21
7454.85000000,0.00087952,0.00005224,9
7458.36666667,0.00022852,0.00003331,3
7458.37500000,0.00022815,0.00003320,3
7460.00000000,0.00113119,0.00095732,10
7462.75000000,0.00006063,0.00001160,12
7468.07500000,0.00003393,0.00001249,2
7469.94166667,0.00011372,0.00011026,11
7470.00000000,0.00019951,0.00011300,18
7472.88333333,0.00019594,0.00005364,1
7473.75833333,0.00008845,0.00003195,2
7473.81666667,0.00006142,0.00002819,4
7475.00000000,0.00036229,0.00052126,17
7477.01666667,0.00015293,0.00011159,8
7480.00000000,0.00095032,0.00076252,10
7485.51666667,0.00004387,0.00001783,2
7485.56666667,0.00004633,0.00002320,6
7487.05833333,0.00009058,0.00005923,7
7487.08333333,0.00009653,0.00005310,6
7489.21666667,0.00022610,0.00003106,3
7489.29166667,0.00018679,0.00001968,5
7489.60833333,0.28209539,0.06650864,0
7489.80833333,0.00019115,0.00004539,0
7489.90833333,0.00008387,0.00003159,2
7490.00000000,0.00017303,0.00012687,8
7490.08333333,0.00006296,0.00003646,7
7493.19166667,0.00210295,0.00325411,17
7493.91666667,0.00006259,0.00005963,11
7494.26666667,0.00023829,0.00007666,1
7495.60000000,0.00016775,0.00003297,12
7499.72500000,0.00003391,0.00005101,17
7499.85833333,0.00003410,0.00002726,10
7500.00000000,0.00272955,0.00344519,13
7500.36666667,0.00037307,0.00010852,1
7500.37500000,0.00036963,0.00010912,1
7500.51666667,0.00017076,0.00007195,4
7500.75000000,0.00119760,0.00069075,7
7505.00000000,0.00004789,0.00002862,7
7508.82500000,0.00042279,0.00008912,0
7510.00000000,0.00027476,0.00019971,8
7514.67500000,0.01347132,0.00876622,7
7519.65000000,0.00028663,0.00002341,5
7520.00000000,0.00108375,0.00083271,8
7525.00000000,0.00009617,0.00016955,19
7530.00000000,0.00025220,0.00021400,10
7532.59166667,0.00070152,0.00001480,9
7533.00000000,0.00260648,0.00177604,8
7533.73333333,0.00016264,0.00003245,12
7535.32500000,0.00099150,0.00015146,3
7535.33333333,0.00099130,0.00015159,3
7535.49166667,0.00030077,0.00006739,0
7537.05000000,0.00652354,0.00846195,13
7537.94166667,0.00034963,0.00001837,9
7540.00000000,0.00124457,0.00094994,8
7543.57500000,0.00006673,0.00001477,0
7544.74166667,0.00003339,0.00006654,21
7545.02500000,0.00011657,0.00002503,0
7550.00000000,0.00051694,0.00082620,19
7550.97500000,0.00168450,0.00053669,1
7559.01666667,0.00014631,0.00010626,8
7559.04166667,0.00015360,0.00010108,7
7560.00000000,0.00164600,0.00125745,8
7560.35833333,0.00054743,0.00009222,3
7565.00833333,0.00004967,0.00003985,10
7566.35833333,0.00031420,0.00006281,12
7566.37500000,0.00030154,0.00006486,0
7566.89166667,0.00004202,0.00001509,2
7567.54166667,0.00003345,0.00002042,7
7567.86666667,0.00031590,0.00005897,3
7570.00000000,0.00038174,0.00026952,8
7570.97500000,0.00003377,0.00001200,2
7571.83333333,0.00003499,0.00002159,7
7571.92500000,0.00006138,0.00002953,4
7572.01666667,0.00008970,0.00003862,4
7572.04166667,0.00006895,0.00004465,7
7572.29166667,0.32381787,0.19752848,7
7572.49166667,0.00017487,0.00014778,10
7572.55000000,0.00018907,0.00005613,1
7572.65000000,0.00013114,0.00002757,0
7572.69166667,0.00004672,0.00002781,7
7572.77500000,0.00012948,0.00002042,3
7572.83333333,0.00005342,0.00001401,0
7572.88333333,0.00011639,0.00001716,3
7573.08333333,0.02741920,0.00516550,12
7573.27500000,0.00035453,0.00004779,3
7573.67500000,0.00005633,0.00001350,0
7574.53333333,0.00003470,0.00005902,19
7574.72500000,0.00011560,0.00031629,23
7574.89166667,0.01243314,0.00718963,7
7575.05833333,0.00019007,0.00007199,2
7575.35000000,0.00004578,0.00002604,18
7575.52500000,0.00004131,0.00002727,15
7575.53333333,0.00004956,0.00002729,6
7575.57500000,0.00007761,0.00001483,12
7575.97500000,0.00180766,0.00117611,7
7579.26666667,0.00117938,0.00009280,5
7580.00000000,0.00170598,0.00130017,8
7580.47500000,0.00077534,0.00023389,1
7581.25833333,0.00008729,0.00003865,4
7585.00000000,0.00005389,0.00003726,8
7586.56666667,0.00004868,0.00001410,1
7590.00000000,0.00030190,0.00019379,7
7590.47500000,0.00025596,0.00005482,0
7591.60000000,0.00013263,0.00001817,3
7591.68333333,0.00009394,0.00002376,0
7592.26666667,0.00039835,0.00002752,5
7592.27500000,0.00039567,0.00002768,5
7593.14166667,0.00004598,0.00001387,1
7594.70833333,0.00042650,0.00012508,1
7595.04166667,0.00005290,0.00003077,7
7600.00000000,0.00150910,0.00067607,4
7602.00833333,0.00003451,0.00001624,4
7607.16666667,0.00005005,0.00004296,10
7607.21666667,0.00019496,0.00003209,3
7607.24166667,0.00022687,0.00002215,5
7607.36666667,0.00020926,0.00001168,9
7610.00000000,0.00022542,0.00019686,10
7610.40000000,0.00013741,0.00001894,3
7610.44166667,0.00012732,0.00001859,3
7613.42500000,0.00021325,0.00003539,3
7616.00833333,0.00042720,0.00009002,0
7616.90833333,0.00213900,0.00226389,14
7617.19166667,0.00026425,0.00015870,7
7619.20833333,0.00005361,0.00003660,8
7619.37500000,0.01300801,0.01484148,14
7620.00000000,0.00204227,0.00160729,10
7621.80000000,0.00014654,0.00003393,0
7625.00000000,0.00074103,0.00026866,2
7629.22500000,0.00095231,0.00012116,3
7629.99166667,0.00024886,0.00017738,8
7630.26666667,0.00010687,0.00007346,8
7630.27500000,0.00010774,0.00007282,15
7630.42500000,0.00078524,0.00028046,2
7636.09166667,0.00003591,0.00012495,26
7636.71666667,0.00019369,0.00007897,20
7640.00000000,0.00173190,0.00143971,10
7643.46666667,0.00040599,0.00002293,9
7643.47500000,0.00040304,0.00002297,9
7648.52500000,0.00034720,0.00002342,5
7648.55000000,0.00037407,0.00001887,9
7650.00000000,0.00203563,0.00127668,7
7654.95000000,0.00009756,0.00004509,4
7654.97500000,0.00009092,0.00005121,6
7657.21666667,0.00005624,0.00001409,0
7657.24166667,0.00007828,0.00001220,3
7657.50833333,0.28879980,0.06684932,0
7657.71666667,0.00017490,0.00004772,1
7657.80833333,0.00004702,0.00001320,1
7660.00000000,0.00153330,0.00124406,10
7664.98333333,0.00025855,0.00012752,6
7666.91666667,0.00058756,0.00004838,5
7668.80000000,0.00016474,0.00001967,5
7669.64166667,0.00021776,0.00004804,0
7670.00000000,0.00027268,0.00004493,3
7670.82500000,0.00026610,0.00006356,0
7670.83333333,0.00026636,0.00006344,0
7672.24166667,0.00009268,0.00001244,3
7675.00000000,0.00039418,0.00013562,2
7676.76666667,0.00011902,0.00006296,6
7676.80000000,0.00013341,0.00004865,2
7680.00000000,0.00158945,0.00126500,10
7685.55000000,0.00008896,0.00002883,1
7686.19166667,0.00005008,0.00001172,0
7690.00000000,0.00013179,0.00013692,14
7695.58333333,0.00045528,0.00004912,5
7696.61666667,0.00014727,0.00002162,3
7696.62500000,0.00014612,0.00002132,3
7700.00000000,0.00201394,0.00120254,7
7709.99166667,0.00017916,0.00014551,10
7710.87500000,0.00011208,0.00001382,5
7715.00833333,0.00003475,0.00001713,6
7718.76666667,0.00004899,0.00001366,1
7720.00000000,0.00148142,0.00113325,8
7730.00000000,0.00009446,0.00014006,17
7738.46666667,0.00003906,0.00002655,8
7738.49166667,0.00003495,0.00002980,10
7740.00000000,0.00131846,0.00110982,10
7740.19166667,0.00015341,0.00002255,3
7742.74166667,0.00006387,0.00001501,0
7745.00833333,0.00003633,0.00002508,8
7750.00000000,0.00124360,0.00237872,21
7755.65833333,0.00172623,0.00084911,6
7760.00000000,0.00119825,0.00093677,10
7764.71666667,0.00020728,0.00006052,1
7764.99166667,0.00004561,0.00004406,11
7766.35000000,0.00042482,0.00006443,3
7768.78333333,0.00018237,0.00003598,12
7770.00833333,0.00012116,0.00010376,10
7775.00000000,0.00048489,0.00015742,1
7780.00000000,0.00098684,0.00087741,11
7790.00000000,0.00014421,0.00011017,8
7798.55000000,0.00042898,0.00014874,2
7800.00000000,0.00112760,0.00104366,11
7810.00000000,0.00012238,0.00011300,11
7812.50000000,0.00017567,0.00009675,6
7815.00000000,0.00005351,0.00001575,1
7817.80833333,0.00120524,0.00122636,24
7820.00000000,0.00066348,0.00058974,11
7822.22500000,0.00010515,0.00001701,3
7825.00000000,0.00008240,0.00004329,6
7830.00000000,0.00013796,0.00005866,4
7832.68333333,0.00005369,0.00001276,0
7834.25000000,0.00235565,0.00050652,0
7840.00000000,0.00066447,0.00052948,10
7844.32500000,0.00021061,0.00001157,9
7845.00000000,0.00005703,0.00005597,11
7848.79166667,0.00024419,0.00004060,3
7850.00000000,0.00085140,0.00092108,14
7860.00000000,0.00072397,0.00055021,8
7865.00000000,0.00003799,0.00004920,13
7868.10833333,0.00004463,0.00001312,1
7868.44166667,0.00004059,0.00002081,6
7868.96666667,0.00007853,0.00001827,0
7870.00000000,0.00016204,0.00010905,15
7874.32500000,0.00032018,0.00003002,5
7874.36666667,0.00024731,0.00003937,3
7874.79166667,0.00004325,0.00003783,10
7874.99166667,0.00072259,0.00031060,4
7880.00000000,0.00075651,0.00060550,10
7886.29166667,0.00004415,0.00002126,4
7886.56666667,0.00004323,0.00002710,7
7890.00000000,0.00014549,0.00008650,7
7900.00000000,0.00061801,0.00017854,1
7905.00000000,0.00005538,0.00004907,11
7910.00000000,0.00017993,0.00015437,10
7914.12500000,0.00130492,0.00047039,2
7920.00000000,0.00063253,0.00052168,10
7920.82500000,0.00011028,0.00001170,5
7925.00000000,0.00030776,0.00006544,0
7930.00000000,0.00013975,0.00013769,11
7935.36666667,0.00004415,0.00024472,25
7939.44166667,0.00005207,0.00004515,10
7940.00000000,0.00076231,0.00050450,15
7941.16666667,0.00008146,0.00001450,3
7945.00000000,0.00006273,0.00009081,17
7947.20833333,0.00032853,0.00006724,0
7948.14166667,0.00011281,0.00004957,4
7949.51666667,0.00016508,0.00002309,3
7950.00000000,0.00052873,0.00022452,4
7954.16666667,0.00036900,0.00005604,3
7954.17500000,0.00036419,0.00005539,3
7955.34166667,0.00044965,0.00003749,5
7960.00000000,0.00070290,0.00052521,8
7965.00000000,0.00004067,0.00006615,19
7965.13333333,0.00012004,0.00002245,3
7967.49166667,0.00259729,0.00157341,7
7969.09166667,0.00007646,0.00001453,12
7970.00000000,0.00024226,0.00014919,7
7971.41666667,0.00051018,0.00001861,9
7974.40833333,0.00049833,0.00003673,5
7975.00000000,0.00014670,0.00006125,4
7975.16666667,0.00061444,0.00005901,5
7975.17500000,0.00061416,0.00005870,5
7980.00000000,0.00070758,0.00065175,11
7985.00000000,0.00012368,0.00012349,11
7988.30000000,0.00055047,0.00012026,0
7990.00000000,0.00016973,0.00019076,14
8000.00000000,0.00066757,0.00049390,8
8005.00000000,0.00023175,0.00016859,8
8005.62500000,0.00010239,0.00004005,2
8007.80833333,0.00009271,0.00008769,11
8010.00000000,0.00020287,0.00011363,6
8016.65833333,0.00005020,0.00001761,2
8020.00000000,0.00072105,0.00060743,10
8025.00000000,0.00012727,0.00020520,19
8026.89166667,0.00024411,0.00003125,3
8030.00000000,0.00016243,0.00016728,14
8033.11666667,0.00010679,0.00002693,0
8033.12500000,0.00010930,0.00002691,0
8034.97500000,0.00039232,0.00007440,12
8040.00000000,0.00099842,0.00070659,8
8045.00000000,0.00017680,0.00013582,8
8050.00000000,0.00177638,0.00079604,4
8052.70833333,0.00039515,0.00060667,17
8058.64166667,0.00017655,0.00004034,0
8060.00000000,0.00104899,0.00087230,10
8065.00000000,0.00012651,0.00008481,15
8065.95833333,0.00003789,0.00001250,1
8068.46666667,0.00024473,0.00014578,7
8068.48333333,0.00025040,0.00014363,18
8070.00000000,0.00028148,0.00019397,8
8075.00000000,0.00007829,0.00014023,19
8080.00000000,0.00107120,0.00093157,10
8080.39166667,0.00021833,0.00008201,2
8081.37500000,0.00006889,0.00005296,8
8084.20833333,0.00052079,0.00002231,9
8085.00000000,0.00008830,0.00007177,10
8087.95000000,0.00004236,0.00002128,6
8090.00000000,0.00020858,0.00018820,11
8091.75833333,0.00007886,0.00001638,0
8093.69166667,0.00008887,0.00004426,6
8093.81666667,0.00004200,0.00002984,8
8099.85833333,0.00044280,0.00003620,5
8100.00000000,0.00056466,0.00066559,13
8104.99166667,0.00006848,0.00004529,15
8105.35833333,0.00003312,0.00002518,8
8105.45833333,0.00003693,0.00001192,1
8110.00000000,0.00022514,0.00015943,8
8110.32500000,0.00025675,0.00002654,5
8112.16666667,0.00066175,0.00010796,3
8112.17500000,0.00066625,0.00010910,3
8114.37500000,0.00025265,0.00001650,9
8114.65833333,0.00003980,0.00002336,7
8114.70833333,0.00005091,0.00001528,1
8116.61666667,0.00012579,0.00001528,5
8120.00000000,0.00121062,0.00096058,10
8125.00000000,0.00127960,0.00069890,6
8130.02500000,0.00023716,0.00020024,10
8131.78333333,0.00011694,0.00009368,10
8135.39166667,0.00364058,0.00099703,1
8136.95000000,0.00017323,0.00011343,7
8140.00000000,0.00117161,0.00089315,8
8144.99166667,0.00006574,0.00003068,4
8150.00000000,0.00022974,0.00138062,25
8160.00000000,0.00112097,0.00096138,10
8162.25000000,0.00003640,0.00002283,7
8165.01666667,0.00003750,0.00002254,7
8166.60833333,0.00011443,0.00007109,7
8166.62500000,0.00012101,0.00006895,18
8167.63333333,0.00020527,0.00003846,3
8170.00000000,0.00022166,0.00018580,10
8174.01666667,0.00041514,0.00045994,14
8174.86666667,0.00037279,0.00010526,1
8175.00833333,0.00004926,0.00007836,19
8175.50833333,0.00008367,0.00003526,4
8177.23333333,0.00030442,0.00007733,0
8178.87500000,0.00034623,0.00011700,16
8180.00000000,0.00116081,0.00086800,8
8184.99166667,0.00004727,0.00004709,11
8187.80000000,0.00010703,0.00003030,1
8188.41666667,0.00005837,0.00001316,0
8189.65833333,0.00016470,0.00001302,5
8189.68333333,0.00013940,0.00001504,5
8189.80833333,0.00041834,0.00001268,9
8190.00000000,0.00019569,0.00018210,11
8193.76666667,0.00010318,0.00004300,4
8193.80000000,0.00008768,0.00004686,6
8199.65000000,0.00053201,0.00003364,9
8200.00000000,0.00167633,0.00120059,8
8203.12500000,0.00010621,0.00007601,8
8205.00000000,0.00006257,0.00004327,8
8206.56666667,0.00006464,0.00005047,10
8210.00000000,0.00020361,0.00014493,8
8211.44166667,0.00026023,0.00023708,11
8219.48333333,0.00897976,0.00214597,0
8220.00000000,0.00085837,0.00068102,10
8225.00000000,0.00024243,0.00018550,8
8227.90000000,0.00008597,0.00002632,1
8230.00000000,0.00015682,0.00015352,11
8232.77500000,0.00013677,0.00001402,5
8233.05000000,0.00021224,0.00001525,5
8238.80000000,0.00035007,0.00002012,9
8240.00000000,0.00091926,0.00060076,7
8244.55000000,0.00031299,0.00003496,5
8245.95833333,0.00038924,0.00010862,1
8246.54166667,0.00039445,0.00013865,2
8248.66666667,0.00005785,0.00002308,2
8248.68333333,0.00006285,0.00002118,16
8250.00000000,0.00077083,0.00067353,10
8260.00000000,0.00086047,0.00066787,10
8265.00000000,0.00004579,0.00005029,14
8270.00000000,0.00010818,0.00011329,14
8270.69166667,0.00004649,0.00002742,7
8270.85000000,0.00004122,0.00002187,6
8273.34166667,0.00013970,0.00001155,5
8275.00000000,0.00026590,0.00011097,4
8280.00000000,0.00092587,0.00078016,10
8285.00833333,0.00011115,0.00007933,8
8290.00000000,0.00021116,0.00014350,8
8297.96666667,0.00012454,0.00003008,0
8297.97500000,0.00012631,0.00002999,0
8300.00000000,0.00198302,0.00197993,11
8305.00000000,0.00012196,0.00010599,10
8310.00000000,0.00014226,0.00018469,13
8310.70833333,0.00063163,0.00008538,3
8313.09166667,0.00008725,0.00003984,4
8313.12500000,0.00009963,0.00004535,4
8316.05833333,0.00004423,0.00001886,4
8316.08333333,0.00003893,0.00002229,18
8320.00000000,0.00135303,0.00093876,8
8325.00000000,0.00030610,0.00014633,4
8327.45833333,0.00028970,0.00003789,3
8327.58333333,0.00016868,0.00001740,5
8330.00000000,0.00020633,0.00017737,10
8330.56666667,0.00011568,0.00021387,-1
8340.00000000,0.00136520,0.00103835,8
8345.00000000,0.00013460,0.00013067,11
8350.00000000,0.00170020,0.00055692,1
8355.99166667,0.00017763,0.00001941,5
8359.38333333,0.00007645,0.00005142,15
8360.00000000,0.00133281,0.00100732,8
8365.00000000,0.00012229,0.00012167,11
8370.00000000,0.00011501,0.00009678,10
8375.00000000,0.00022827,0.00012793,6
8380.00000000,0.00130135,0.00095840,8
8380.52500000,0.00005961,0.00004145,8
8383.09166667,0.00005205,0.00042848,-1
8383.15000000,0.00019161,0.00026752,17
8385.00833333,0.00012623,0.00010036,10
8390.00000000,0.00018633,0.00012159,7
8398.43333333,0.00034665,0.00023817,8
8400.00000000,0.00202694,0.00152098,8
8402.39166667,0.00004319,0.00001783,4
8405.00000000,0.00009464,0.00006999,8
8410.00000000,0.00012625,0.00014965,13
8420.00000000,0.00111961,0.00076143,8
8429.51666667,0.00018485,0.00008322,4
8430.00000000,0.00017228,0.00012954,8
8430.17500000,0.00008984,0.00003821,4
8432.39166667,0.00052168,0.00017860,2
8433.28333333,0.00022302,0.00008396,2
8433.52500000,0.00008383,0.00001414,3
8439.22500000,0.00349056,0.00143153,20
8439.33333333,0.00040632,0.00056858,17
8439.51666667,0.00019026,0.00005422,1
8439.52500000,0.00018811,0.00005477,1
8440.00000000,0.00102301,0.00073713,8
8445.00000000,0.00007525,0.00004476,7
8450.00000000,0.00137505,0.00046249,16
8460.00000000,0.00100497,0.00075135,8
8461.60833333,0.00063114,0.00011498,3
8465.00833333,0.00009055,0.00004416,22
8470.00000000,0.00012333,0.00005366,4
8475.00000000,0.00004796,0.00005961,13
8479.20000000,0.00007316,0.00001669,0
8479.36666667,0.02310094,0.00637487,1
8479.37500000,0.02314576,0.00636741,1
8480.00000000,0.00100730,0.00075756,8
8484.98333333,0.00003528,0.00002326,7
8490.00000000,0.00013354,0.00010310,28
8496.11666667,0.00004657,0.00001432,1
8500.00000000,0.00083532,0.00071519,10
8510.00000000,0.00008725,0.00008261,11
8515.62500000,0.00008696,0.00005563,7
8520.00000000,0.00083971,0.00059758,8
8521.36666667,0.00004273,0.00006503,17
8521.38333333,0.00005051,0.00006788,27
8523.20000000,0.00008882,0.00003500,2
8525.00833333,0.00011542,0.00009381,10
8530.00000000,0.00020824,0.00011288,6
8540.00000000,0.00045714,0.00044525,11
8540.41666667,0.00033579,0.00002273,5
8540.72500000,0.00153442,0.00078432,6
8550.00000000,0.00064038,0.00028739,4
8550.90833333,0.00015816,0.00001614,5
8551.26666667,0.00045073,0.00001333,9
8560.00000000,0.00057942,0.00040130,8
8568.05833333,0.00014687,0.00003021,0
8568.85833333,0.00023011,0.00003424,3
8570.00000000,0.00005398,0.00009121,19
8575.00000000,0.00024219,0.00014914,7
8577.92500000,0.00007689,0.00008235,14
8580.00000000,0.00047632,0.00030735,7
8589.98333333,0.00010447,0.00006409,7
8593.75000000,0.00044737,0.00030362,8
8600.00000000,0.00052733,0.00020218,2
8604.10833333,0.01598075,0.00438077,1
8605.00000000,0.00003658,0.00001653,4
8610.00000000,0.00020963,0.00009257,4
8611.09166667,0.00004358,0.00001182,1
8612.04166667,0.00003941,0.00002172,6
8620.00000000,0.00035611,0.00028171,10
8620.92500000,0.00003696,0.00009026,23
8620.93333333,0.00003299,0.00009020,23
8624.99166667,0.00035477,0.00035443,11
8630.00000000,0.00014541,0.00005764,2
8633.45833333,0.00172806,0.00031357,3
8635.31666667,0.00131583,0.00034734,0
8635.93333333,0.00006634,0.00001261,12
8638.05000000,0.00006043,0.00001814,1
8640.00000000,0.00043122,0.00027204,7
8642.50833333,0.00006351,0.00001740,1
8644.99166667,0.00006242,0.00002287,2
8648.51666667,0.00003550,0.00002764,10
8648.70833333,0.00031275,0.00014054,4
8650.00000000,0.00125734,0.00067631,6
8651.72500000,0.00024677,0.00002099,5
8651.74166667,0.00025557,0.00002066,5
8652.66666667,0.00224726,0.00092219,20
8652.67500000,0.00224046,0.00092227,20
8653.45833333,0.00023571,0.00005595,0
8654.62500000,0.00004780,0.00003606,8
8655.91666667,0.00069720,0.00012272,3
8656.11666667,0.00013645,0.00001818,3
8657.01666667,0.00015516,0.00008555,6
8657.60833333,0.00004044,0.00001632,2
8657.76666667,0.00019970,0.00002694,3
8660.00000000,0.00049737,0.00029551,7
8661.60833333,0.00018725,0.00010279,6
8662.35833333,0.00026554,0.00002686,5
8662.50000000,0.00024963,0.00002971,5
8662.58333333,0.00014539,0.00006181,4
8663.14166667,0.00014280,0.00021370,17
8665.00000000,0.00008922,0.00004646,6
8665.35833333,0.00011982,0.00006229,6
8666.25000000,0.00008520,0.00004537,6
8668.05833333,0.00012123,0.00001414,5
8669.15000000,0.00659503,0.00245270,2
8670.00000000,0.00022076,0.00006499,1
8671.96666667,0.00021913,0.00007955,2
8675.00000000,0.00014156,0.00005347,2
8680.00000000,0.00055599,0.00037614,15
8682.81666667,0.00028158,0.00009785,2
8685.00000000,0.00005459,0.00003060,6
8686.57500000,0.00004546,0.00010352,-1
8686.82500000,0.00011284,0.00001370,5
8686.85000000,0.00010222,0.00001241,5
8688.62500000,0.00021619,0.00003978,3
8688.64166667,0.00022185,0.00003746,3
8690.00000000,0.00017243,0.00009240,6
8691.16666667,0.00006257,0.00001457,0
8691.18333333,0.00005734,0.00001565,1
8691.31666667,0.00006562,0.00001202,3
8700.00000000,0.00043471,0.00051097,-1
8700.78333333,0.00179833,0.00048169,1
8702.05833333,0.00032955,0.00005604,3
8702.07500000,0.00034245,0.00005882,3
8705.00000000,0.00003648,0.00002155,7
8705.86666667,0.02856265,0.00335530,5
8705.87500000,0.02896884,0.00339832,5
8709.05000000,0.00006685,0.00006274,11
8709.07500000,0.00007147,0.00005695,10
8710.00000000,0.00016488,0.00009570,7
8714.70833333,0.02658320,0.00563310,0
8717.79166667,0.01019569,0.00189201,3
8719.80000000,0.00259861,0.00013235,9
8719.99166667,0.00100990,0.00048859,4
8722.50833333,0.00078446,0.00027675,2
8725.10000000,0.00092944,0.00020817,0
8725.20000000,0.00090086,0.00011791,3
8730.00000000,0.00027381,0.00016417,7
8735.56666667,0.00025631,0.00001236,9
8735.58333333,0.00024964,0.00001316,9
8740.00000000,0.00067095,0.00042479,7
8742.86666667,0.00027093,0.00002241,5
8744.41666667,0.00005214,0.00001862,2
8744.51666667,0.00005648,0.00002208,2
8745.00000000,0.00008359,0.00004262,6
8745.23333333,0.00008511,0.00006116,8
8746.34166667,0.00004182,0.00001310,1
8748.70000000,0.00004263,0.00002382,6
8750.00000000,0.00094799,0.00074632,10
8760.00000000,0.00064912,0.00045367,8
8762.55833333,0.00057893,0.00002407,9
8762.57500000,0.00061367,0.00002328,9
8764.55833333,0.00108019,0.00035991,16
8765.52500000,0.00006327,0.00001549,0
8765.53333333,0.00006450,0.00001534,0
8766.62500000,0.00007715,0.00003428,4
8766.67500000,0.00005264,0.00005032,11
8767.36666667,0.00014786,0.00006658,4
8767.37500000,0.00014987,0.00006635,4
8767.43333333,0.00012467,0.00005342,4
8769.82500000,0.00006863,0.00007656,14
8770.00000000,0.00047037,0.00022475,4
8775.00000000,0.00005177,0.00008328,19
8779.09166667,0.00005994,0.00001952,1
8780.00000000,0.00053689,0.00033208,7
8784.72500000,0.00107587,0.00017070,3
8785.00000000,0.00007010,0.00004095,7
8787.22500000,0.00015664,0.00001464,5
8787.23333333,0.00015358,0.00001507,5
8789.05833333,0.00062105,0.00041356,15
8790.00000000,0.00043268,0.00023564,6
8791.05833333,0.00005995,0.00001569,0
8791.07500000,0.00006179,0.00001374,0
8800.00000000,0.00105893,0.00067519,7
8800.32500000,0.00003630,0.00001578,4
8801.11666667,0.00005472,0.00005988,14
8801.14166667,0.00005015,0.00006422,13
8801.76666667,0.00008855,0.00006180,8
8801.77500000,0.00008877,0.00006190,8
8805.00000000,0.00004332,0.00002530,7
8805.60000000,0.00018741,0.00002426,3
8810.00000000,0.00054596,0.00029609,6
8820.00000000,0.00032108,0.00019352,7
8825.00000000,0.00005645,0.00003697,7
8830.00000000,0.00051099,0.00027146,6
8840.00000000,0.00024540,0.00011573,4
8840.49166667,0.00014175,0.00004172,1
8845.00000000,0.00017664,0.00009801,6
8850.00000000,0.00062028,0.00028410,4
8854.46666667,0.00005214,0.00005828,14
8854.47500000,0.00005067,0.00005903,-1
8856.69166667,0.00007370,0.00001436,12
8860.00000000,0.00018645,0.00016135,10
8862.54166667,0.00006933,0.00005108,8
8862.82500000,0.00004553,0.00006241,17
8865.00000000,0.00019686,0.00011569,7
8870.00000000,0.00061085,0.00026622,4
8875.00000000,0.00283377,0.00253892,11
8880.00000000,0.00026157,0.00017836,8
8881.24166667,0.00081512,0.00020176,0
8881.27500000,0.00076670,0.00016790,0
8881.33333333,0.00106917,0.00018751,3
8885.00000000,0.00016073,0.00008444,6
8886.25833333,0.00023633,0.00001250,9
8886.99166667,0.00015030,0.00022397,17
8890.00000000,0.00045900,0.00029646,7
8892.94166667,0.00030798,0.00007771,0
8893.05833333,0.00022445,0.00004699,0
8894.85833333,0.00006051,0.00001693,1
8894.87500000,0.00006646,0.00001652,0
8895.11666667,0.00011717,0.00001154,5
8895.13333333,0.00011275,0.00001188,5
8900.00000000,0.00094551,0.00027371,1
8900.61666667,0.00005717,0.00002021,2
8900.63333333,0.00005321,0.00002111,2
8905.00000000,0.00008077,0.00006005,8
8908.72500000,0.00027393,0.00007853,1
8908.73333333,0.00026393,0.00007970,1
8908.84166667,0.00028384,0.00004737,3
8910.00000000,0.00050683,0.00025622,6
8920.00000000,0.00039388,0.00020244,6
8925.00000000,0.00018396,0.00015371,10
8930.00000000,0.00051706,0.00028498,6
8930.31666667,0.00010730,0.00002141,12
8930.96666667,0.00154546,0.00016562,5
8936.97500000,0.00047219,0.00009081,12
8940.00000000,0.00051559,0.00031128,7
8945.00000000,0.00022039,0.00009555,4
8950.00000000,0.00090279,0.00047265,6
8950.55000000,0.00040575,0.00004136,5
8960.00000000,0.00064552,0.00034758,6
8965.00833333,0.00005921,0.00003380,18
8970.00000000,0.00030318,0.00019184,7
8974.32500000,0.00029658,0.00003680,5
8974.33333333,0.00029776,0.00003711,5
8974.99166667,0.00011738,0.00002800,0
8977.27500000,0.00018082,0.00002771,3
8979.80000000,0.00012370,0.00002261,3
8980.00000000,0.00073647,0.00038316,6
8980.18333333,0.00044205,0.00002059,9
8982.45833333,0.00025088,0.00001292,9
8984.37500000,0.00045945,0.00021761,4
8985.00000000,0.00005876,0.00003472,7
8990.00000000,0.00035549,0.00014520,20
8993.64166667,0.00260293,0.00046469,3
8993.75833333,0.00037040,0.00010077,1
9000.00000000,0.00816835,0.00599383,8
9000.33333333,0.00005735,0.00001214,0
9000.80000000,0.00367845,0.00041732,5
9004.37500000,0.02448816,0.00248935,5
9005.00000000,0.00013060,0.00006279,4
9010.00000000,0.00031751,0.00020920,7
9012.10833333,0.00007707,0.00004451,7
9020.00000000,0.00070897,0.00041099,7
9023.80000000,0.00009162,0.00001244,3
9025.00833333,0.00019933,0.00007553,2
9030.00000000,0.00032583,0.00018165,6
9040.00000000,0.00066601,0.00045215,8
9045.00000000,0.00018955,0.00005410,1
9050.00000000,0.00098283,0.00009205,5
9055.59166667,0.00024378,0.00005319,0
9055.92500000,0.00037925,0.00006455,3
9055.93333333,0.00037094,0.00006488,3
9060.00000000,0.00069442,0.00038475,6
9060.67500000,0.00049781,0.00018163,2
9060.78333333,0.00049632,0.00012949,0
9065.03333333,0.00003950,0.00001825,4
9070.00000000,0.00042986,0.00025041,7
9075.00000000,0.00014890,0.00008401,6
9076.13333333,0.00021301,0.00007561,2
9077.32500000,0.00022044,0.00008943,2
9080.00000000,0.00080966,0.00040849,6
9082.02500000,0.00003654,0.00001470,2
9082.03333333,0.00003631,0.00001507,4
9085.00000000,0.00017411,0.00008485,22
9086.10833333,0.00010590,0.00001933,3
9086.13333333,0.00007393,0.00001979,1
9090.00000000,0.00032761,0.00023115,8
9091.38333333,0.00395301,0.00129595,1
9091.46666667,0.00165537,0.00056276,2
9091.48333333,0.00183360,0.00060831,16
9095.00000000,0.00004065,0.00002784,8
9097.11666667,0.00043339,0.00008910,0
9097.13333333,0.00044914,0.00009145,0
9097.21666667,0.00014974,0.00006871,4
9100.00000000,0.00021778,0.00013455,7
9105.00000000,0.00030029,0.00014310,4
9110.00000000,0.00046288,0.00021607,4
9112.50833333,0.01316203,0.00391502,1
9114.57500000,0.00054082,0.00018103,16
9120.00000000,0.00098372,0.00047192,4
9125.00000000,0.00034322,0.00019573,18
9127.78333333,0.00216515,0.00026052,5
9130.00000000,0.00038147,0.00023733,7
9135.00000000,0.00007549,0.00005234,8
9136.70000000,0.00005467,0.00002290,4
9139.44166667,0.00010633,0.00001157,5
9140.00000000,0.00100724,0.00052342,6
9145.00000000,0.00009614,0.00005097,6
9150.00000000,0.00069950,0.00059569,10
9151.15000000,0.00003897,0.00001576,2
9155.00000000,0.00013528,0.00006080,4
9160.00000000,0.00083382,0.00048812,7
9165.00000000,0.00023614,0.00010546,4
9170.00000000,0.00035422,0.00011293,1
9175.00000000,0.00006170,0.00002422,2
9179.68333333,0.00035899,0.00020021,6
9180.00000000,0.00092131,0.00051339,6
9183.50000000,0.00003875,0.00006988,19
9185.00000000,0.00019855,0.00010488,6
9187.20833333,0.00007077,0.00001627,0
9190.00000000,0.00028618,0.00017582,7
9200.00000000,0.00098427,0.00035549,2
9205.00000000,0.00014061,0.00007581,6
9205.94166667,0.00061443,0.00007473,5
9210.00000000,0.00015040,0.00012792,10
9218.55000000,0.00032613,0.00001240,9
9220.00000000,0.00070203,0.00038564,6
9225.00000000,0.00024545,0.00016702,8
9225.54166667,0.00014174,0.00002420,3
9228.26666667,0.00019841,0.00027959,17
9230.00000000,0.00026510,0.00012699,4
9240.00000000,0.00062989,0.00034244,6
9241.76666667,0.00007866,0.00001841,0
9244.64166667,0.00036834,0.00006551,3
9245.00000000,0.00005884,0.00002220,2
9245.71666667,0.00008860,0.00002832,1
9245.75000000,0.00009322,0.00002694,1
9246.79166667,0.00077636,0.00030030,2
9250.00000000,0.00032741,0.00019838,7
9254.77500000,0.00004416,0.00001866,4
9257.75000000,0.00004623,0.00010777,23
9257.77500000,0.00005653,0.00009803,19
9260.00000000,0.00057942,0.00026844,4
9260.97500000,0.00008184,0.00003465,4
9261.10833333,0.00035830,0.00019556,6
9264.99166667,0.00008621,0.00003366,2
9270.00000000,0.00015444,0.00009097,7
9275.00000000,0.00016255,0.00005942,2
9277.22500000,0.00041579,0.00008969,0
9277.35000000,0.00003950,0.00001520,2
9280.00833333,0.00031388,0.00018509,7
9280.32500000,0.00010682,0.00002491,0
9280.33333333,0.00010613,0.00002354,0
9284.99166667,0.00005992,0.00002546,4
9285.47500000,0.00130058,0.00008352,9
9289.78333333,0.00013422,0.00003367,0
9290.00000000,0.00021625,0.00010096,4
9292.31666667,0.00012121,0.00002333,12
9295.10000000,0.00007310,0.00001379,12
9295.15833333,0.00004645,0.00002301,6
9300.00000000,0.00080189,0.00017267,0
9305.00833333,0.00004709,0.00002675,18
9310.00000000,0.00014662,0.00008099,6
9316.21666667,0.00016449,0.00001408,5
9316.24166667,0.00014825,0.00001551,5
9320.00000000,0.00032832,0.00011681,2
9321.29166667,0.00021986,0.00004111,3
9324.20000000,0.00082914,0.00017248,0
9325.00000000,0.00012706,0.00010026,10
9326.05000000,0.00008667,0.00002903,16
9327.07500000,0.00012083,0.00004663,2
9327.32500000,0.00006833,0.00001311,12
9330.00000000,0.00016052,0.00011452,8
9331.01666667,0.00046776,0.00005177,5
9340.00000000,0.00028592,0.00015580,6
9346.76666667,0.00008180,0.00009773,13
9346.77500000,0.00008330,0.00009630,14
9350.00000000,0.00030057,0.00011774,2
9355.65833333,0.00226885,0.00053911,0
9355.68333333,0.00232306,0.00049391,0
9360.00000000,0.00026737,0.00012394,4
9366.76666667,0.00027623,0.00001461,9
9366.79166667,0.00025633,0.00001666,9
9370.00000000,0.00008649,0.00006259,8
9372.10000000,0.00003608,0.00001309,2
9374.69166667,0.00004925,0.00002207,4
9374.73333333,0.00004556,0.00001915,4
9374.80833333,0.00005783,0.00002540,4
9374.84166667,0.00008915,0.00010268,14
9375.00000000,0.28494868,0.16364909,18
9375.15833333,0.00017208,0.00007890,4
9375.19166667,0.00005497,0.00004164,8
9379.98333333,0.00037166,0.00009767,0
9390.00000000,0.00013743,0.00007866,18
9394.32500000,0.00041749,0.00018200,4
9394.34166667,0.00040790,0.00017908,4
9400.00000000,0.00079838,0.00042599,6
9410.00000000,0.00028564,0.00013871,22
9418.26666667,0.00015363,0.00003261,0
9420.00000000,0.00030346,0.00015081,6
9420.26666667,0.00022256,0.00005720,0
9420.91666667,0.00033661,0.00003222,5
9425.00000000,0.00003525,0.00002491,8
9426.96666667,0.00008140,0.00001829,0
9426.98333333,0.00008337,0.00001779,0
9430.00000000,0.00031132,0.00013442,4
9440.00000000,0.00034510,0.00018073,6
9450.00000000,0.00059571,0.00042170,8
9457.66666667,0.00011077,0.00001804,3
9457.67500000,0.00011201,0.00001784,3
9460.00000000,0.00034859,0.00014443,4
9460.21666667,0.00017393,0.00004818,1
9460.91666667,0.00027055,0.00033199,13
9469.66666667,0.01476176,0.00504585,2
9470.00000000,0.00039053,0.00019414,6
9472.22500000,0.00018223,0.00001479,5
9475.00000000,0.00019989,0.00006359,1
9475.77500000,0.00055697,0.00024314,4
9479.03333333,0.00019724,0.00006129,1
9479.15000000,0.00016094,0.00005938,2
9480.00000000,0.00031382,0.00018160,7
9484.76666667,0.00009533,0.00001759,3
9484.77500000,0.00009556,0.00001726,3
9485.00000000,0.00005125,0.00002710,6
9488.86666667,0.00249409,0.00013858,9
9488.91666667,0.00287263,0.00012371,9
9488.95833333,0.00243681,0.00016342,5
9490.00000000,0.00053963,0.00020919,2
9492.20833333,0.00011254,0.00011201,11
9495.20000000,0.00042882,0.00005798,3
9495.28333333,0.00034798,0.00005621,3
9497.20000000,0.00014725,0.00005527,2
9500.00000000,0.00016778,0.00008115,4
9504.23333333,0.00060248,0.00009548,3
9504.30833333,0.00045049,0.00008061,3
9505.00000000,0.00007805,0.00004163,6
9510.00000000,0.00046133,0.00024282,6
9513.81666667,0.00011331,0.00001380,5
9513.83333333,0.00011744,0.00001301,5
9520.00000000,0.00033081,0.00013230,2
9521.48333333,0.00007574,0.00003067,2
9525.00000000,0.00007843,0.00009065,14
9530.00000000,0.00054016,0.00028073,6
9531.11666667,0.00004969,0.00001167,0
9536.12500000,0.00005655,0.00004033,8
9536.13333333,0.00005727,0.00003994,8
9538.12500000,0.00007217,0.00004215,7
9538.13333333,0.00007397,0.00004154,6
9540.00000000,0.00026092,0.00015818,7
9540.95000000,0.00018274,0.00001257,5
9545.00000000,0.00013838,0.00005198,2
9550.00000000,0.00117454,0.00059528,6
9560.00000000,0.00025032,0.00010463,4
9565.00000000,0.00022906,0.00009690,4
9565.45833333,0.00039669,0.00020683,6
9570.00000000,0.00057562,0.00033193,7
9570.32500000,0.00045873,0.00016137,2
9570.43333333,0.00017375,0.00002562,3
9575.00000000,0.00035324,0.00026588,8
9575.26666667,0.00019910,0.00006572,1
9575.27500000,0.00020320,0.00006800,16
9580.00000000,0.00027712,0.00014920,6
9585.00000000,0.00018562,0.00007847,4
9585.75833333,0.00006485,0.00001545,0
9585.89166667,0.00016070,0.00001717,5
9590.00000000,0.00070899,0.00028435,2
9595.00000000,0.00012147,0.00005912,22
9600.00000000,0.00158225,0.00059923,2
9605.00000000,0.00010492,0.00005142,6
9609.37500000,0.00004329,0.00002429,6
9610.00000000,0.00078080,0.00030906,2
9611.82500000,0.00009313,0.00007317,10
9615.00000000,0.00007495,0.00003619,4
9619.14166667,0.00005123,0.00003327,7
9620.00000000,0.00025825,0.00011653,4
9624.98333333,0.00043249,0.00266361,25
9626.89166667,0.00011257,0.00006723,7
9629.55833333,0.01599529,0.00554528,2
9630.00000000,0.00056209,0.00030222,6
9635.00000000,0.00004598,0.00001298,1
9635.40000000,0.00199324,0.00019483,5
9635.43333333,0.00211438,0.00010440,9
9640.00000000,0.00018473,0.00013051,8
9645.00000000,0.00024041,0.00009929,4
9650.00000000,0.00080801,0.00031727,2
9653.22500000,0.00009367,0.00004659,6
9653.24166667,0.00009788,0.00004419,4
9654.72500000,0.00004000,0.00008400,21
9654.75000000,0.00006040,0.00007418,13
9655.00000000,0.00009589,0.00002754,1
9660.00000000,0.00022019,0.00004852,0
9665.00000000,0.00010611,0.00003310,1
9670.00000000,0.00053859,0.00022469,4
9675.00000000,0.00012445,0.00009697,10
9679.95833333,0.00014105,0.00008096,18
9680.00000000,0.00021458,0.00011661,6
9684.99166667,0.00003623,0.00002720,8
9689.21666667,0.00026004,0.00004836,3
9689.31666667,0.00016032,0.00005602,2
9689.33333333,0.00017186,0.00005323,1
9690.02500000,0.00018056,0.00007532,4
9700.00000000,0.00195530,0.00116987,7
9705.00000000,0.00015838,0.00004910,1
9710.00000000,0.00057133,0.00027511,4
9716.81666667,0.00005108,0.00001618,1
9719.45000000,0.00020732,0.00036961,19
9720.00000000,0.00038504,0.00015310,2
9724.94166667,0.00006651,0.00001984,1
9724.97500000,0.00004021,0.00004043,24
9725.05000000,0.00010941,0.00001270,5
9726.65833333,0.00003849,0.00001316,2
9730.00000000,0.00020592,0.00008895,4
9740.00000000,0.00030959,0.00015340,6
9745.00000000,0.00008634,0.00003629,4
9745.61666667,0.00011182,0.00003557,1
9750.00000000,0.00067641,0.00047140,8
9760.00000000,0.00025906,0.00012204,4
9764.91666667,0.00034535,0.00003863,5
9765.01666667,0.00008840,0.00001566,3
9765.62500000,0.00052718,0.00019049,2
9770.00000000,0.00039357,0.00016244,4
9775.01666667,0.00090476,0.00030325,16
9780.00000000,0.00029183,0.00018677,7
9781.91666667,0.00263098,0.00002719,9
9781.94166667,0.00230060,0.00003429,9
9782.03333333,0.00132636,0.00001269,9
9785.00000000,0.00010551,0.00005306,6
9788.61666667,0.00109727,0.00049719,4
9789.32500000,0.00010637,0.00013114,13
9789.39166667,0.00005757,0.00028280,25
9800.00000000,0.00118995,0.00045873,2
9805.00000000,0.00026999,0.00010129,2
9810.00000000,0.00034474,0.00010972,1
9814.44166667,0.00007586,0.00003608,4
9820.00000000,0.00034810,0.00026106,8
9825.00000000,0.00019524,0.00004605,0
9827.20833333,0.00031653,0.00010669,16
9830.00000000,0.00028670,0.00011028,2
9832.10833333,0.00004733,0.00003120,7
9833.32500000,0.00010055,0.00001266,5
9833.37500000,0.00015606,0.00002125,3
9833.65833333,0.00007529,0.00001280,3
9833.67500000,0.00006894,0.00001399,0
9834.25833333,0.00022800,0.00022095,11
9835.00000000,0.00006581,0.00002461,2
9836.36666667,0.00010780,0.00002500,0
9836.38333333,0.00011102,0.00002237,0
9837.50000000,0.00015126,0.00001566,5
9840.00000000,0.00051084,0.00015257,1
9840.55833333,0.00015374,0.00004897,1
9841.15833333,0.00007784,0.00003524,4
9841.17500000,0.00008452,0.00003322,2
9841.26666667,0.00006165,0.00001338,0
9841.27500000,0.00006117,0.00001402,0
9843.73333333,0.00007784,0.00002249,1
9844.22500000,0.00022022,0.00002661,5
9844.23333333,0.00022246,0.00002656,5
9845.00000000,0.00016638,0.00005109,1
9847.77500000,0.00012576,0.00004636,2
9850.00000000,0.00143872,0.00074245,6
9850.70000000,0.00003519,0.00005861,19
9852.15000000,0.00003943,0.00001689,4
9853.81666667,0.00004812,0.00002489,6
9853.85833333,0.00003572,0.00002127,7
9856.95000000,0.00013589,0.00001418,5
9860.00000000,0.00038224,0.00024180,7
9863.01666667,0.00010588,0.00003265,1
9865.00000000,0.00017412,0.00006809,2
9865.47500000,0.00022619,0.00001301,9
9868.67500000,0.00037861,0.00009787,0
9868.79166667,0.00020449,0.00045452,-1
9870.00000000,0.00030967,0.00009836,1
9871.50000000,0.00012672,0.00001415,5
9871.53333333,0.00011390,0.00001207,5
9875.00000000,0.00032103,0.00012031,2
9880.00000000,0.00062080,0.00017378,1
9883.04166667,0.00064634,0.00052803,10
9885.00000000,0.00016472,0.00008341,6
9890.00000000,0.00025064,0.00006696,1
9891.50833333,0.00105255,0.00008936,5
9893.30833333,0.00727889,0.00425540,7
9896.60833333,0.01582072,0.00166941,5
9898.40833333,0.00137380,0.00028755,0
9898.75000000,0.00004118,0.00003214,10
9900.00000000,0.00048672,0.00030871,7
9900.20833333,0.00006042,0.00001939,1
9902.75000000,0.00006443,0.00001513,0
9905.00000000,0.00017526,0.00006456,2
9910.00000000,0.00015967,0.00005119,1
9919.23333333,0.00047162,0.00012386,0
9919.35000000,0.00014538,0.00008660,7
9920.00000000,0.00042877,0.00016789,2
9925.00000000,0.00014975,0.00007575,6
9930.00000000,0.00014930,0.00018223,13
9934.70833333,0.00124002,0.00016975,3
9939.29166667,0.00013975,0.00001284,5
9939.56666667,0.00005458,0.00003268,7
9939.58333333,0.00005825,0.00002835,22
9940.00000000,0.00056498,0.00019726,2
9945.00000000,0.00019255,0.00008002,4
9950.00000000,0.00064448,0.00072194,14
9960.00000000,0.00035327,0.00017614,6
9960.94166667,0.00039789,0.00016858,4
9965.00833333,0.00018497,0.00008240,4
9967.75000000,0.00006456,0.00001304,0
9967.77500000,0.00005696,0.00001431,0
9970.00000000,0.00047017,0.00021247,4
9975.00000000,0.00012891,0.00002187,3
9976.93333333,0.00003801,0.00001286,2
9978.20833333,0.00005155,0.00002844,6
9980.00000000,0.00034104,0.00024072,8
9980.18333333,0.00008706,0.00002088,0
9982.62500000,0.00013559,0.00001408,5
9982.68333333,0.00010252,0.00001177,5
9983.55833333,0.00700605,0.00120392,3
9983.57500000,0.00715342,0.00116748,3
9984.76666667,0.00006862,0.00002059,1
9984.78333333,0.00007600,0.00001649,0
9984.90833333,0.00009720,0.00001459,3
9984.95000000,0.00014566,0.00002702,3
9985.02500000,0.00012701,0.00002412,12
9985.05833333,0.00006316,0.00004576,8
9985.10000000,0.00003850,0.00001815,4
9985.15833333,0.00007733,0.00003055,2
9985.18333333,0.00005566,0.00003623,7
9985.43333333,0.17005444,0.10402306,7
9985.64166667,0.00018217,0.00010668,7
9985.76666667,0.00005483,0.00003719,8
9985.77500000,0.00004925,0.00003743,8
9986.27500000,0.00003731,0.00001395,2
9988.74166667,0.00278978,0.00091459,1
9990.00000000,0.00053148,0.00018145,2
9995.61666667,0.00040069,0.00008850,0
10000.00000000,0.00093984,0.00166942,19
10004.75833333,0.00009255,0.00002256,0
10004.77500000,0.00008963,0.00002426,1
10005.00000000,0.00018068,0.00007198,2
10010.00000000,0.00051758,0.00021030,2
10020.00000000,0.00031286,0.00003608,5
10024.80000000,0.00046260,0.00005754,5
10024.90000000,0.00034981,0.00005893,3
10025.01666667,0.00020008,0.00007829,2
10030.00000000,0.00041403,0.00023383,6
10032.20833333,0.00005721,0.00001833,1
10035.30000000,0.00015178,0.00005384,2
10040.00000000,0.00017256,0.00009914,18
10041.76666667,0.00249519,0.00020103,5
10042.61666667,0.00022969,0.00008747,2
10043.72500000,0.00009217,0.00019338,21
10044.12500000,0.00014291,0.00007341,6
10044.14166667,0.00014732,0.00006998,4
10044.45000000,0.00021522,0.00006153,1
10045.01666667,0.00005441,0.00001281,0
10048.82500000,0.00018626,0.00006109,1
10048.84166667,0.00018884,0.00006264,16
10050.00000000,0.00057239,0.00031020,6
10057.30000000,0.00008986,0.00007559,10
10060.00000000,0.00013344,0.00003597,1
10064.20833333,0.00158567,0.00021781,3
10065.00833333,0.00008184,0.00003586,4
10065.46666667,0.00060221,0.00001476,9
10065.49166667,0.00066420,0.00001227,9
10065.67500000,0.00064776,0.00008795,3
10065.78333333,0.00026488,0.00001191,9
10070.00000000,0.00055867,0.00021959,2
10073.51666667,0.00003600,0.00006126,19
10073.72500000,0.00539999,0.00020636,9
10073.77500000,0.00492085,0.00013328,9
10074.62500000,0.00040725,0.00006159,3
10074.63333333,0.00041020,0.00006071,3
10075.00000000,0.00011688,0.00006838,7
10076.10833333,0.00236198,0.00004251,9
10078.13333333,0.00003588,0.00001275,2
10085.00000000,0.00005816,0.00003584,7
10086.82500000,0.00009037,0.00002377,0
10086.85833333,0.00007542,0.00002765,2
10088.38333333,0.00003294,0.00001681,6
10090.00000000,0.00055815,0.00023032,4
10094.08333333,0.04289809,0.08137284,21
10095.37500000,0.00010808,0.00001347,5
10095.56666667,0.00038580,0.00036954,11
10095.57500000,0.00039003,0.00036844,11
10096.35000000,0.00045574,0.00011875,0
10096.47500000,0.00306040,0.00061764,0
10096.71666667,0.00003493,0.00003279,11
10096.90000000,0.00598605,0.00814467,27
10097.09166667,0.00003734,0.00004187,14
10098.11666667,0.00004039,0.00005835,17
10099.34166667,0.00004118,0.00017972,-1
10100.00000000,0.00224615,0.00072266,1
10100.60000000,0.00095828,0.00027836,1
10101.20833333,0.00009663,0.00001480,3
10101.24166667,0.00005793,0.00002033,2
10101.41666667,0.02642773,0.00208310,5
10109.01666667,0.00170210,0.00011522,5
10110.00000000,0.00073671,0.00027144,2
10113.38333333,0.00004925,0.00001163,0
10118.82500000,0.00275180,0.00023808,5
10120.00000000,0.00013480,0.00005219,2
10125.00000000,0.00030167,0.00036257,13
10130.00000000,0.00081774,0.00021537,0
10138.51666667,0.00051560,0.00002808,9
10138.53333333,0.00053225,0.00002674,9
10138.90000000,0.00747414,0.00101472,3
10140.00000000,0.00004744,0.00002739,7
10145.88333333,0.00006953,0.00001817,0
10150.00000000,0.00142673,0.00188761,13
10155.15000000,0.00209233,0.00056575,1
10156.25000000,0.00042312,0.00016341,2
10160.00000000,0.00004564,0.00002701,7
10170.00000000,0.00101876,0.00029287,1
10175.00000000,0.00020918,0.00012295,7
10180.00000000,0.00025295,0.00018312,8
10190.00000000,0.00106333,0.00047753,4
10196.22500000,0.00007589,0.00002005,-1
10196.25833333,0.00005501,0.00001805,1
10198.96666667,0.00009480,0.00001344,3
10199.06666667,0.00034103,0.00001197,9
10199.10000000,0.00024835,0.00001166,9
10200.00000000,0.00130967,0.00065909,6
10208.99166667,0.00006184,0.00002156,2
10209.28333333,0.10961956,0.06855083,7
10209.49166667,0.00012597,0.00007368,7
10209.62500000,0.00004604,0.00001851,2
10210.00000000,0.00122658,0.00050246,20
10220.00000000,0.00014994,0.00018640,13
10225.00000000,0.00017761,0.00006953,2
10230.00000000,0.00141330,0.00051484,2
10234.36666667,0.00006157,0.00001833,1
10234.38333333,0.00006493,0.00001712,0
10239.98333333,0.00012699,0.00004707,2
10244.99166667,0.00006945,0.00002431,2
10250.00000000,0.00217095,0.00061423,1
10250.92500000,0.00091688,0.00003647,9
10260.00000000,0.00011485,0.00011718,24
10264.99166667,0.00006259,0.00003145,6
10270.00000000,0.00170139,0.00083369,6
10270.62500000,0.00007737,0.00001618,0
10270.63333333,0.00007724,0.00001628,0
10280.00000000,0.00006630,0.00011263,19
10283.96666667,0.00728074,0.00093437,3
10283.97500000,0.00729928,0.00091834,5
10284.99166667,0.00006987,0.00002440,2
10290.00000000,0.00188201,0.00085224,4
10300.00000000,0.00158140,0.00095757,7
10310.00000000,0.00198298,0.00088369,4
10313.00833333,0.00016122,0.00004975,1
10320.00000000,0.00018895,0.00013409,8
10325.00000000,0.00009599,0.00002686,1
10330.00000000,0.00206244,0.00098138,4
10336.17500000,0.00233553,0.00061588,0
10336.45833333,0.00008737,0.00001427,3
10336.48333333,0.00007765,0.00001353,3
10340.00000000,0.00023302,0.00013724,7
10345.00000000,0.00017474,0.00006204,2
10350.00000000,0.00249171,0.00100566,2
10351.56666667,0.00012361,0.00006637,6
10360.00000000,0.00029337,0.00011707,2
10365.00000000,0.00023381,0.00010931,4
10365.78333333,0.00054495,0.00019105,2
10370.00000000,0.00208775,0.00095093,4
10370.26666667,0.00009501,0.00001917,0
10370.29166667,0.00010613,0.00001851,3
10373.55833333,0.00105023,0.00001975,9
10373.58333333,0.00107289,0.00002324,9
10375.00000000,0.00012111,0.00002693,0
10380.00000000,0.00023045,0.00015772,8
10385.00000000,0.00029104,0.00011677,2
10390.00000000,0.00202046,0.00090830,4
10390.62500000,0.00004167,0.00002732,7
10394.00833333,0.00034276,0.00014447,4
10400.00000000,0.00161263,0.00091596,18
10405.00000000,0.00026336,0.00010817,20
10410.00000000,0.00172806,0.00078110,4
10420.00000000,0.00026779,0.00014320,6
10422.54166667,0.00005015,0.00001712,2
10425.00000000,0.00012633,0.00011950,11
10430.00000000,0.00146046,0.00073842,6
10440.00000000,0.00020153,0.00011834,7
10444.99166667,0.00007218,0.00003196,4
10450.00000000,0.00106961,0.00061019,18
10452.22500000,0.00011103,0.00001773,3
10460.00000000,0.00025616,0.00009294,2
10465.00000000,0.00008186,0.00004681,18
10470.00000000,0.00108658,0.00057489,6
10475.00000000,0.00025862,0.00005800,0
10480.00000000,0.00025850,0.00018350,8
10485.00000000,0.00012279,0.00006001,6
10490.00000000,0.00124791,0.00054729,4
10498.28333333,0.00020977,0.00009461,4
10500.00000000,0.00082902,0.00129047,17
10501.16666667,0.00004875,0.00001390,1
10501.34166667,0.01410891,0.00236876,3
10505.00000000,0.00018234,0.00007964,4
10510.00000000,0.00143296,0.00067283,4
10514.15000000,0.00031604,0.00006793,0
10520.00000000,0.00030781,0.00017311,6
10525.00000000,0.00016822,0.00030556,19
10530.00000000,0.00148331,0.00070623,4
10530.51666667,0.00004687,0.00001783,2
10540.00000000,0.00017259,0.00011509,15
10545.00000000,0.00015121,0.00008234,6
10546.87500000,0.00004306,0.00001742,2
10550.00000000,0.00230129,0.00043415,12
10558.65833333,0.00013940,0.00001586,5
10558.67500000,0.00013562,0.00001630,5
10560.00000000,0.00022058,0.00012419,6
10564.99166667,0.00012336,0.00004332,2
10567.33333333,0.00011744,0.00001413,5
10570.00000000,0.00169618,0.00074482,4
10575.98333333,0.00023024,0.00009046,2
10576.52500000,0.00016342,0.00002131,3
10576.55833333,0.00016406,0.00001375,5
10580.00000000,0.00029026,0.00011298,2
10585.00000000,0.00013698,0.00006839,6
10590.00000000,0.00144459,0.00070013,22
10598.71666667,0.00003980,0.00001158,1
10600.00000000,0.00041417,0.00018171,4
10605.00000000,0.00010406,0.00005682,6
10610.00000000,0.00142068,0.00067158,4
10614.60833333,0.00512189,0.00131929,0
10616.23333333,0.00017160,0.00001808,5
10620.00000000,0.00020129,0.00013655,8
10625.00000000,0.00039184,0.00034882,11
10628.09166667,0.00046745,0.00015992,2
10630.00000000,0.00136835,0.00063458,4
10634.64166667,0.00009408,0.00002792,1
10635.62500000,0.00018594,0.00003168,3
10635.64166667,0.00018004,0.00003265,3
10637.18333333,0.00012588,0.00001587,5
10639.68333333,0.00021446,0.00013426,7
10640.00000000,0.00024587,0.00007708,1
10644.64166667,0.01357355,0.00136718,5
10644.99166667,0.00011104,0.00003516,1
10650.00000000,0.00084139,0.00097308,14
10660.00000000,0.00012758,0.00007989,7
10662.05000000,0.00014634,0.00013906,11
10664.99166667,0.00013833,0.00005610,2
10670.00000000,0.00129468,0.00064707,6
10675.00000000,0.00017472,0.00006655,2
10680.00000000,0.00018928,0.00009943,6
10683.95833333,0.00006426,0.00003286,6
10683.99166667,0.00007661,0.00003291,4
10684.03333333,0.00008834,0.00003852,4
10685.00000000,0.00017131,0.00006852,2
10690.00000000,0.00132335,0.00065031,6
10691.35833333,0.00820207,0.00288739,2
10697.29166667,0.00717586,0.00327893,4
10698.08333333,0.00054816,0.00008963,3
10699.90000000,0.00031289,0.00016981,6
10700.00000000,0.00115267,0.00089814,10
10700.95833333,0.00005481,0.00002048,2
10700.98333333,0.00004949,0.00002371,4
10705.00000000,0.00017632,0.00006896,2
10707.70833333,0.00007705,0.00002477,1
10710.00000000,0.00125828,0.00059141,4
10711.86666667,0.00016523,0.00001990,5
10711.88333333,0.00016069,0.00002040,3
10712.90833333,0.00012721,0.00002621,0
10720.00000000,0.00014997,0.00008817,7
10725.00000000,0.00017940,0.00011352,7
10730.00000000,0.00091130,0.00055322,7
10740.00833333,0.00015035,0.00005567,2
10742.19166667,0.00008534,0.00002478,1
10744.37500000,0.00036935,0.00029037,10
10745.00000000,0.00014558,0.00005669,2
10750.00000000,0.00062749,0.00061147,11
10760.00000000,0.00014139,0.00008124,18
10765.00000000,0.00010324,0.00004950,4
10769.25833333,0.00161556,0.00006623,9
10770.00000000,0.00072403,0.00043211,7
10773.35000000,0.00125412,0.00015170,5
10773.55000000,0.01578188,0.00155317,5
10775.00000000,0.00011921,0.00003106,0
10780.00000000,0.00020442,0.00007172,2
10782.50833333,0.00750525,0.00086248,5
10790.00000000,0.00071071,0.00035766,6
10794.66666667,0.00005397,0.00001436,1
10794.67500000,0.00005450,0.00001425,0
10795.80833333,0.00010314,0.00001808,3
10795.83333333,0.00009300,0.00002301,0
10800.00000000,0.00180899,0.00142227,10
10802.90833333,0.00003976,0.00004712,13
10806.96666667,0.00008716,0.00003352,2
10806.98333333,0.00008412,0.00003443,20
10810.00000000,0.00068443,0.00035325,6
10820.00000000,0.00020374,0.00011592,18
10825.00000000,0.00013161,0.00007371,6
10830.00000000,0.00076552,0.00038643,6
10836.82500000,0.00035043,0.00006846,12
10840.00000000,0.00013885,0.00006910,6
10844.99166667,0.00006333,0.00002763,4
10850.00000000,0.00022790,0.00087724,26
10860.00000000,0.00014766,0.00006506,4
10863.50000000,0.00004585,0.00001156,0
10865.00833333,0.00007023,0.00003014,4
10870.00000000,0.00112984,0.00054545,4
10870.08333333,0.00025215,0.00013285,6
10874.99166667,0.00029497,0.00018365,7
10880.00000000,0.00007986,0.00008251,14
10883.70833333,0.00003574,0.00002983,10
10884.15833333,0.00004818,0.00003362,8
10884.60833333,0.00005943,0.00001908,1
10884.63333333,0.00005112,0.00002363,4
10884.99166667,0.00007482,0.00003084,4
10890.00000000,0.00128095,0.00071346,6
10900.00000000,0.00099023,0.00035605,2
10904.52500000,0.00003727,0.00008784,23
10905.00833333,0.00003506,0.00003675,14
10906.53333333,0.00004167,0.00002175,6
10910.00000000,0.00131421,0.00074207,6
10925.00000000,0.00016709,0.00002185,3
10930.00000000,0.00144222,0.00080582,6
10937.50000000,0.00060267,0.00021138,2
10940.00000000,0.00013393,0.00008961,15
10945.00833333,0.00005359,0.00002264,4
10950.00000000,0.00170290,0.00043760,0
10960.00000000,0.00009326,0.00012137,13
10970.00000000,0.00139839,0.00073841,6
10975.00000000,0.00039953,0.00011093,1
10980.00000000,0.00022126,0.00007569,2
10985.00000000,0.00006367,0.00003324,6
10990.00000000,0.00127123,0.00065488,6
10991.55000000,0.00032643,0.00002591,5
11000.00000000,0.00157501,0.00114201,8
11010.00000000,0.00114670,0.00059814,6
11011.27500000,0.00007373,0.00001181,3
11011.82500000,0.00010313,0.00001490,3
11012.85833333,0.00015124,0.00002397,3
11017.55833333,0.00008857,0.00002847,1
11020.00000000,0.00015176,0.00017418,14
11025.53333333,0.00010645,0.00001474,3
11030.00000000,0.00115654,0.00051774,4
11039.99166667,0.00017869,0.00015317,10
11044.99166667,0.00006057,0.00002729,4
11050.00000000,0.00115640,0.00044163,2
11060.00000000,0.00025603,0.00012919,6
11063.40000000,0.00010939,0.00037155,26
11063.46666667,0.00014555,0.00040433,23
11063.55000000,0.00004466,0.00088443,-1
11065.00000000,0.00004506,0.00002962,7
11070.00000000,0.00086960,0.00050106,18
11073.15833333,0.00009869,0.00004820,6
11073.19166667,0.00010942,0.00004065,2
11075.00000000,0.00017673,0.00005849,16
11078.53333333,0.00067428,0.00026217,2
11079.16666667,0.01109449,0.00270440,0
11079.95833333,0.00010105,0.00006130,7
11079.99166667,0.00014573,0.00008604,7
11080.34166667,0.01419509,0.00161148,5
11080.96666667,0.00100950,0.00005800,9
11080.97500000,0.00100830,0.00005768,9
11084.99166667,0.00005813,0.00003003,6
11090.00000000,0.00083156,0.00044562,6
11090.28333333,0.00073313,0.00004306,9
11092.49166667,0.00154197,0.00041345,1
11100.00000000,0.00017843,0.00011091,7
11105.00000000,0.00005130,0.00002138,4
11110.00000000,0.00089805,0.00050524,6
11120.00000000,0.00023541,0.00007729,1
11130.00000000,0.00098808,0.00055950,18
11130.62500000,0.00022768,0.00002529,5
11132.80833333,0.00004024,0.00003356,10
11140.00000000,0.00013838,0.00008908,7
11144.99166667,0.00006550,0.00002043,1
11150.00000000,0.00087014,0.00069256,10
11158.36666667,0.00011884,0.00008453,8
11158.37500000,0.00011741,0.00008480,8
11160.00000000,0.00019884,0.00008431,4
11170.00000000,0.00073220,0.00040786,6
11172.02500000,0.00006977,0.00003060,4
11174.99166667,0.00021980,0.00005540,0
11175.11666667,0.00022067,0.00002415,5
11176.90833333,0.00029454,0.00003917,3
11177.70833333,0.00163915,0.00114221,8
11180.00000000,0.00018623,0.00011050,7
11183.63333333,0.00008716,0.00002635,1
11190.00000000,0.00065905,0.00034867,6
11190.95000000,0.00004945,0.00001696,2
11200.00000000,0.00037440,0.00022101,7
11206.39166667,0.00009548,0.00005530,7
11210.00000000,0.00068274,0.00037886,6
11220.00000000,0.00019605,0.00007975,20
11225.00000000,0.00005561,0.00011634,21
11225.04166667,0.00007572,0.00009282,13
11230.00000000,0.00079286,0.00043552,6
11230.35833333,0.00005436,0.00001424,0
11232.65833333,0.00019312,0.00002634,3
11232.76666667,0.00008654,0.00002207,0
11232.77500000,0.00008519,0.00002223,0
11239.36666667,0.00061581,0.00003107,9
11239.37500000,0.00062344,0.00002994,9
11239.47500000,0.00029538,0.00002650,5
11240.00000000,0.00018430,0.00010565,18
11241.06666667,0.00005854,0.00002320,2
11241.07500000,0.00005961,0.00002312,2
11250.00000000,0.00101859,0.00053578,6
11260.00000000,0.00020166,0.00009467,4
11260.39166667,0.00065887,0.00004025,9
11264.93333333,0.00005140,0.00001866,2
11270.00000000,0.00120920,0.00063339,6
11275.00000000,0.00012677,0.00013957,14
11280.00000000,0.00027413,0.00015720,18
11285.00000000,0.00005409,0.00003186,7
11287.16666667,0.00004046,0.00003563,-1
11287.20833333,0.00006121,0.00003807,7
11290.00000000,0.00150995,0.00080382,6
11290.11666667,0.00003676,0.00006257,19
11291.61666667,0.00017146,0.00012470,8
11291.64166667,0.00017957,0.00011301,7
11299.01666667,0.00019901,0.00025649,13
11300.00000000,0.00032785,0.00020276,7
11305.00000000,0.00007173,0.00004326,7
11306.95000000,0.00004069,0.00001805,4
11307.03333333,0.00003312,0.00001597,4
11310.00000000,0.00159568,0.00083788,6
11318.77500000,0.00343511,0.00186793,6
11320.00000000,0.00032179,0.00016186,6
11325.00000000,0.00005583,0.00007403,13
11328.12500000,0.00026948,0.00012445,4
11328.15000000,0.00028503,0.00011547,2
11328.25000000,0.00012450,0.00002524,0
11330.00000000,0.00171470,0.00091758,6
11340.00000000,0.00037544,0.00019583,6
11344.48333333,0.00018561,0.00003594,12
11345.00000000,0.00003296,0.00003375,24
11347.08333333,0.00005016,0.00001418,1
11347.14166667,0.00005498,0.00001635,1
11350.00000000,0.00217984,0.00095806,4
11352.90833333,0.00007750,0.00005637,8
11352.99166667,0.00003666,0.00010558,-1
11353.52500000,0.00006066,0.00001232,0
11360.00000000,0.00038415,0.00021480,6
11365.00833333,0.00003798,0.00002021,6
11370.00000000,0.00216848,0.00112409,6
11374.28333333,0.00004780,0.00002379,6
11375.00000000,0.00010919,0.00013307,13
11376.72500000,0.00007388,0.00001643,0
11376.73333333,0.00007384,0.00001582,0
11380.00000000,0.00040761,0.00021210,6
11385.01666667,0.00003520,0.00002319,7
11390.00000000,0.00226422,0.00114810,6
11395.67500000,0.00011090,0.00004862,4
11395.80000000,0.00013977,0.00002695,12
11400.00000000,0.00024022,0.00023407,11
11406.25000000,0.00008076,0.00004461,6
11410.00000000,0.00231419,0.00116325,6
11418.70833333,0.00029741,0.00033214,14
11418.78333333,0.00015931,0.00024575,17
11420.00000000,0.00036340,0.00023809,7
11425.00000000,0.00013785,0.00010358,8
11428.75000000,0.00051229,0.00007539,3
11430.00000000,0.00259896,0.00132339,6
11430.30000000,0.00103471,0.00030729,1
11430.36666667,0.00077086,0.00018873,0
11435.55833333,0.00003285,0.00001527,4
11438.10000000,0.00009385,0.00005928,7
11440.00000000,0.00051343,0.00016469,1
11450.00000000,0.00337665,0.00168097,6
11452.45833333,0.01032380,0.00205008,12
11452.58333333,0.00617752,0.00101728,3
11455.25833333,0.00231307,0.00034540,3
11458.16666667,0.00012962,0.00046822,26
11458.19166667,0.00009695,0.00049860,25
11458.27500000,0.00005701,0.00026503,-1
11460.00000000,0.00046346,0.00033469,8
11468.24166667,0.00057275,0.00011226,12
11470.00000000,0.00387648,0.00192487,6
11475.00000000,0.00016818,0.00002645,3
11480.00000000,0.00051498,0.00019309,2
11480.97500000,0.00010148,0.00001773,3
11484.37500000,0.00013937,0.00008643,7
11488.94166667,0.00016573,0.00003767,0
11490.00000000,0.00398714,0.00194248,22
11497.35833333,0.00021064,0.00002773,3
11497.38333333,0.00018163,0.00003337,3
11497.46666667,0.00013255,0.00002095,3
11499.12500000,0.00013422,0.00012915,11
11499.13333333,0.00013693,0.00012865,11
11500.00000000,0.00036211,0.00018746,6
11510.00000000,0.00382311,0.00185014,4
11520.00000000,0.00040803,0.00016384,2
11520.77500000,0.00005281,0.00001603,1
11523.44166667,0.00035769,0.00012002,16
11524.98333333,0.00010449,0.00007344,8
11525.06666667,0.00036715,0.00017759,4
11525.10000000,0.00044195,0.00016235,2
11530.00000000,0.00346731,0.00164019,4
11537.60000000,0.00018744,0.00005611,1
11538.08333333,0.00073509,0.00019722,1
11538.82500000,0.00063199,0.00008468,3
11538.83333333,0.00062512,0.00008591,3
11540.00000000,0.00032680,0.00019153,7
11540.50000000,0.00038558,0.00005442,3
11540.55833333,0.00031951,0.00006360,12
11540.59166667,0.00040244,0.00005956,3
11543.25000000,0.00031111,0.00010308,16
11550.00000000,0.00279082,0.00142014,6
11560.00000000,0.00035301,0.00010079,1
11564.22500000,0.00007193,0.00001784,0
11564.23333333,0.00007245,0.00001715,0
11570.00000000,0.00253252,0.00114180,4
11575.00000000,0.00010487,0.00001748,3
11580.00000000,0.00024971,0.00014870,7
11590.00000000,0.00228578,0.00106418,4
11592.53333333,0.00033448,0.00003256,5
11592.57500000,0.00013605,0.00004846,2
11592.64166667,0.00018541,0.00004555,0
11593.42500000,0.00356278,0.00089939,0
11593.45833333,0.00374190,0.00082946,0
11595.90833333,0.00287650,0.00038041,3
11595.95833333,0.00295057,0.00030910,5
11600.00000000,0.00045300,0.00022995,6
11604.36666667,0.00045083,0.00009745,0
11604.37500000,0.00045545,0.00009704,0
11610.00000000,0.00218026,0.00097208,4
11620.00000000,0.00030712,0.00011290,2
11621.09166667,0.00003486,0.00002281,7
11625.00000000,0.00015362,0.00013686,11
11630.00000000,0.00192960,0.00086301,4
11632.66666667,0.00159069,0.00036689,0
11632.68333333,0.00163082,0.00034692,0
11640.00000000,0.00014718,0.00010642,8
11640.62500000,0.00007387,0.00003189,4
11640.63333333,0.00007407,0.00003153,4
11644.42500000,0.00052037,0.00013644,0
11644.43333333,0.00052080,0.00013402,0
11645.43333333,0.00019428,0.00001974,5
11645.47500000,0.00018770,0.00002273,5
11650.00000000,0.00141362,0.00065077,4
11660.00000000,0.00016751,0.00009277,6
11665.72500000,0.00031930,0.00013634,4
11670.00000000,0.00115139,0.00055103,4
11671.15000000,0.00180800,0.00042561,0
11675.00000000,0.00012429,0.00006390,6
11677.62500000,0.00031947,0.00004962,3
11677.63333333,0.00032116,0.00004869,3
11680.00000000,0.00012403,0.00004446,2
11681.10833333,0.00003886,0.00001240,1
11685.01666667,0.00004107,0.00001226,1
11690.00000000,0.00101429,0.00043783,4
11700.00000000,0.00034695,0.00023028,15
11702.92500000,0.00006248,0.00002386,2
11702.93333333,0.00006176,0.00002378,2
11710.00000000,0.00101094,0.00043566,4
11718.75000000,0.00087572,0.00042801,6
11720.00000000,0.00017877,0.00013039,8
11725.00000000,0.00016375,0.00003730,0
11728.40833333,0.00003981,0.00001182,1
11729.10833333,0.00032656,0.00010259,1
11729.76666667,0.00081231,0.00017383,0
11729.77500000,0.00082448,0.00016842,0
11729.85833333,0.00047819,0.00012524,0
11730.00000000,0.00099519,0.00048606,6
11740.00000000,0.00027484,0.00010016,2
11750.00000000,0.00123001,0.00045928,2
11760.00000000,0.00021489,0.00010573,6
11761.68333333,0.00012057,0.00013056,14
11767.50833333,0.00253413,0.00121596,4
11767.53333333,0.00265460,0.00111563,4
11770.00000000,0.00121041,0.00055778,4
11770.22500000,0.00072028,0.00081987,14
11770.23333333,0.00073227,0.00081794,14
11775.00000000,0.00003626,0.00004201,14
11778.10000000,0.00008121,0.00002950,2
11779.62500000,0.00004923,0.00001692,2
11780.00000000,0.00008831,0.00004262,4
11780.91666667,0.00072972,0.00028188,2
11788.10833333,0.00003995,0.00001475,2
11788.14166667,0.00003990,0.00002015,6
11788.26666667,0.00018637,0.00005442,1
11788.27500000,0.00018811,0.00005377,1
11790.00000000,0.00115328,0.00048989,4
11794.15833333,0.00009097,0.00004314,4
11800.00000000,0.00050152,0.00019777,2
11810.00000000,0.00131293,0.00053891,20
11810.64166667,0.00289563,0.00055457,12
11810.72500000,0.00173101,0.00043706,0
11816.40000000,0.00007946,0.00003046,2
11820.00000000,0.00012267,0.00003729,1
11825.00000000,0.00026259,0.00008293,1
11825.65833333,0.00009657,0.00001216,5
11830.00000000,0.00156220,0.00066110,4
11830.86666667,0.00055851,0.00004619,5
11830.87500000,0.00056540,0.00004655,5
11839.70833333,0.00055059,0.00009376,3
11840.00000000,0.00020796,0.00010653,6
11842.78333333,0.00021753,0.00002515,5
11850.00000000,0.00161252,0.00077286,4
11850.08333333,0.00164039,0.00020834,3
11850.20000000,0.00137405,0.00004494,9
11860.00000000,0.00030829,0.00007848,0
11865.25833333,0.00010827,0.00003389,1
11868.60000000,0.00032401,0.00008414,0
11868.63333333,0.00036193,0.00008001,0
11870.00000000,0.00202285,0.00079466,2
11875.00000000,0.00039143,0.00014408,2
11880.00000000,0.00028669,0.00014786,6
11889.56666667,0.00094986,0.00054029,18
11890.00000000,0.00254359,0.00103128,2
11892.21666667,0.00046351,0.00025444,6
11892.41666667,0.00007206,0.00001495,0
11894.45833333,0.00467290,0.00106500,0
11894.48333333,0.00476837,0.00099658,0
11894.81666667,0.00003709,0.00001821,6
11894.83333333,0.00004110,0.00001742,4
11896.79166667,0.00006079,0.00004990,10
11900.00000000,0.00093457,0.00029426,1
11910.00000000,0.00317656,0.00126518,2
11911.10000000,0.00006306,0.00003501,6
11912.55000000,0.00005595,0.00003797,8
11914.06666667,0.00083752,0.00037510,4
11920.00000000,0.00049777,0.00019003,2
11923.62500000,0.00427152,0.00048877,5
11930.00000000,0.00291437,0.00111688,2
11931.92500000,0.00684988,0.00076017,5
11940.00000000,0.00036697,0.00012795,2
11944.50833333,0.00009905,0.00001607,3
11944.55000000,0.00004379,0.00001539,2
11946.67500000,0.00025619,0.00008432,1
11950.00000000,0.00250833,0.00101580,2
11957.72500000,0.00038931,0.00009932,0
11957.75833333,0.00043345,0.00009342,0
11960.00000000,0.00027285,0.00010966,2
11962.89166667,0.00007546,0.00003350,4
11970.00000000,0.00252179,0.00097761,2
11975.02500000,0.00035034,0.00006223,3
11980.00000000,0.00034528,0.00012597,2
11981.69166667,0.00006825,0.00001597,0
11985.00833333,0.00004858,0.00002625,6
11990.00000000,0.00246408,0.00096540,2
11999.85000000,0.00043663,0.00044479,24
12000.00000000,0.13029484,0.11799848,11
12000.22500000,0.00003500,0.00003024,10
12006.24166667,0.00181597,0.00011945,5
12006.33333333,0.00239264,0.00006852,9
12010.00000000,0.00219188,0.00084320,2
12011.72500000,0.00009523,0.00003547,2
12011.99166667,0.00006445,0.00003149,6
12017.94166667,0.00063870,0.00007382,5
12018.05833333,0.00052341,0.00002425,9
12019.89166667,0.00014301,0.00001464,5
12020.00000000,0.00028643,0.00010487,2
12025.00000000,0.00020393,0.00001732,5
12030.00000000,0.00201403,0.00074735,2
12033.72500000,0.00049555,0.00007864,3
12033.74166667,0.00044862,0.00008267,3
12033.83333333,0.00050684,0.00003697,5
12040.00000000,0.00031001,0.00012336,2
12041.34166667,0.00003438,0.00001239,2
12045.00000000,0.00005460,0.00003251,7
12050.00000000,0.00293147,0.00117090,2
12059.39166667,0.00005694,0.00006325,14
12060.00000000,0.00027845,0.00006418,0
12060.53333333,0.00005725,0.00001554,1
12070.00000000,0.00322038,0.00112607,2
12075.00000000,0.00019980,0.00006625,16
12080.00000000,0.00015189,0.00004329,1
12081.79166667,0.00003361,0.00002936,10
12085.36666667,0.00010096,0.00001949,12
12085.37500000,0.00010417,0.00001942,3
12090.00000000,0.00212471,0.00080824,2
12100.00000000,0.00038942,0.00017132,4
12109.37500000,0.00052669,0.00027348,6
12110.00000000,0.00111905,0.00041128,2
12120.00000000,0.00023622,0.00008185,2
12125.00000000,0.00019434,0.00020450,14
12125.66666667,0.00006868,0.00001252,3
12128.69166667,0.00018584,0.00001772,5
12129.37500000,0.00053590,0.00003663,5
12130.00000000,0.00138094,0.00049744,2
12140.00000000,0.00028637,0.00010625,2
12150.00000000,0.00188068,0.00068414,2
12158.20833333,0.00011620,0.00004015,2
12170.00000000,0.00121523,0.00041126,2
12175.00000000,0.00004907,0.00002535,6
12180.00000000,0.00013291,0.00005088,2
12183.93333333,0.00005387,0.00001738,1
12185.67500000,0.00086752,0.00014491,3
12185.79166667,0.00093963,0.00010750,5
12185.89166667,0.00044813,0.00010385,0
12190.00000000,0.00065298,0.00020640,1
12200.00000000,0.00025364,0.00005944,0
12207.03333333,0.00018576,0.00005752,1
12210.00000000,0.00118957,0.00041208,2
12216.37500000,0.00005908,0.00001875,1
12220.00000000,0.00019544,0.00007407,2
12220.25833333,0.00010361,0.00001449,3
12220.27500000,0.00010124,0.00001472,3
12224.12500000,0.00727699,0.00089172,5
12225.00000000,0.00010618,0.00004910,4
12230.00000000,0.00188424,0.00065000,2
12236.60833333,0.00009824,0.00002468,0
12236.65833333,0.00012367,0.00002210,3
12237.50833333,0.00028775,0.00007319,0
12239.57500000,0.00039804,0.00006604,3
12240.00000000,0.00022197,0.00007603,2
12250.00000000,0.00211945,0.00067009,1
12255.85000000,0.00012594,0.00003786,1
12258.91666667,0.00006145,0.00001414,0
12260.00000000,0.00016203,0.00006728,4
12264.16666667,0.00034595,0.00005316,3
12264.18333333,0.00033683,0.00005496,3
12264.42500000,0.00503033,0.00099457,12
12264.63333333,0.00004231,0.00001529,2
12264.80000000,0.00564342,0.00102902,3
12265.04166667,0.00033519,0.00006674,12
12267.01666667,0.00007479,0.00004359,7
12267.04166667,0.00008327,0.00004039,22
12270.00000000,0.00081678,0.00028273,2
12275.00000000,0.00017750,0.00004251,0
12276.15833333,0.00008082,0.00003633,4
12276.17500000,0.00008208,0.00003356,20
12280.00000000,0.00011974,0.00003549,1
12290.00000000,0.00158832,0.00051767,1
12300.00000000,0.00025710,0.00006946,1
12304.68333333,0.00052712,0.00019747,2
12306.60833333,0.00016038,0.00006353,2
12308.15000000,0.00009243,0.00004115,4
12310.00000000,0.00133755,0.00043512,1
12320.00000000,0.00013402,0.00004166,1
12325.00000000,0.00017860,0.00009939,6
12330.00000000,0.00025441,0.00007212,1
12332.10833333,0.00013004,0.00001741,3
12334.15000000,0.00004703,0.00001226,0
12340.00000000,0.00016877,0.00005925,2
12343.76666667,0.00015592,0.00003993,0
12344.99166667,0.00008360,0.00001239,3
12350.00000000,0.00094583,0.00027085,1
12352.71666667,0.00071324,0.00032525,4
12353.49166667,0.00035713,0.00007397,0
12360.00000000,0.00004693,0.00002625,6
12365.00000000,0.00006863,0.00002005,1
12366.72500000,0.00011995,0.00001694,3
12366.76666667,0.00011203,0.00001832,3
12366.77500000,0.00010799,0.00001842,3
12370.00000000,0.00063388,0.00020379,1
12370.74166667,0.00014334,0.00001417,5
12375.00000000,0.00007035,0.00017034,23
12379.78333333,0.00008431,0.00001193,3
12380.00000000,0.00006163,0.00001644,1
12384.80000000,0.00004256,0.00002363,6
12385.00833333,0.00005799,0.00001480,0
12386.08333333,0.00057462,0.00008014,3
12390.00000000,0.00123175,0.00039646,1
12391.35000000,0.00005940,0.00003251,6
12391.38333333,0.00007088,0.00003195,4
12400.00000000,0.00008148,0.00017209,21
12402.33333333,0.00008570,0.00002495,1
12405.31666667,0.00006606,0.00001547,0
12410.00000000,0.00033084,0.00010479,1
12414.76666667,0.00021712,0.00003586,3
12414.78333333,0.00021013,0.00003690,3
12417.26666667,0.00100721,0.00039896,2
12417.27500000,0.00100048,0.00040298,2
12420.00833333,0.00004885,0.00001533,1
12425.00000000,0.00034976,0.00011954,2
12430.00000000,0.00073597,0.00023018,1
12433.33333333,0.00032444,0.00010795,16
12439.99166667,0.00005275,0.00002306,4
12450.00000000,0.00028771,0.00003824,3
12461.86666667,0.00026496,0.00002919,5
12461.90000000,0.00027917,0.00002698,5
12470.00000000,0.00010920,0.00004186,2
12470.38333333,0.00065666,0.00011432,3
12475.00000000,0.00010886,0.00002320,0
12479.74166667,0.00015035,0.00003811,0
12479.85000000,0.00007679,0.00001196,3
12479.99166667,0.00004364,0.00001275,1
12480.37500000,0.00006399,0.00001528,0
12480.66666667,0.09566118,0.03536741,2
12480.68333333,0.09706938,0.03408920,2
12480.87500000,0.00018732,0.00005297,1
12480.96666667,0.00003520,0.00001545,4
12482.42500000,0.00182342,0.00083381,4
12482.44166667,0.00185120,0.00081782,4
12488.32500000,0.00014463,0.00008933,7
12488.33333333,0.00014183,0.00008994,7
12488.40000000,0.00014847,0.00006862,4
12490.00833333,0.00004020,0.00001376,2
12496.84166667,0.00027070,0.00007199,1
12498.45000000,0.00005532,0.00001241,0
12498.96666667,0.00004477,0.00001162,0
12499.06666667,0.00004279,0.00001293,1
12499.15833333,0.00007231,0.00001523,0
12499.25833333,0.00005689,0.00001500,0
12499.30833333,0.00006274,0.00001508,0
12499.35833333,0.00006954,0.00001515,0
12499.40833333,0.00005858,0.00001607,1
12499.45833333,0.00009712,0.00002182,0
12499.50833333,0.00008390,0.00001913,0
12499.55000000,0.00008661,0.00002453,1
12499.60000000,0.00014377,0.00003026,0
12499.65000000,0.00011660,0.00002883,0
12499.69166667,0.00017457,0.00004075,0
12499.73333333,0.00021710,0.00005427,0
12499.80833333,0.00040691,0.00009793,0
12499.84166667,0.00063279,0.00015465,0
12500.00000000,1.38755648,0.33865487,0
12500.15833333,0.00060405,0.00014921,0
12500.19166667,0.00039712,0.00009785,0
12500.26666667,0.00021459,0.00005340,0
12500.30833333,0.00016602,0.00004037,0
12500.35833333,0.00013686,0.00003223,0
12500.40000000,0.00011738,0.00002327,12
12500.45000000,0.00009602,0.00003262,2
12500.49166667,0.00009464,0.00001291,3
12500.54166667,0.00008373,0.00002436,1
12500.59166667,0.00006782,0.00001189,3
12500.64166667,0.00007234,0.00001898,0
12500.69166667,0.00006299,0.00001554,0
12500.83333333,0.00007137,0.00001301,3
12501.58333333,0.00004099,0.00001398,2
12501.67500000,0.00003433,0.00001470,4
12502.78333333,0.00005807,0.00001243,0
12510.00000000,0.00013248,0.00003637,1
12519.31666667,0.00048442,0.00010853,0
12519.33333333,0.00046744,0.00011300,0
12525.00833333,0.00014891,0.00001176,5
12530.00000000,0.00028820,0.00008435,1
12548.61666667,0.00127985,0.00058701,4
12550.00000000,0.00037005,0.00014834,2
12554.65833333,0.00021800,0.00008128,2
12554.67500000,0.00020788,0.00008411,2
12554.74166667,0.00018434,0.00006317,2
12563.43333333,0.00017739,0.00004992,1
12566.66666667,0.00022625,0.00007696,2
12570.00000000,0.00039590,0.00012102,1
12575.00000000,0.00021683,0.00013182,7
12585.22500000,0.00019589,0.00003179,3
12590.00000000,0.00038297,0.00010648,1
12594.66666667,0.00028291,0.00009599,2
12594.67500000,0.00028314,0.00009593,2
12597.65833333,0.00010612,0.00003494,1
12599.99166667,0.00017537,0.00008859,6
12608.62500000,0.00005253,0.00001920,2
12608.63333333,0.00005177,0.00002133,4
12608.95000000,0.00203714,0.00026910,3
12609.01666667,0.00205333,0.00027187,3
12610.00000000,0.00090560,0.00026827,1
12613.61666667,0.00007469,0.00001193,3
12613.73333333,0.00061787,0.00019735,1
12613.91666667,0.12912000,0.03272567,0
12614.12500000,0.00020611,0.00005542,1
12615.19166667,0.00003949,0.00002020,6
12617.15833333,0.00093701,0.00002316,9
12617.26666667,0.00070084,0.00005266,5
12618.48333333,0.00012409,0.00002829,0
12618.60833333,0.00005849,0.00001193,0
12620.05000000,0.00012593,0.00003296,0
12620.20000000,0.01912981,0.00496992,0
12620.28333333,0.01535604,0.00386441,0
12620.45833333,0.00004153,0.00001430,2
12620.53333333,0.00007481,0.00003365,4
12620.64166667,0.00327953,0.00035483,5
12620.67500000,0.00238090,0.00021832,5
12620.75833333,0.00150264,0.00038391,0
12620.87500000,0.00010640,0.00002345,0
12624.62500000,0.00083302,0.00023334,1
12625.00000000,0.00003464,0.00003018,10
12626.69166667,0.00012766,0.00001566,5
12629.23333333,0.02603605,0.00833310,1
12629.30833333,0.02151316,0.00696179,1
12630.00000000,0.00068188,0.00019178,1
12633.22500000,0.00012446,0.00002118,3
12633.23333333,0.00012384,0.00002133,3
12636.74166667,0.00013355,0.00003338,0
12636.85000000,0.00005263,0.00001232,0
12646.43333333,0.00011904,0.00003750,1
12646.52500000,0.00025761,0.00005999,0
12646.53333333,0.00026441,0.00005945,0
12650.00000000,0.00032791,0.00008798,1
12656.25000000,0.00021033,0.00005381,0
12660.00000000,0.00017556,0.00004853,1
12670.00000000,0.00152476,0.00042562,1
12675.00000000,0.00014653,0.00008365,18
12680.00000000,0.00011605,0.00003939,2
12690.00000000,0.00183263,0.00050899,1
12692.80833333,0.00093405,0.00022966,0
12695.31666667,0.00009871,0.00005885,7
12700.00000000,0.00014091,0.00019168,27
12710.00000000,0.00180843,0.00050919,1
12718.10833333,0.00005829,0.00001705,1
12720.00000000,0.00013846,0.00003324,0
12723.85000000,0.00005013,0.00001297,0
12723.88333333,0.00004046,0.00001489,2
12725.00000000,0.00032669,0.00001938,9
12730.00000000,0.00091954,0.00025664,1
12733.30833333,0.00008974,0.00001791,12
12733.33333333,0.00007745,0.00001623,0
12734.38333333,0.00007104,0.00001552,0
12740.00000000,0.00004509,0.00001359,1
12741.82500000,0.00057705,0.00005879,5
12741.85000000,0.00063780,0.00005557,5
12742.01666667,0.00035677,0.00002543,5
12743.32500000,0.00026531,0.00002206,5
12743.33333333,0.00026547,0.00002277,5
12743.50833333,0.00116580,0.00010131,5
12744.15000000,0.00011105,0.00004485,2
12750.00000000,0.00210331,0.00052411,0
12751.15000000,0.00094598,0.00015634,3
12754.55833333,0.00034358,0.00011507,16
12760.01666667,0.00030654,0.00006620,0
12760.23333333,0.00073041,0.00016235,0
12760.40000000,0.09495057,0.02204515,0
12760.43333333,0.10268921,0.02043961,12
12760.62500000,0.00019673,0.00003819,12
12770.00000000,0.00209431,0.00057578,1
12772.54166667,0.00010348,0.00003318,1
12775.00000000,0.00015096,0.00001749,5
12779.74166667,0.00009038,0.00001981,0
12780.00000000,0.00029968,0.00009073,1
12790.00000000,0.00130245,0.00033025,0
12792.96666667,0.00026925,0.00010107,2
12792.97500000,0.00026834,0.00009880,2
12800.00000000,0.00027803,0.00004741,3
12810.00000000,0.00089574,0.00022543,0
12812.75000000,0.00019304,0.00005005,0
12812.77500000,0.00020576,0.00004253,0
12814.22500000,0.00021941,0.00004321,12
12814.30000000,0.00008344,0.00004058,22
12814.33333333,0.00010359,0.00004627,4
12820.00000000,0.00019948,0.00005381,1
12822.26666667,0.00007434,0.00001501,0
12822.28333333,0.00006539,0.00001570,0
12830.00000000,0.00106041,0.00027550,0
12840.00833333,0.00003944,0.00001159,1
12841.28333333,0.00042414,0.00006100,3
12841.79166667,0.00010921,0.00006677,7
12850.00000000,0.00151989,0.00040874,1
12859.99166667,0.00023168,0.00006377,1
12870.00000000,0.00156908,0.00040682,0
12870.61666667,0.00006715,0.00002347,2
12870.64166667,0.00005758,0.00002674,4
12875.00000000,0.00012802,0.00009555,8
12880.00000000,0.00028893,0.00006111,0
12890.00000000,0.00159314,0.00041982,0
12890.62500000,0.00031919,0.00001870,9
12890.65000000,0.00028306,0.00002099,5
12900.00000000,0.00043258,0.00016230,2
12910.00000000,0.00262040,0.00067423,0
12920.00000000,0.00010842,0.00005035,4
12925.00000000,0.00031731,0.00005377,3
12930.00000000,0.00364008,0.00088849,0
12930.95000000,0.00158328,0.00064076,2
12930.98333333,0.00126174,0.00062291,6
12931.05000000,0.00117325,0.00048496,4
12939.44166667,0.00015233,0.00004826,1
12940.00833333,0.00033376,0.00006041,3
12944.66666667,0.00133698,0.00040104,1
12944.68333333,0.00136589,0.00038650,1
12950.00000000,0.00290285,0.00082748,1
12960.00000000,0.00028299,0.00005727,0
12960.86666667,0.00026403,0.00003205,5
12960.88333333,0.00026793,0.00002747,5
12967.78333333,0.00037540,0.00001156,9
12970.00000000,0.00211871,0.00055214,0
12980.00000000,0.00039893,0.00009708,0
12980.46666667,0.00007676,0.00001154,3
12990.00000000,0.00223367,0.00055395,0
12993.66666667,0.00028154,0.00005162,3
12993.72500000,0.00018126,0.00002978,3
12993.75833333,0.00015031,0.00003769,0
13000.00833333,0.00014852,0.00002352,3
13006.26666667,0.00049563,0.00007344,3
13010.00000000,0.00255773,0.00062369,0
13015.00000000,0.00005221,0.00001188,0
13017.25000000,0.00278600,0.00052879,12
13017.28333333,0.00233977,0.00047258,0
13017.34166667,0.00282771,0.00028593,5
13018.30833333,0.00012700,0.00008683,8
13020.00000000,0.00045619,0.00009561,0
13021.60833333,0.00033607,0.00002097,9
13025.00000000,0.00026492,0.00002906,5
13025.52500000,0.00114468,0.00007749,5
13025.53333333,0.00111095,0.00007922,5
13025.62500000,0.00115851,0.00004603,9
13030.00000000,0.00278107,0.00067898,0
13033.09166667,0.00094768,0.00003984,9
13033.20000000,0.00080189,0.00003081,9
13037.06666667,0.00004093,0.00001982,4
13037.08333333,0.00004450,0.00002415,6
13040.00000000,0.00039452,0.00009951,0
13050.00000000,0.00267875,0.00070512,0
13060.00000000,0.00042344,0.00009306,0
13067.85833333,0.00050524,0.00008765,3
13067.88333333,0.00052618,0.00007697,3
13070.00000000,0.00294486,0.00071467,0
13075.00000000,0.00015521,0.00002063,3
13076.16666667,0.00006000,0.00001262,0
13076.17500000,0.00005831,0.00001352,0
13077.01666667,0.00023060,0.00002093,5
13077.06666667,0.00012833,0.00001413,5
13077.13333333,0.00026618,0.00002232,5
13080.00000000,0.00050581,0.00013156,0
13085.93333333,0.00054854,0.00011418,0
13087.11666667,0.00417679,0.00027033,9
13087.13333333,0.00395025,0.00028553,5
13087.20833333,0.00434703,0.00015202,9
13087.40833333,0.00229289,0.00014331,9
13087.43333333,0.00197783,0.00014972,5
13087.50000000,0.00225760,0.00007897,9
13090.00000000,0.00324842,0.00082347,0
13100.00000000,0.00074311,0.00013481,3
13102.87500000,0.00471394,0.00024589,9
13102.96666667,0.00539331,0.00015230,9
13108.55000000,0.00014108,0.00001825,3
13108.57500000,0.00014719,0.00001650,5
13110.00000000,0.00246503,0.00062436,0
13110.43333333,0.00353024,0.00246586,8
13112.24166667,0.00018688,0.00002261,5
13112.28333333,0.00020799,0.00002040,5
13112.95833333,0.00019814,0.00002845,3
13112.99166667,0.00016480,0.00001955,5
13113.75833333,0.00006847,0.00001359,12
13119.96666667,0.00023323,0.00006303,1
13120.00000000,0.00030556,0.00007483,0
13120.06666667,0.00011628,0.00001406,5
13125.00000000,0.00093787,0.00018942,0
13130.00000000,0.00209102,0.00051001,0
13140.00000000,0.00036571,0.00006135,3
13149.81666667,0.00014427,0.00003433,0
13149.85000000,0.00012197,0.00002553,0
13150.00000000,0.00232613,0.00062001,1
13160.00000000,0.00030345,0.00009071,1
13160.29166667,0.00003326,0.00002094,7
13169.13333333,0.00003898,0.00002152,6
13170.00000000,0.00228081,0.00057672,0
13175.00000000,0.00017850,0.00003765,0
13180.00000000,0.00015494,0.00002549,3
13190.00000000,0.00179932,0.00044650,0
13194.91666667,0.00163330,0.00013775,5
13194.93333333,0.00152268,0.00012376,5
13195.00000000,0.00159849,0.00008404,9
13200.00000000,0.00015295,0.00002209,3
13210.00000000,0.00146711,0.00035874,0
13219.08333333,0.00054003,0.00187628,26
13220.00000000,0.00011421,0.00001978,3
13221.45000000,0.00005547,0.00001311,0
13221.47500000,0.00005029,0.00001478,1
13221.90000000,0.00013710,0.00020956,17
13221.93333333,0.00016073,0.00015790,11
13226.41666667,0.00051718,0.00006075,5
13230.00000000,0.00149109,0.00039939,1
13240.00000000,0.00016547,0.00004577,1
13250.00000000,0.00150491,0.00037144,0
13260.00000000,0.00026757,0.00004702,3
13263.90000000,0.00012890,0.00001480,5
13270.00000000,0.00121860,0.00031969,0
13275.00000000,0.00019988,0.00003111,3
13280.00000000,0.00020509,0.00007020,2
13281.25000000,0.00020837,0.00004923,0
13290.00000000,0.00115948,0.00027731,0
13300.00000000,0.00041985,0.00010332,0
13303.31666667,0.00016450,0.00001754,5
13303.34166667,0.00015145,0.00001932,3
13310.00000000,0.00115728,0.00027997,0
13315.00833333,0.00004361,0.00001303,1
13320.00000000,0.00011633,0.00002327,12
13325.00000000,0.00029515,0.00003564,5
13330.00000000,0.00153211,0.00038863,0
13334.28333333,0.00228018,0.00128650,6
13340.00000000,0.00016924,0.00004612,1
13350.00000000,0.00173259,0.00036502,0
13360.00000000,0.00019864,0.00008340,4
13370.00000000,0.00203059,0.00049473,0
13375.00000000,0.00006253,0.00006546,14
13380.00000000,0.00028416,0.00004863,3
13390.00000000,0.00232611,0.00058736,0
13395.62500000,0.00006139,0.00002493,2
13400.00000000,0.00074156,0.00017570,0
13406.50833333,0.00080924,0.00003521,9
13406.53333333,0.00083646,0.00002594,9
13408.96666667,0.00016402,0.00001535,5
13408.97500000,0.00016510,0.00001502,5
13410.00000000,0.00269255,0.00068901,0
13420.00000000,0.00033699,0.00009617,1
13425.02500000,0.00003940,0.00001953,6
13430.00000000,0.00289694,0.00073368,0
13440.00000000,0.00042069,0.00007649,3
13449.32500000,0.00209343,0.00020901,5
13449.45000000,0.00381176,0.00021846,9
13449.47500000,0.00345412,0.00021111,9
13449.57500000,0.00193335,0.00007516,9
13450.00000000,0.00328172,0.00084974,0
13460.00000000,0.00030844,0.00010894,2
13470.00000000,0.00390055,0.00099743,0
13475.00000000,0.00004954,0.00004681,11
13476.55833333,0.00016362,0.00006107,2
13480.00000000,0.00040283,0.00008686,0
13490.00000000,0.00439967,0.00115344,0
13500.00000000,0.00056436,0.00020195,2
13510.00000000,0.00447728,0.00117553,0
13515.63333333,0.00009262,0.00001912,0
13519.00833333,0.00031958,0.00008705,1
13520.00000000,0.00058627,0.00011928,0
13525.00000000,0.00030497,0.00003451,5
13530.00000000,0.00420149,0.00112971,1
13540.00000000,0.00040422,0.00017435,4
13550.00000000,0.00351354,0.00097173,1
13560.00000000,0.00051614,0.00008204,3
13561.84166667,0.00007940,0.00002421,1
13561.88333333,0.00005685,0.00003152,6
13567.60000000,0.00003520,0.00001776,6
13570.00000000,0.00282832,0.00078325,1
13575.00000000,0.00010531,0.00003647,2
13580.00000000,0.00039051,0.00013367,2
13590.00000000,0.00251389,0.00068284,1
13593.75000000,0.00009029,0.00002535,1
13595.00000000,0.00004314,0.00001794,4
13600.00000000,0.00033046,0.00011425,2
13610.00000000,0.00261088,0.00070178,1
13610.20000000,0.00364983,0.00021486,9
13610.24166667,0.00239545,0.00018089,5
13610.30833333,0.00389151,0.00020546,9
13614.99166667,0.00006602,0.00001395,0
13620.00000000,0.00044486,0.00011677,0
13623.28333333,0.00019570,0.00006139,1
13624.40833333,0.00033618,0.00002659,5
13625.00000000,0.00007474,0.00007474,24
13626.35000000,0.00034877,0.00005647,3
13630.00000000,0.00242720,0.00069122,1
13640.00000000,0.00039884,0.00012553,1
13650.00000000,0.00234531,0.00047823,0
13652.77500000,0.00004685,0.00001563,16
13652.83333333,0.00005559,0.00002391,4
13652.87500000,0.00007327,0.00002322,1
13660.00000000,0.00033764,0.00012611,2
13670.00000000,0.00186859,0.00052558,1
13671.86666667,0.00015272,0.00004966,1
13671.87500000,0.00015718,0.00004954,1
13674.99166667,0.00009123,0.00004687,6
13680.00000000,0.00032792,0.00009025,1
13690.00000000,0.00176333,0.00050124,1
13698.45000000,0.00356481,0.00011223,9
13698.49166667,0.00284709,0.00008147,9
13698.55000000,0.00421655,0.00013847,9
13700.00000000,0.00019807,0.00006851,2
13708.37500000,0.00005949,0.00002582,4
13710.00000000,0.00152948,0.00045363,1
13720.00000000,0.00027352,0.00008664,1
13723.75833333,0.00009779,0.00003462,2
13723.81666667,0.00009558,0.00003187,16
13725.00000000,0.00010527,0.00005332,6
13730.00000000,0.00119217,0.00034851,1
13735.46666667,0.00006042,0.00001888,1
13735.53333333,0.00004751,0.00003198,15
13735.57500000,0.00005913,0.00001656,1
13739.60833333,0.00235281,0.00043476,3
13740.00000000,0.00018559,0.00004686,0
13749.80000000,0.00011099,0.00001423,3
13750.00000000,0.00198713,0.00003367,9
13757.36666667,0.00007557,0.00002044,1
13759.91666667,0.00003333,0.00002380,8
13760.00000000,0.00015310,0.00007431,22
13760.62500000,0.00007026,0.00001281,3
13764.68333333,0.00013603,0.00005123,2
13769.65000000,0.00027037,0.00001564,9
13770.00000000,0.00081847,0.00024703,1
13780.00000000,0.00020399,0.00005602,1
13787.05833333,0.00012256,0.00007130,7
13790.00000000,0.00065017,0.00021484,1
13793.58333333,0.00006751,0.00001384,0
13800.00000000,0.00043347,0.00012182,1
13809.03333333,0.00006920,0.00003702,6
13810.00000000,0.00065905,0.00018963,1
13816.35833333,0.00012128,0.00006377,6
13820.00000000,0.00019928,0.00006057,1
13822.29166667,0.00796191,0.00218687,1
13823.08333333,0.00053512,0.00005679,5
13824.88333333,0.00017264,0.00009643,6
13825.00000000,0.00024762,0.00004634,3
13830.00000000,0.00077721,0.00024344,1
13840.00000000,0.00017013,0.00004673,1
13841.60833333,0.00007014,0.00002238,1
13841.64166667,0.00005493,0.00002002,2
13850.00000000,0.00095784,0.00035744,2
13859.70833333,0.00257605,0.00004418,9
13859.72500000,0.00270597,0.00003835,9
13859.83333333,0.00256991,0.00012377,9
13859.99166667,0.00014341,0.00005663,2
13866.90000000,0.00005192,0.00003131,7
13867.18333333,0.00010115,0.00004084,2
13869.37500000,0.00039531,0.00017115,4
13870.00000000,0.00101065,0.00033479,16
13875.00000000,0.00007528,0.00006577,10
13879.99166667,0.00019606,0.00004425,0
13885.65833333,0.00039841,0.00002774,5
13885.69166667,0.00043198,0.00003033,5
13890.00000000,0.00095019,0.00031038,1
13891.72500000,0.00007563,0.00001197,3
13898.55000000,0.00042525,0.00005332,5
13900.00000000,0.00026375,0.00009623,2
13907.50833333,0.00469616,0.00020343,9
13910.00000000,0.00083834,0.00027342,1
13915.00000000,0.00005829,0.00001305,0
13919.64166667,0.00009234,0.00001904,0
13920.00000000,0.00011486,0.00003849,16
13920.81666667,0.00009670,0.00002350,0
13920.82500000,0.00009636,0.00002481,0
13925.00000000,0.00018965,0.00004664,0
13930.00000000,0.00081108,0.00027796,2
13935.00000000,0.00004376,0.00001422,1
13940.00000000,0.00017502,0.00004048,0
13942.46666667,0.00193766,0.00031318,3
13942.49166667,0.00208035,0.00026830,3
13950.00833333,0.00096946,0.00026283,1
13960.00833333,0.00010588,0.00005479,6
13970.00000000,0.00096197,0.00033263,2
13980.00000000,0.00011252,0.00003295,1
13988.46666667,0.00004135,0.00001258,1
13988.47500000,0.00004175,0.00001249,1
13990.00000000,0.00097284,0.00033640,2
14000.00000000,0.00107654,0.00032665,1
14010.00000000,0.00107160,0.00037872,2
14020.00000000,0.00007714,0.00003562,4
14025.00000000,0.00018893,0.00007041,2
14027.54166667,0.00013042,0.00001228,5
14030.00000000,0.00115634,0.00042022,2
14034.99166667,0.00004416,0.00001176,1
14039.96666667,0.00006037,0.00003790,7
14040.00000000,0.00007187,0.00003741,6
14040.92500000,0.00077234,0.00007259,5
14050.00000000,0.00118601,0.00040101,2
14051.99166667,0.00276374,0.00011451,9
14052.10833333,0.00304541,0.00022503,5
14060.00000000,0.00008135,0.00002068,0
14062.50000000,0.00085295,0.00034836,20
14068.26666667,0.00011827,0.00002025,3
14068.28333333,0.00012331,0.00001945,3
14070.00000000,0.00110917,0.00041901,2
14075.00833333,0.00009691,0.00002181,0
14080.00000000,0.00005712,0.00002849,6
14090.00000000,0.00105533,0.00039013,2
14100.00000000,0.00016263,0.00010671,7
14110.00000000,0.00098207,0.00037539,2
14114.99166667,0.00005935,0.00001364,0
14120.00000000,0.00008954,0.00002169,0
14124.99166667,0.00015495,0.00011593,8
14130.00000000,0.00091479,0.00033816,2
14135.00833333,0.00004307,0.00001511,2
14138.65833333,0.00024140,0.00001520,9
14140.00000000,0.00005778,0.00003645,7
14150.00000000,0.00073376,0.00030367,4
14160.00833333,0.00014217,0.00003048,0
14164.96666667,0.00051087,0.00001196,9
14165.01666667,0.00053164,0.00002177,9
14165.03333333,0.00054305,0.00002040,9
14170.00000000,0.00074323,0.00027043,2
14174.99166667,0.00014217,0.00001153,5
14180.00000000,0.00050011,0.00004939,5
14180.05833333,0.00046908,0.00001420,9
14180.08333333,0.00044085,0.00001343,9
14190.00000000,0.00063454,0.00026759,4
14200.00000000,0.00086010,0.00024742,1
14204.15833333,0.00018277,0.00006020,1
14204.17500000,0.00017674,0.00005973,16
14205.35000000,0.00031751,0.00001951,9
14210.00000000,0.00063376,0.00025500,2
14217.49166667,0.00057959,0.00032044,6
14220.00000000,0.00010955,0.00003562,1
14225.00000000,0.00006202,0.00001792,1
14230.00000000,0.00072953,0.00029086,2
14232.06666667,0.00011697,0.00001797,3
14232.08333333,0.00012928,0.00001645,3
14240.00000000,0.00008515,0.00004753,6
14250.00000000,0.00072941,0.00034350,4
14255.00833333,0.00008707,0.00002584,1
14255.61666667,0.00011577,0.00005363,4
14255.62500000,0.00011677,0.00005363,4
14259.99166667,0.00006998,0.00002977,4
14270.00000000,0.00082785,0.00035167,4
14271.05833333,0.00009265,0.00001273,3
14274.74166667,0.00132442,0.00012449,5
14274.85833333,0.00129818,0.00015971,5
14275.00000000,0.00009650,0.00001850,12
14280.00000000,0.00007910,0.00004737,7
14281.02500000,0.00211318,0.00012807,9
14281.03333333,0.00210013,0.00012914,9
14281.14166667,0.00197516,0.00017315,5
14283.38333333,0.00009181,0.00003363,2
14288.54166667,0.00025445,0.00002952,5
14290.00000000,0.00090702,0.00036372,2
14295.00833333,0.00010737,0.00003050,1
14296.99166667,0.00006575,0.00002098,1
14297.03333333,0.00005303,0.00002402,4
14300.00000000,0.00011548,0.00014811,13
14301.91666667,0.00007470,0.00001857,0
14302.70833333,0.00084228,0.00063330,8
14310.00000000,0.00085863,0.00035996,4
14315.00000000,0.00007659,0.00003232,4
14320.00000000,0.00015224,0.00006610,4
14325.00833333,0.00004639,0.00001925,4
14330.00000000,0.00077066,0.00033510,4
14335.02500000,0.00005850,0.00001775,1
14337.92500000,0.00006783,0.00002031,1
14337.95000000,0.00006149,0.00002108,2
14340.00000000,0.00009510,0.00004101,4
14350.00000000,0.00073362,0.00038283,6
14360.00000000,0.00011266,0.00003226,1
14360.32500000,0.00004907,0.00002464,6
14364.37500000,0.02490834,0.00253104,5
14364.45833333,0.01419800,0.00236836,3
14370.00000000,0.00075354,0.00033268,4
14375.00000000,0.00054228,0.00029136,6
14380.00000000,0.00012051,0.00005760,4
14385.39166667,0.00051488,0.00040168,10
14390.00000000,0.00074978,0.00031060,4
14395.00000000,0.00005189,0.00002846,6
14398.41666667,0.00224530,0.00003067,9
14398.44166667,0.00190882,0.00003179,9
14398.52500000,0.00219945,0.00008458,9
14398.53333333,0.00225605,0.00008333,9
14400.00000000,0.00037592,0.00026392,8
14410.00000000,0.00076925,0.00033093,4
14414.99166667,0.00009384,0.00003735,2
14416.61666667,0.00011202,0.00004223,2
14416.62500000,0.00011067,0.00004273,2
14417.21666667,0.00738731,0.00045627,9
14417.23333333,0.00768726,0.00045069,9
14417.31666667,0.00503512,0.00043998,5
14420.00000000,0.00014588,0.00004878,16
14424.01666667,0.00015925,0.00021405,27
14430.00000000,0.00081294,0.00036547,4
14433.31666667,0.00005628,0.00001568,1
14435.00000000,0.00005850,0.00001862,1
14440.00000000,0.00008665,0.00004392,6
14443.77500000,0.00007908,0.00004138,6
14450.00000000,0.00092708,0.00036729,2
14450.28333333,0.00026337,0.00001293,9
14455.00000000,0.00006186,0.00003125,6
14460.00000000,0.00007077,0.00003366,4
14469.48333333,0.00008405,0.00001320,3
14470.00000000,0.00081258,0.00036078,4
14475.00000000,0.00005828,0.00007699,13
14480.00000000,0.00010440,0.00005250,6
14490.00000000,0.00077383,0.00032820,4
14495.00000000,0.00012133,0.00004266,2
14500.00000000,0.00101250,0.00038493,2
14510.00000000,0.00066686,0.00026553,2
14515.00000000,0.00007350,0.00003184,4
14520.00000000,0.00009785,0.00004483,4
14520.67500000,0.00014560,0.00003265,0
14524.76666667,0.00093848,0.00003421,9
14524.78333333,0.00088769,0.00003067,9
14524.89166667,0.00073771,0.00002705,9
14530.00000000,0.00058948,0.00026642,4
14535.00000000,0.00006353,0.00002276,2
14540.00000000,0.00005027,0.00006415,13
14540.10833333,0.00004873,0.00001252,0
14550.00000000,0.00082131,0.00032329,2
14551.25000000,0.00105288,0.00003599,9
14551.36666667,0.00073144,0.00003435,9
14555.00000000,0.00004109,0.00001556,2
14560.00000000,0.00009625,0.00004253,4
14563.11666667,0.00007989,0.00002262,1
14563.13333333,0.00008417,0.00002156,0
14570.00000000,0.00080938,0.00034820,4
14571.50833333,0.00112988,0.00008354,5
14571.53333333,0.00096261,0.00007824,5
14571.63333333,0.00100926,0.00009610,5
14575.00000000,0.00010212,0.00002560,0
14577.46666667,0.00021757,0.00003653,3
14577.56666667,0.00010344,0.00001863,3
14577.58333333,0.00011255,0.00001977,3
14580.00000000,0.00008868,0.00004532,6
14580.25833333,0.00005713,0.00001240,0
14590.00000000,0.00094810,0.00039122,4
14595.00000000,0.00014991,0.00004437,1
14600.00000000,0.00109599,0.00040959,2
14605.99166667,0.00007818,0.00002062,0
14609.37500000,0.00003457,0.00001358,2
14610.00000000,0.00104639,0.00043360,4
14615.00000000,0.00014925,0.00005683,2
14620.00000000,0.00009806,0.00004299,4
14625.00000000,0.00010872,0.00004284,2
14630.00000000,0.00107441,0.00046003,4
14634.17500000,0.00186195,0.00006339,9
14634.25833333,0.00264421,0.00012404,9
14634.27500000,0.00249909,0.00013023,9
14635.00000000,0.00011837,0.00004686,2
14640.00000000,0.00012264,0.00003837,1
14648.44166667,0.00022691,0.00008458,2
14650.00000000,0.00112892,0.00048376,4
14655.00000000,0.00007012,0.00002215,1
14660.00000000,0.00009789,0.00005325,6
14669.92500000,0.00244658,0.00012876,9
14670.00000000,0.00219076,0.00045164,0
14670.05833333,0.00648127,0.00022757,9
14670.08333333,0.00697898,0.00009997,9
14675.00000000,0.00003996,0.00001857,4
14680.00000000,0.00007327,0.00003428,4
14690.00000000,0.00095438,0.00037593,2
14700.00000000,0.00039128,0.00015932,20
14710.00000000,0.00091698,0.00036552,2
14718.45000000,0.00004744,0.00002041,4
14718.47500000,0.00005243,0.00001807,2
14720.00000000,0.00004611,0.00002107,4
14729.36666667,0.00033167,0.00004705,3
14730.00000000,0.00083139,0.00031722,2
14740.00000000,0.00007909,0.00002821,2
14747.69166667,0.00028188,0.00002286,5
14747.76666667,0.00032612,0.00003006,5
14750.00000000,0.00098124,0.00042169,4
14754.12500000,0.00004510,0.00001420,1
14756.61666667,0.00013750,0.00001507,5
14756.63333333,0.00014263,0.00001309,5
14760.00000000,0.00006703,0.00002979,4
14765.61666667,0.00004085,0.00001161,1
14765.62500000,0.00003980,0.00001197,1
14770.00000000,0.00075941,0.00028025,2
14771.36666667,0.00004619,0.00001572,2
14771.39166667,0.00003901,0.00001787,4
14772.41666667,0.00441165,0.00012143,9
14772.46666667,0.00388610,0.00013013,9
14775.00000000,0.00005982,0.00002327,2
14780.00000000,0.00008787,0.00004166,4
14790.00000000,0.00061501,0.00025029,20
14790.71666667,0.00024886,0.00018975,8
14796.14166667,0.00003649,0.00001282,2
14800.00000000,0.00044061,0.00016944,2
14810.00000000,0.00053830,0.00022881,4
14820.00000000,0.00007088,0.00002940,4
14821.65000000,0.00052142,0.00007562,3
14821.67500000,0.00046168,0.00007626,3
14821.75833333,0.00073015,0.00009951,3
14825.00000000,0.00011792,0.00004321,2
14826.65833333,0.00141870,0.00006580,9
14826.67500000,0.00132273,0.00005888,9
14826.77500000,0.00147978,0.00009841,5
14827.92500000,0.00007123,0.00002729,2
14827.95833333,0.00008507,0.00002325,1
14830.00000000,0.00049542,0.00016642,16
14834.39166667,0.00035707,0.00001484,9
14843.75000000,0.00030641,0.00011845,2
14850.00000000,0.00026042,0.00019094,8
14854.11666667,0.00013538,0.00002236,3
14870.00000000,0.00039975,0.00013554,2
14870.88333333,0.00011331,0.00001539,3
14880.00000000,0.00005323,0.00002542,4
14886.56666667,0.00005201,0.00001517,1
14890.00000000,0.00039229,0.00013318,2
14892.52500000,0.00008324,0.00002463,1
14899.06666667,0.00050206,0.00006713,3
14899.09166667,0.00041613,0.00005507,3
14899.17500000,0.00061658,0.00009138,3
14900.00000000,0.00050487,0.00019460,2
14900.65000000,0.00007520,0.00001875,0
14900.67500000,0.00008294,0.00001398,3
14903.10833333,0.00006251,0.00001506,0
14904.61666667,0.00009823,0.00001840,3
14904.63333333,0.00009239,0.00001719,3
14905.91666667,0.00053458,0.00012257,0
14910.00000000,0.00027793,0.00009836,2
14913.15000000,0.00013065,0.00007108,6
14919.16666667,0.00005851,0.00002112,2
14920.00000000,0.00008008,0.00003200,2
14930.00000000,0.00024496,0.00009764,2
14934.99166667,0.00005172,0.00001580,1
14936.56666667,0.00005869,0.00001809,1
14936.59166667,0.00006753,0.00001870,1
14940.00000000,0.00011345,0.00003559,1
14942.63333333,0.00003967,0.00001943,6
14950.00000000,0.00038552,0.00007537,12
14955.86666667,0.00043234,0.00001959,9
14955.87500000,0.00044252,0.00001957,9
14960.00000000,0.00011736,0.00003788,1
14964.70833333,0.00035173,0.00005004,3
14967.80000000,0.00012415,0.00001938,3
14970.00000000,0.00023611,0.00008936,2
14973.74166667,0.00067872,0.00009314,3
14973.77500000,0.00054173,0.00008395,3
14973.85833333,0.00069814,0.00011302,3
14974.95833333,0.00044999,0.00003407,5
14975.10000000,0.05841319,0.00840168,3
14975.20000000,0.05806475,0.00829110,3
14975.37500000,0.00017976,0.00002205,5
14980.00000000,0.00016911,0.00006697,2
14984.73333333,0.00030634,0.00002439,5
14984.81666667,0.00020603,0.00001738,5
14984.85000000,0.00031445,0.00001688,9
14990.00000000,0.00023361,0.00009061,2
14995.00000000,0.00008050,0.00002118,0
14995.21666667,0.00006582,0.00001378,0
14995.22500000,0.00006435,0.00001265,12
14995.80833333,0.00007134,0.00001223,3
15000.00000000,0.00003792,0.00070714,-1
15000.08333333,0.00007810,0.00016367,21
15010.00000000,0.00026230,0.00007109,1
15014.55833333,0.00062188,0.00005741,5
15015.00000000,0.00006903,0.00001770,0
15017.30833333,0.00008864,0.00001728,12
15017.36666667,0.00014196,0.00001340,5
15017.40833333,0.00012008,0.00001333,5
15019.46666667,0.00008248,0.00002226,1
15019.50000000,0.00009795,0.00001963,12
15019.81666667,0.00006550,0.00001553,0
15019.83333333,0.00006834,0.00001305,12
15020.00000000,0.00019553,0.00007564,2
15021.72500000,0.00004448,0.00001766,2
15021.79166667,0.00005197,0.00004427,10
15021.82500000,0.00006137,0.00003596,7
15025.00000000,0.00006802,0.00003050,4
15030.00000000,0.00014736,0.00006927,4
15035.00000000,0.00008956,0.00003095,2
15039.05833333,0.00039887,0.00014221,2
15040.00000000,0.00023292,0.00006620,1
15042.35833333,0.00113188,0.00010729,5
15042.38333333,0.00087890,0.00010257,5
15042.47500000,0.00125125,0.00012322,5
15050.00000000,0.00021478,0.00005316,0
15051.13333333,0.00008510,0.00001462,3
15051.75000000,0.00005651,0.00001705,1
15051.77500000,0.00005396,0.00001988,2
15053.02500000,0.00075761,0.00012791,3
15053.03333333,0.00074726,0.00012820,3
15053.12500000,0.00086371,0.00013001,3
15055.00000000,0.00009602,0.00002287,0
15056.91666667,0.00011259,0.00001524,3
15060.00000000,0.00021678,0.00007405,2
15064.30833333,0.00028472,0.00001951,5
15064.32500000,0.00029736,0.00001813,9
15064.41666667,0.00026957,0.00001256,9
15064.43333333,0.00030506,0.00001609,9
15070.00000000,0.00019088,0.00004860,0
15074.99166667,0.00006774,0.00001969,1
15079.61666667,0.00014700,0.00001213,5
15080.00000000,0.00020018,0.00006325,1
15080.78333333,0.00006290,0.00001975,1
15080.91666667,0.00229748,0.00004235,9
15080.94166667,0.00197376,0.00003309,9
15081.04166667,0.00197004,0.00008126,9
15090.00000000,0.00018108,0.00006647,2
15099.92500000,0.00136777,0.00001193,9
15099.93333333,0.00135692,0.00001883,9
15100.00000000,0.00517500,0.00007271,9
15100.04166667,0.00778521,0.00004635,9
15100.10833333,0.00326960,0.00001566,29
15100.14166667,0.00314643,0.00001296,29
15110.00000000,0.00015185,0.00005878,2
15115.00000000,0.00006802,0.00001296,12
15120.00000000,0.00027006,0.00006161,0
15125.00000000,0.00272338,0.00242040,11
15128.46666667,0.00009146,0.00001377,3
15128.47500000,0.00009063,0.00001525,3
15130.00000000,0.00019841,0.00005745,1
15131.23333333,0.07854460,0.01077878,3
15131.33333333,0.10433960,0.01189563,5
15131.50833333,0.00027015,0.00002430,5
15135.00000000,0.00005147,0.00001992,2
15136.14166667,0.00023134,0.00001560,5
15136.99166667,0.00010957,0.00003774,2
15140.00000000,0.00024739,0.00008310,16
15140.45833333,0.00329241,0.00004548,9
15140.57500000,0.00201705,0.00004971,9
15142.94166667,0.02812415,0.00190528,5
15143.05833333,0.02433330,0.00192961,5
15144.88333333,0.00575600,0.00012227,9
15145.00000000,0.00206903,0.00020472,5
15145.11666667,0.00438764,0.00009486,9
15147.80833333,0.00064095,0.00002813,9
15147.91666667,0.00071743,0.00003283,9
15150.00000000,0.00050678,0.00007495,3
15150.66666667,0.00021267,0.00001154,9
15155.00000000,0.00007845,0.00001349,3
15158.72500000,0.02127599,0.00025508,9
15158.80833333,0.01648192,0.00063412,9
15158.84166667,0.02151163,0.00053459,9
15160.00000000,0.00025696,0.00004563,3
15165.00000000,0.00004656,0.00001336,1
15166.30000000,0.00005081,0.00002400,4
15170.00000000,0.00004362,0.00005056,14
15175.00000000,0.00012198,0.00002497,0
15180.00000000,0.00018339,0.00006357,2
15180.30833333,0.00121016,0.00008323,5
15180.32500000,0.00111597,0.00007904,5
15180.42500000,0.00063177,0.00008134,3
15180.43333333,0.00063475,0.00007910,5
15187.34166667,0.00007689,0.00001170,3
15190.00000000,0.00011817,0.00003613,1
15195.00000000,0.00017413,0.00005511,1
15196.83333333,0.00006406,0.00001312,0
15200.00000000,0.00059495,0.00015835,1
15210.00000000,0.00016404,0.00003589,0
15215.00000000,0.00010711,0.00002170,0
15220.00000000,0.00017599,0.00005602,1
15229.55833333,0.00039453,0.00001191,9
15229.58333333,0.00034858,0.00001339,9
15230.00000000,0.00012928,0.00003905,1
15234.37500000,0.00014372,0.00002261,3
15237.07500000,0.00009058,0.00001390,3
15240.00000000,0.00015564,0.00004871,1
15250.00000000,0.00037084,0.00015810,4
15253.69166667,0.00902225,0.00083535,5
15254.99166667,0.00003497,0.00001283,2
15260.00000000,0.00021161,0.00003964,3
15266.45833333,0.00006190,0.00001331,0
15270.00000000,0.00030329,0.00004803,3
15272.34166667,0.00229236,0.00015637,5
15272.45833333,0.00205741,0.00016801,5
15274.95833333,0.00009941,0.00002320,0
15274.99166667,0.00010710,0.00001426,3
15280.00000000,0.00014929,0.00003154,0
15290.00000000,0.00030748,0.00009699,1
15295.00000000,0.00012969,0.00002531,12
15300.00000000,0.00111507,0.00031837,1
15310.00000000,0.00022154,0.00008373,2
15310.65833333,0.03756140,0.00104509,9
15310.67500000,0.04008251,0.00095892,9
15310.79166667,0.04167093,0.00236369,9
15314.96666667,0.00004457,0.00001345,1
15315.00000000,0.00003717,0.00001534,4
15320.00000000,0.00013316,0.00002617,12
15325.00833333,0.00003315,0.00001957,7
15325.18333333,0.00007237,0.00001331,3
15330.00000000,0.00048256,0.00009020,3
15335.00000000,0.00006624,0.00002253,2
15350.00000000,0.00068795,0.00010137,3
15355.00000000,0.00009087,0.00001689,3
15360.00000000,0.00013592,0.00001405,5
15362.50000000,0.00013927,0.00001520,5
15364.16666667,0.00016863,0.00001511,5
15364.56666667,0.00030337,0.00008053,1
15364.60000000,0.00026081,0.00010223,2
15370.00000000,0.00040782,0.00010622,0
15375.00000000,0.00014419,0.00010373,8
15380.00000000,0.00016131,0.00003678,0
15385.00000000,0.00003608,0.00001826,6
15389.38333333,0.00009636,0.00001919,12
15389.79166667,0.00009964,0.00001499,3
15390.00000000,0.00056448,0.00013161,0
15395.00000000,0.00011909,0.00003574,1
15400.00000000,0.00116818,0.00024790,0
15405.00000000,0.00007866,0.00001811,0
15410.00000000,0.00042959,0.00009257,0
15414.41666667,0.00040815,0.00001241,9
15414.46666667,0.00031611,0.00002457,5
15414.47500000,0.00030376,0.00002502,5
15415.00000000,0.00007086,0.00002004,1
15420.00833333,0.00014234,0.00003621,0
15425.00000000,0.00007740,0.00009348,13
15429.68333333,0.00027411,0.00009610,2
15430.00000000,0.00039407,0.00012023,1
15435.00000000,0.00011792,0.00003515,1
15439.88333333,0.00022021,0.00001774,5
15439.95000000,0.00021228,0.00001553,5
15450.00000000,0.00075701,0.00023395,1
15454.99166667,0.00008967,0.00002271,0
15460.00000000,0.00006983,0.00002139,1
15460.30833333,0.00057964,0.00003204,9
15462.71666667,0.00107151,0.00003795,9
15470.00000000,0.00018779,0.00008702,4
15475.00000000,0.00010180,0.00002011,12
15480.00000000,0.00017135,0.00003945,0
15490.00000000,0.00033593,0.00007154,0
15495.70000000,0.00012154,0.00002733,0
15495.75833333,0.00008189,0.00004271,6
15500.00000000,0.00027424,0.00005922,0
15504.70833333,0.00004248,0.00001713,2
15504.75833333,0.00005330,0.00001671,1
15504.80833333,0.00004208,0.00002931,8
15510.00000000,0.00036276,0.00007474,0
15511.09166667,0.00036449,0.00022709,7
15520.00000000,0.00017023,0.00004782,1
15525.00000000,0.00009313,0.00001400,3
15530.00000000,0.00029696,0.00006633,0
15530.32500000,0.00004253,0.00001350,1
15540.00000000,0.00025710,0.00004122,3
15550.00000000,0.00048226,0.00014928,1
15556.15833333,0.00016962,0.00001374,5
15556.17500000,0.00015630,0.00001387,5
15556.25833333,0.00014738,0.00001306,5
15560.00000000,0.00024849,0.00005292,0
15568.02500000,0.00007925,0.00001180,3
15570.00000000,0.00034230,0.00006277,3
15571.81666667,0.00043944,0.00005049,5
15571.82500000,0.00044213,0.00005006,5
15580.00000000,0.00023339,0.00005003,0
15581.66666667,0.00100781,0.00018090,3
15581.70000000,0.00111446,0.00016960,3
15590.00000000,0.00027199,0.00005751,0
15600.00000000,0.00060728,0.00013681,0
15605.66666667,0.00197850,0.00073697,2
15605.68333333,0.00203132,0.00070484,2
15610.00000000,0.00025492,0.00005209,0
15620.00000000,0.00036706,0.00006631,3
15625.00000000,0.07890702,0.01910130,0
15625.15833333,0.00003914,0.00001234,1
15630.00000000,0.00024124,0.00004127,3
15633.49166667,0.00229541,0.00020968,5
15640.00000000,0.00034005,0.00006856,0
15644.30833333,0.00033827,0.00019733,7
15644.34166667,0.00029864,0.00022045,8
15650.00000000,0.00023707,0.00003581,3
15660.00000000,0.00031796,0.00006940,0
15669.99166667,0.00012204,0.00002585,0
15675.00000000,0.00011074,0.00002175,12
15680.00000000,0.00025751,0.00005232,0
15690.00000000,0.00004165,0.00001361,1
15700.00000000,0.00012443,0.00011341,11
15710.00000000,0.00009540,0.00001791,3
15719.65833333,0.00018739,0.00004609,0
15719.67500000,0.00018217,0.00004755,0
15720.00000000,0.00028748,0.00003824,3
15731.13333333,0.00145939,0.00007041,9
15731.25000000,0.00134807,0.00008055,9
15738.92500000,0.00279938,0.00065726,0
15740.00000000,0.00029571,0.00004437,3
15742.19166667,0.00005197,0.00003180,7
15745.20000000,0.00040888,0.00010609,0
15745.22500000,0.00035605,0.00010209,1
15745.28333333,0.00031310,0.00006887,0
15750.00000000,0.00009171,0.00002493,1
15754.23333333,0.00055033,0.00020750,2
15754.31666667,0.00049248,0.00014358,1
15760.00000000,0.00031561,0.00006117,12
15769.99166667,0.00013045,0.00001402,5
15775.00000000,0.00014529,0.00003897,1
15778.00000000,0.00005881,0.00001165,12
15780.00000000,0.00039144,0.00008444,0
15790.00000000,0.00007658,0.00001513,12
15795.00000000,0.00011155,0.00002100,3
15800.00000000,0.00065284,0.00013151,0
15810.00000000,0.00015976,0.00002135,3
15815.00000000,0.00017649,0.00002756,3
15818.92500000,0.00227513,0.00008733,9
15818.93333333,0.00228573,0.00008634,9
15819.05833333,0.00159134,0.00008163,9
15820.00000000,0.00059759,0.00009574,3
15825.00000000,0.00044073,0.00052949,13
15830.00000000,0.00018786,0.00003004,3
15835.00000000,0.00015916,0.00003028,12
15840.00000000,0.00062831,0.00010701,3
15850.00000000,0.00037683,0.00010836,1
15860.00000000,0.00066401,0.00011899,3
15865.00000000,0.00005176,0.00001531,1
15870.00000000,0.00021830,0.00003424,3
15874.95833333,0.00010800,0.00002128,12
15879.55833333,0.00023477,0.00005129,0
15880.00000000,0.00067327,0.00009620,3
15885.40833333,0.00196212,0.00056133,1
15885.43333333,0.00209214,0.00050173,0
15890.00000000,0.00023438,0.00002947,5
15894.02500000,0.00008172,0.00001311,3
15895.00000000,0.00026523,0.00004423,3
15900.00000000,0.00054584,0.00005429,5
15910.00000000,0.00017960,0.00004089,0
15915.00000000,0.00014812,0.00002907,12
15920.00000000,0.00060160,0.00007737,3
15930.00000000,0.00023311,0.00004267,3
15935.00000000,0.00010265,0.00001459,3
15939.21666667,0.00022825,0.00002838,5
15939.25000000,0.00016843,0.00002008,5
15939.33333333,0.00012472,0.00003995,1
15940.00000000,0.00051008,0.00008409,3
15960.00000000,0.00045521,0.00008177,3
15970.00000000,0.00019406,0.00004503,0
15975.01666667,0.00008214,0.00001285,3
15980.00000000,0.00051940,0.00006832,3
15990.00000000,0.00028324,0.00004210,3
16000.00000000,0.00097827,0.00015778,3
16010.00000000,0.00029889,0.00004252,3
16015.00833333,0.00008136,0.00001525,3
16015.61666667,0.00016383,0.00002607,3
16015.62500000,0.00016216,0.00002637,3
16020.00000000,0.00044649,0.00006680,3
16030.00000000,0.00024458,0.00005079,0
16032.24166667,0.00048611,0.00001652,9
16032.36666667,0.00033677,0.00001302,9
16032.90000000,0.00072743,0.00002659,9
16033.02500000,0.00059557,0.00003257,9
16040.00000000,0.00039278,0.00005014,3
16050.00000000,0.00058770,0.00010296,3
16060.00000000,0.00025500,0.00004053,3
16070.00000000,0.00026690,0.00005204,12
16075.00000000,0.00014791,0.00001206,5
16080.00000000,0.00022117,0.00002915,3
16090.00000000,0.00028321,0.00004088,3
16091.15833333,0.00011656,0.00001880,3
16091.17500000,0.00012275,0.00001730,3
16091.25833333,0.00003942,0.00002403,7
16091.29166667,0.00006130,0.00002661,4
16100.00000000,0.00052271,0.00005385,5
16106.95000000,0.00027754,0.00002042,5
16107.06666667,0.00013006,0.00001653,3
16108.91666667,0.00060426,0.00002442,9
16109.04166667,0.00051320,0.00002766,9
16110.00000000,0.00024489,0.00004752,12
16118.66666667,0.00070643,0.00006645,5
16118.72500000,0.00044980,0.00005016,5
16125.00000000,0.00026688,0.00015952,7
16130.00000000,0.00036257,0.00004350,5
16143.30833333,0.00005563,0.00004260,8
16150.00000000,0.00018853,0.00007848,4
16155.33333333,0.00075710,0.00035665,4
16170.00000000,0.00034628,0.00006399,3
16180.00000000,0.00011622,0.00001251,5
16190.00000000,0.00044433,0.00006642,3
16198.24166667,0.00004085,0.00001275,1
16200.00000000,0.00073201,0.00009883,3
16210.00000000,0.00037494,0.00005660,3
16210.94166667,0.00047216,0.00007768,3
16220.00000000,0.00034889,0.00005177,3
16230.00000000,0.00027257,0.00005381,12
16235.43333333,0.00198258,0.00111953,6
16240.00000000,0.00031390,0.00007071,0
16250.00000000,0.00075241,0.00016157,0
16253.24166667,0.00079746,0.00001885,9
16253.36666667,0.00067496,0.00002716,9
16260.00000000,0.00038520,0.00005855,3
16270.00000000,0.00021306,0.00003437,3
16274.80000000,0.00025750,0.00003711,3
16274.91666667,0.00015463,0.00005384,2
16280.00000000,0.00040890,0.00007017,3
16290.00000000,0.00017938,0.00001983,5
16295.00833333,0.00008463,0.00001266,3
16300.00000000,0.00050866,0.00013195,0
16310.00000000,0.00018894,0.00002666,3
16320.00000000,0.00034095,0.00006532,12
16325.00000000,0.00014916,0.00002543,3
16329.50000000,0.00063590,0.00003280,9
16329.61666667,0.00031781,0.00002678,5
16329.62500000,0.00032709,0.00002583,5
16330.00000000,0.00014961,0.00002033,3
16340.00000000,0.00034064,0.00004576,3
16344.06666667,0.00012773,0.00065658,25
16344.08333333,0.00012037,0.00067614,25
16346.90000000,0.00011894,0.00008831,8
16350.00000000,0.00044026,0.00006852,3
16351.41666667,0.00031754,0.00002401,5
16360.00000000,0.00033818,0.00005542,3
16370.00000000,0.00007435,0.00001220,3
16375.00833333,0.00004342,0.00001756,2
16380.00000000,0.00030962,0.00006714,0
16400.00000000,0.00028529,0.00006519,0
16406.25000000,0.00021833,0.00004080,3
16420.00000000,0.00040867,0.00006571,3
16425.00000000,0.00015621,0.00003875,0
16440.00000000,0.00037228,0.00007843,0
16450.00000000,0.00007053,0.00002603,2
16459.28333333,0.00127301,0.00052584,4
16460.00000000,0.00050203,0.00008624,3
16470.00000000,0.00012696,0.00001896,3
16475.00000000,0.00003634,0.00004451,13
16480.00000000,0.00056333,0.00011323,0
16490.00833333,0.00009502,0.00001238,3
16500.00000000,0.00072017,0.00021600,1
16510.00000000,0.00010256,0.00001820,3
16520.00000000,0.00066869,0.00013022,12
16530.00833333,0.00009469,0.00001987,0
16540.00000000,0.00075997,0.00015433,0
16550.00000000,0.00071392,0.00013223,3
16560.00000000,0.00076524,0.00016748,0
16562.99166667,0.00004753,0.00001161,0
16570.00000000,0.00009959,0.00002366,0
16574.99166667,0.00004899,0.00002800,18
16580.00000000,0.00089766,0.00018950,0
16590.00000000,0.00011045,0.00002345,0
16600.00000000,0.00105143,0.00021497,0
16601.55833333,0.00019361,0.00003812,12
16610.00000000,0.00009029,0.00002144,0
16615.00000000,0.00010380,0.00002053,12
16620.00000000,0.00098498,0.00021568,0
16625.00000000,0.00012877,0.00001295,5
16629.99166667,0.00005833,0.00001812,1
16635.00000000,0.00009163,0.00002034,0
16640.00000000,0.00098065,0.00021051,0
16644.00833333,0.00016441,0.00004505,1
16650.00000000,0.00083490,0.00011284,3
16655.00833333,0.00009140,0.00002398,0
16660.00000000,0.00093082,0.00021970,0
16670.00000000,0.00011950,0.00002947,0
16680.00000000,0.00087958,0.00022005,0
16690.00000000,0.00009046,0.00002941,1
16695.00000000,0.00009780,0.00002029,0
16700.00000000,0.00065028,0.00016260,0
16709.99166667,0.00007523,0.00002076,1
16715.00000000,0.00006585,0.00001621,0
16720.00000000,0.00066230,0.00016721,0
16730.00000000,0.00008635,0.00001876,0
16740.00000000,0.00056769,0.00013835,0
16748.26666667,0.00006935,0.00001571,0
16748.27500000,0.00006967,0.00001567,0
16750.00000000,0.00029394,0.00009467,1
16751.34166667,0.00017651,0.00001610,5
16760.00000000,0.00051257,0.00012950,0
16770.00000000,0.00012402,0.00003121,0
16775.00833333,0.00006982,0.00002132,1
16780.00000000,0.00057398,0.00015095,0
16790.00000000,0.00011944,0.00002591,0
16795.00000000,0.00005954,0.00001574,-1
16800.00000000,0.00084773,0.00020918,0
16810.00000000,0.00010294,0.00003748,2
16820.00000000,0.00081630,0.00021396,0
16825.98333333,0.00005474,0.00006799,13
16830.00000000,0.00018264,0.00003823,0
16840.00000000,0.00082385,0.00024098,1
16848.75000000,0.00007232,0.00001586,0
16850.00000000,0.00035060,0.00014477,4
16860.00000000,0.00078657,0.00023427,1
16864.60833333,0.00455121,0.00069152,3
16868.19166667,0.00003571,0.00003341,11
16870.00000000,0.00015418,0.00005141,16
16875.00000000,0.00060619,0.00015227,0
16880.00000000,0.00087121,0.00025585,1
16889.67500000,0.00016421,0.00005086,1
16890.00000000,0.00014946,0.00003821,0
16900.00000000,0.00078526,0.00023073,1
16910.00000000,0.00016433,0.00005019,1
16912.05833333,0.00013558,0.00007080,6
16915.00000000,0.00005175,0.00001591,1
16920.00000000,0.00078504,0.00027119,2
16930.00000000,0.00017052,0.00006512,2
16933.95000000,0.00006079,0.00001288,0
16935.00000000,0.00005903,0.00001815,1
16940.00000000,0.00086623,0.00027763,1
16941.35833333,0.00012766,0.00006399,6
16947.29166667,0.00377571,0.00115521,1
16948.09166667,0.00023645,0.00002467,5
16949.86666667,0.00004701,0.00003712,10
16950.00000000,0.00079443,0.00021587,1
16954.99166667,0.00006570,0.00002478,2
16960.00000000,0.00081361,0.00025936,1
16965.03333333,0.00008480,0.00001961,0
16965.07500000,0.00007623,0.00002021,1
16965.12500000,0.00008635,0.00001764,0
16970.00000000,0.00014813,0.00004186,1
16975.00833333,0.00007915,0.00003195,2
16980.00000000,0.00063375,0.00023778,2
16990.00000000,0.00010541,0.00004113,2
16994.37500000,0.00015361,0.00003981,0
16995.00000000,0.00012185,0.00003496,1
17000.00000000,0.00068690,0.00023625,2
17010.00000000,0.00014821,0.00004689,1
17015.00000000,0.00012221,0.00003979,1
17020.00000000,0.00040472,0.00017451,4
17030.00000000,0.00013515,0.00003747,1
17032.50833333,0.00370306,0.00016346,9
17035.00833333,0.00008282,0.00002899,2
17040.00000000,0.00032256,0.00010200,1
17045.80833333,0.00004904,0.00002085,4
17045.83333333,0.00004207,0.00002312,6
17050.00000000,0.00012929,0.00008513,7
17060.00000000,0.00029921,0.00012717,4
17070.00000000,0.00010266,0.00005222,6
17075.00833333,0.00005306,0.00001267,0
17080.00000000,0.00025933,0.00009142,2
17090.00000000,0.00010932,0.00002007,3
17100.00000000,0.00016050,0.00010193,7
17110.00000000,0.00003647,0.00003754,14
17120.00000000,0.00027822,0.00010912,2
17125.00000000,0.00018009,0.00021316,13
17130.00000000,0.00009191,0.00001976,0
17140.00000000,0.00028658,0.00012992,4
17150.00000000,0.00024254,0.00010388,4
17160.00000000,0.00033797,0.00013464,2
17180.00000000,0.00035050,0.00016056,4
17187.50000000,0.00047025,0.00013806,1
17190.00000000,0.00006908,0.00001772,0
17200.00000000,0.00042761,0.00017732,4
17210.00000000,0.00004328,0.00002706,7
17220.00000000,0.00044846,0.00020141,4
17225.00000000,0.00015815,0.00005125,1
17240.00000000,0.00050119,0.00023510,4
17250.00000000,0.00041776,0.00032774,10
17260.00000000,0.00053617,0.00027157,6
17280.00000000,0.00056470,0.00028567,6
17300.00000000,0.00058888,0.00030399,6
17310.00833333,0.00006342,0.00003553,6
17313.78333333,0.00004849,0.00001226,0
17320.00000000,0.00063915,0.00034887,6
17323.12500000,0.00005633,0.00001224,0
17323.13333333,0.00005603,0.00001258,0
17325.00000000,0.00007995,0.00004887,7
17329.15000000,0.00010684,0.00002454,0
17329.99166667,0.00008705,0.00004867,6
17340.00000000,0.00067890,0.00036094,6
17342.49166667,0.00099034,0.00054926,6
17350.00000000,0.00007622,0.00007530,11
17360.00000000,0.00065745,0.00036772,6
17370.00000000,0.00008882,0.00005125,7
17373.46666667,0.00029730,0.00001374,9
17373.48333333,0.00031128,0.00001325,9
17375.00000000,0.00003798,0.00003987,14
17380.00000000,0.00068775,0.00036737,6
17380.62500000,0.00011216,0.00006915,7
17382.80833333,0.00005984,0.00005970,11
17390.00833333,0.00009094,0.00005130,6
17400.00000000,0.00065206,0.00032970,6
17408.35833333,0.00009054,0.00001977,0
17408.38333333,0.00008496,0.00002197,0
17410.00000000,0.00011675,0.00005929,6
17420.00000000,0.00056250,0.00032546,7
17425.10000000,0.00008575,0.00005788,15
17426.90833333,0.00008523,0.00005935,8
17427.70833333,0.00115447,0.00198283,19
17430.00000000,0.00011547,0.00006767,7
17433.61666667,0.00004705,0.00001496,1
17433.63333333,0.00004517,0.00001573,2
17440.00000000,0.00050445,0.00032010,7
17450.00000000,0.00019009,0.00012010,7
17456.40000000,0.00009871,0.00001237,5
17460.00000000,0.00046512,0.00026856,7
17462.94166667,0.00010487,0.00008170,10
17468.69166667,0.00421206,0.00013280,9
17468.81666667,0.00336566,0.00034209,5
17470.00833333,0.00007954,0.00005635,8
17480.00000000,0.00037655,0.00023234,7
17485.32500000,0.00015369,0.00008431,6
17489.36666667,0.00039583,0.00003723,5
17489.38333333,0.00040434,0.00003599,5
17490.00000000,0.00006948,0.00004284,7
17500.00000000,0.00070427,0.00006568,5
17509.99166667,0.00006612,0.00002731,4
17510.39166667,0.00108404,0.00105353,11
17520.00000000,0.00033246,0.00022561,8
17525.00000000,0.00006961,0.00008810,13
17530.00000000,0.00008966,0.00004510,6
17540.00000000,0.00042346,0.00026591,7
17541.60833333,0.00014269,0.00002858,12
17541.63333333,0.00015404,0.00002544,3
17549.01666667,0.00006477,0.00007669,13
17550.00000000,0.00013004,0.00005347,20
17560.00000000,0.00045129,0.00028681,7
17568.75000000,0.00004955,0.00001447,1
17568.80000000,0.00004535,0.00002012,4
17568.84166667,0.00005194,0.00001623,1
17570.00000000,0.00005780,0.00004875,10
17578.12500000,0.00007486,0.00004197,6
17580.00000000,0.00041660,0.00028476,8
17590.00000000,0.00008769,0.00006940,10
17594.46666667,0.00009608,0.00001286,3
17594.48333333,0.00010015,0.00001234,5
17600.00000000,0.00052077,0.00038438,8
17610.00000000,0.00009991,0.00007383,8
17620.00000000,0.00067578,0.00043554,7
17630.00000000,0.00009399,0.00006208,15
17640.00000000,0.00068242,0.00043445,7
17645.67500000,0.00648082,0.00059151,5
17645.80833333,0.00637081,0.00041211,9
17650.00000000,0.00012152,0.00002557,0
17660.00000000,0.00065583,0.00042151,7
17663.68333333,0.00037290,0.00001822,9
17663.78333333,0.00029347,0.00001858,9
17664.99166667,0.00245689,0.00041294,3
17665.11666667,0.00213909,0.00039985,3
17669.17500000,0.00049884,0.00003269,5
17669.29166667,0.00034570,0.00003479,5
17669.46666667,0.00060500,0.00004883,5
17669.56666667,0.00053710,0.00005232,5
17669.57500000,0.00054362,0.00005220,5
17670.00000000,0.00009076,0.00006817,8
17680.00000000,0.00058780,0.00040023,8
17688.12500000,0.00011546,0.00002609,0
17688.13333333,0.00011484,0.00002480,0
17690.00000000,0.00009473,0.00002880,1
17690.19166667,0.00099775,0.00012036,5
17690.31666667,0.00087077,0.00012998,3
17700.00000000,0.00073707,0.00037621,6
17702.46666667,0.00014018,0.00001799,3
17710.00000000,0.00007675,0.00008111,14
17720.00000000,0.00080234,0.00050575,7
17725.00000000,0.00014547,0.00007532,6
17730.00000000,0.00011286,0.00006973,7
17740.00000000,0.00072595,0.00044695,7
17750.00000000,0.00006437,0.00001754,1
17760.00000000,0.00060094,0.00038251,7
17775.00000000,0.00004101,0.00002093,6
17780.00000000,0.00056509,0.00034630,7
17790.00000000,0.00008309,0.00006436,10
17794.93333333,0.00004166,0.00001158,1
17800.00000000,0.00049051,0.00027177,6
17810.00000000,0.00008126,0.00004029,6
17820.00000000,0.00055190,0.00031221,18
17825.00000000,0.00007838,0.00002727,2
17830.00833333,0.00003364,0.00003287,11
17840.00000000,0.00043454,0.00025066,7
17850.00000000,0.00017242,0.00011423,15
17854.37500000,0.00029003,0.00004749,3
17860.00833333,0.00267893,0.00017293,9
17860.14166667,0.00198814,0.00027391,3
17870.00000000,0.00010250,0.00006082,7
17875.00000000,0.00005253,0.00001336,0
17880.00000000,0.00042059,0.00024098,18
17890.00000000,0.00009647,0.00004660,4
17900.00000000,0.00035169,0.00019213,6
17910.00000000,0.00003441,0.00004580,13
17915.72500000,0.00012686,0.00017834,17
17920.00000000,0.00019378,0.00013442,8
17925.00000000,0.00009749,0.00006229,7
17930.00000000,0.00005736,0.00002986,6
17940.00000000,0.00013033,0.00007161,6
17950.00000000,0.00023916,0.00022743,11
17960.00000000,0.00009084,0.00003070,16
17968.75000000,0.00050872,0.00029857,7
17970.00000000,0.00009741,0.00007745,10
17975.00000000,0.00006639,0.00001506,0
17979.10833333,0.00018538,0.00002814,3
17980.00000000,0.00012004,0.00008319,8
17990.00000000,0.00011864,0.00004083,2
